scene;step;sensor;robot;measure_x;measure_y;robot_x;robot_y
0;0;0;0;167.01046647794453;42.754448778004054;144.27959797418555;71.23680492630001
0;0;1;0;159.7299284302402;98.70366234609146;144.27959797418555;71.23680492630001
0;0;2;1;399.01556242303894;171.3487551106241;420.89486821801967;166.8655149409983
0;0;3;1;424.03561593174095;191.3176112927524;420.89486821801967;166.8655149409983
0;0;4;1;402.59634611471273;138.69068658681704;420.89486821801967;166.8655149409983
0;0;5;1;435.7561745922739;179.4633982847721;420.89486821801967;166.8655149409983
0;0;6;2;54.19299068231175;131.2118335016787;72.63995579708373;148.7740017533297
0;0;7;2;94.27204571480992;162.38245698848618;72.63995579708373;148.7740017533297
0;0;8;2;59.862743337558165;166.76079996389203;72.63995579708373;148.7740017533297
0;0;9;3;128.05825502415448;194.63292578152718;145.52915319240705;173.80220777269216
0;0;10;3;121.50131408706568;176.83404519285145;145.52915319240705;173.80220777269216
0;0;11;3;157.34377488419145;152.91671920837905;145.52915319240705;173.80220777269216
0;0;12;4;34.82204511251761;112.62834162891822;56.87336932852074;93.65162725810418
0;0;13;4;39.95429509797109;74.73042750092478;56.87336932852074;93.65162725810418
0;0;14;4;83.69543901811876;74.32150376894712;56.87336932852074;93.65162725810418
0;1;0;0;128.90530656528045;63.00587670861489;105.45955286810215;80.88066815436619
0;1;1;0;120.7675949257443;112.47696934166134;105.45955286810215;80.88066815436619
0;1;2;1;436.676539365875;190.02971080787702;457.6751809757466;182.58838342749812
0;1;3;1;462.0510444231971;212.61865744799775;457.6751809757466;182.58838342749812
0;1;4;1;451.77648888924057;161.953277029239;457.6751809757466;182.58838342749812
0;1;5;1;469.81633720976185;196.61644702979353;457.6751809757466;182.58838342749812
0;1;6;2;39.44792772591974;167.31776856348085;52.667033740025644;183.43063725798706
0;1;7;2;77.08915700629635;194.07119608539003;52.667033740025644;183.43063725798706
0;1;8;2;35.96492819965065;203.8452194878631;52.667033740025644;183.43063725798706
0;1;9;3;152.60714962661183;155.0749059785867;168.3179959160726;140.92868275154416
0;1;10;3;139.83854748327454;148.35620392827553;168.3179959160726;140.92868275154416
0;1;11;3;177.28294199596678;119.43215614875217;168.3179959160726;140.92868275154416
0;1;12;4;6.202240969072865;76.539676168364;26.6870640107268;67.40687594930105
0;1;13;4;11.861853357169963;48.43640997486347;26.6870640107268;67.40687594930105
0;1;14;4;58.50928786500566;61.322831942025424;26.6870640107268;67.40687594930105
0;2;0;0;87.25177609153276;76.36752858074888;66.63950776201875;90.52453138243237
0;2;1;0;73.28712851751808;119.599740497243;66.63950776201875;90.52453138243237
0;2;2;1;470.27763238654774;204.30370523030473;494.4554937334736;198.31125191399792
0;2;3;1;494.1164460278551;225.64487639338466;494.4554937334736;198.31125191399792
0;2;4;1;480.3928182380355;178.81808323841946;494.4554937334736;198.31125191399792
0;2;5;1;509.1686612004534;216.54755507516865;494.4554937334736;198.31125191399792
0;2;6;2;29.978679529025168;204.1338837732196;32.69411168296753;218.0872727626444
0;2;7;2;55.719592733430105;220.4495984614826;32.69411168296753;218.0872727626444
0;2;8;2;24.71308606266183;233.65354660956757;32.69411168296753;218.0872727626444
0;2;9;3;176.5079534717999;125.7185627997664;191.10683863973813;108.05515773039616
0;2;10;3;175.34399815636544;114.38819468652378;191.10683863973813;108.05515773039616
0;2;11;3;207.6107377775969;87.28948346954576;191.10683863973813;108.05515773039616
0;2;12;4;-25.743082635115016;63.39161755024338;-3.499241307067125;41.16212464049786
0;2;13;4;-20.868266692153576;17.21169535005275;-3.499241307067125;41.16212464049786
0;2;14;4;26.929704137994268;34.681779550501275;-3.499241307067125;41.16212464049786
0;3;0;0;44.71938915683221;67.17745466975497;27.81946265593529;100.16839461049855
0;3;1;0;41.991372221861475;122.50959729470047;27.81946265593529;100.16839461049855
0;3;2;1;506.2550545322656;216.16781351947924;531.2358064912006;214.03412040049773
0;3;3;1;547.8937172763272;238.7250177732564;531.2358064912006;214.03412040049773
0;3;4;1;524.6432098991199;196.4766909461557;531.2358064912006;214.03412040049773
0;3;5;1;548.8736157538403;230.22907430074844;531.2358064912006;214.03412040049773
0;3;6;2;-2.259471849892571;225.79519818911623;12.721189625909421;252.74390826730175
0;3;7;2;30.673182391582014;263.19998983858;12.721189625909421;252.74390826730175
0;3;8;2;-4.640091793826376;261.4069565993071;12.721189625909421;252.74390826730175
0;3;9;3;190.39358157490008;94.60997560707209;213.89568136340367;75.18163270924816
0;3;10;3;183.70804188465084;78.9594935459133;213.89568136340367;75.18163270924816
0;3;11;3;222.082000573023;43.04268083271037;213.89568136340367;75.18163270924816
0;3;12;4;-62.3601984464467;33.66111269593599;-33.685546624861054;14.917373331694657
0;3;13;4;-50.93609753022357;-14.122687927964176;-33.685546624861054;14.917373331694657
0;3;14;4;-6.099293325781097;3.7770363517152177;-33.685546624861054;14.917373331694657
0;4;0;0;13.748229074635393;75.27970177102826;-11.000582450148146;109.81225783856473
0;4;1;0;5.043922028619162;130.38381407833865;-11.000582450148146;109.81225783856473
0;4;2;1;537.9542067755166;229.84367716814126;568.0161192489276;229.75698888699753
0;4;3;1;582.934315346563;257.63240518246215;568.0161192489276;229.75698888699753
0;4;4;1;556.195298085466;206.1508980390436;568.0161192489276;229.75698888699753
0;4;5;1;585.7299219815299;254.03873306868522;568.0161192489276;229.75698888699753
0;4;6;2;-15.782403510419142;273.80941888628035;-7.2517324311486755;287.40054377195935
0;4;7;2;6.4049402500107675;291.8603869398305;-7.2517324311486755;287.40054377195935
0;4;8;2;-23.03927710529425;291.9197151600566;-7.2517324311486755;287.40054377195935
0;4;9;3;214.69314940550487;63.20046624590467;236.6845240870692;42.308107688100165
0;4;10;3;216.67874427629187;30.935210797807123;236.6845240870692;42.308107688100165
0;4;11;3;247.16419034156408;17.201547009437935;236.6845240870692;42.308107688100165
0;4;12;4;-80.67371517350155;11.187026891195572;-63.87185194265499;-11.327377977108528
0;4;13;4;-81.9923645666959;-44.40847326597634;-63.87185194265499;-11.327377977108528
0;4;14;4;-32.65351769776474;-14.474604385876358;-63.87185194265499;-11.327377977108528
0;5;0;0;-27.91804944381124;101.4013102810878;-49.8206275562316;119.45612106663091
0;5;1;0;-31.361198711165116;152.85350933279253;-49.8206275562316;119.45612106663091
0;5;2;1;587.7369381395707;246.23884853019078;604.7964320066545;245.47985737349734
0;5;3;1;604.3510183720344;265.42536280453845;604.7964320066545;245.47985737349734
0;5;4;1;595.5129705662049;218.20502803086055;604.7964320066545;245.47985737349734
0;5;5;1;622.3302184170382;271.3006839409087;604.7964320066545;245.47985737349734
0;5;6;2;-36.960998547324984;308.8230233429822;-27.22465448820678;322.057179276617
0;5;7;2;-13.091994980208522;339.1001211907386;-27.22465448820678;322.057179276617
0;5;8;2;-45.35730652812242;337.3977578238739;-27.22465448820678;322.057179276617
0;5;9;3;236.54552748907838;24.292266573339152;259.4733668107347;9.434582666952188
0;5;10;3;238.3488789143717;11.818424649673567;259.4733668107347;9.434582666952188
0;5;11;3;271.47349062507476;-20.1068287646179;259.4733668107347;9.434582666952188
0;5;12;4;-108.76048129691296;-17.71210862548282;-94.05815726044892;-37.57212928591173
0;5;13;4;-101.29600391592201;-55.6435533431204;-94.05815726044892;-37.57212928591173
0;5;14;4;-73.05685467397012;-41.22205313471786;-94.05815726044892;-37.57212928591173
0;6;0;0;-65.22191604549121;102.86553903725067;-88.64067266231503;129.09998429469712
0;6;1;0;-74.1878784412167;154.4100883294475;-88.64067266231503;129.09998429469712
0;6;2;1;609.0079609256662;266.04312023747275;641.5767447643815;261.20272585999714
0;6;3;1;652.8063347009862;284.91063380265786;641.5767447643815;261.20272585999714
0;6;4;1;623.2283230989755;236.8901265558647;641.5767447643815;261.20272585999714
0;6;5;1;659.3939833770828;275.13815324263527;641.5767447643815;261.20272585999714
0;6;6;2;-55.45147412639104;353.5359159655684;-47.197576545264894;356.7138147812746
0;6;7;2;-24.95277534329432;368.99964745243966;-47.197576545264894;356.7138147812746
0;6;8;2;-54.656345629442185;371.8546433108189;-47.197576545264894;356.7138147812746
0;6;9;3;263.33978388895434;-5.875386860648979;282.26220953440026;-23.438942354195785
0;6;10;3;260.6605581773383;-22.51878435350094;282.26220953440026;-23.438942354195785
0;6;11;3;304.1885870574406;-39.95527303799058;282.26220953440026;-23.438942354195785
0;6;12;4;-147.56164887380388;-50.30623732526894;-124.24446257824286;-63.81688059471493
0;6;13;4;-136.92113934654535;-87.39860308383926;-124.24446257824286;-63.81688059471493
0;6;14;4;-98.44817914963706;-76.96744079156929;-124.24446257824286;-63.81688059471493
0;7;0;0;-112.12132146444982;122.6710965630332;-127.46071776839842;138.74384752276345
0;7;1;0;-112.023712249831;169.00361412451952;-127.46071776839842;138.74384752276345
0;7;2;1;644.5430852436696;277.48008390127177;678.3570575221084;276.92559434649695
0;7;3;1;689.3968457547529;295.13546019808456;678.3570575221084;276.92559434649695
0;7;4;1;674.7223062339854;253.1822735915609;678.3570575221084;276.92559434649695
0;7;5;1;699.0481771551028;290.2741424994011;678.3570575221084;276.92559434649695
0;7;6;2;-88.66600582587569;373.35692966600874;-67.170498602323;391.37045028593224
0;7;7;2;-54.225744842894414;405.12279042297763;-67.170498602323;391.37045028593224
0;7;8;2;-73.5819035074652;402.46067931525107;-67.170498602323;391.37045028593224
0;7;9;3;280.40246146444474;-30.661863576154794;305.0510522580658;-56.31246737534377
0;7;10;3;281.75210611152534;-47.86421079381364;305.0510522580658;-56.31246737534377
0;7;11;3;321.01119894716436;-80.15099366094275;305.0510522580658;-56.31246737534377
0;7;12;4;-180.36530325566505;-67.96267312635992;-154.4307678960368;-90.06163190351806
0;7;13;4;-160.52541127478847;-104.26970589909445;-154.4307678960368;-90.06163190351806
0;7;14;4;-124.1121640370869;-93.22954606081953;-154.4307678960368;-90.06163190351806
0;8;0;0;-142.49413844953844;119.84866653325082;-166.28076287448184;148.38771075082977
0;8;1;0;-154.24539636186392;187.05099036550314;-166.28076287448184;148.38771075082977
0;8;2;1;691.4769862094234;291.5268870631686;715.1373702798354;292.64846283299676
0;8;3;1;723.2957963415708;314.9065016047609;715.1373702798354;292.64846283299676
0;8;4;1;716.2201835079123;272.52841431013144;715.1373702798354;292.64846283299676
0;8;5;1;728.88976035762;315.84816652764664;715.1373702798354;292.64846283299676
0;8;6;2;-97.93632531238919;410.6841402300703;-87.14342065938104;426.02708579058987
0;8;7;2;-57.617333410052076;434.661911930622;-87.14342065938104;426.02708579058987
0;8;8;2;-109.17521731728223;443.89466603817914;-87.14342065938104;426.02708579058987
0;8;9;3;303.4577521246264;-71.73984319654049;327.83989498173133;-89.18599239649177
0;8;10;3;293.283748791148;-78.33475281478368;327.83989498173133;-89.18599239649177
0;8;11;3;343.12533913781914;-113.98792541200221;327.83989498173133;-89.18599239649177
0;8;12;4;-200.09201774765137;-94.89161034913458;-184.61707321383074;-116.3063832123212
0;8;13;4;-208.84580979379672;-137.9105290725786;-184.61707321383074;-116.3063832123212
0;8;14;4;-152.23548145639924;-115.10324811415745;-184.61707321383074;-116.3063832123212
0;9;0;0;-188.8729953229345;127.6402767588622;-205.10080798056524;158.0315739788961
0;9;1;0;-183.8826084250228;193.94616096933547;-205.10080798056524;158.0315739788961
0;9;2;1;731.9676695230729;308.74101661785835;751.9176830375624;308.37133131949656
0;9;3;1;761.6222247791501;330.76870564481226;751.9176830375624;308.37133131949656
0;9;4;1;745.027824422572;288.2018348815014;751.9176830375624;308.37133131949656
0;9;5;1;771.2882897324737;332.0175135671131;751.9176830375624;308.37133131949656
0;9;6;2;-127.71006622996542;452.240493205581;-107.11634271643908;460.6837212952475
0;9;7;2;-95.26954379211595;470.0905774524254;-107.11634271643908;460.6837212952475
0;9;8;2;-111.92849037853404;478.93568997190806;-107.11634271643908;460.6837212952475
0;9;9;3;337.38671446330534;-98.30293144006544;350.6287377053969;-122.05951741763977
0;9;10;3;325.6283118232696;-122.83993788929565;350.6287377053969;-122.05951741763977
0;9;11;3;353.08581146551694;-157.68677168363752;350.6287377053969;-122.05951741763977
0;9;12;4;-236.064628277889;-129.61970186122602;-214.80337853162467;-142.55113452112434
0;9;13;4;-233.94549997850356;-164.1414262985105;-214.80337853162467;-142.55113452112434
0;9;14;4;-186.2201922697032;-153.65229267213647;-214.80337853162467;-142.55113452112434
0;10;0;0;-223.10212954726913;138.89094464435826;-243.92085308664863;167.6754372069624
0;10;1;0;-228.53128122633728;197.7434215874333;-243.92085308664863;167.6754372069624
0;10;2;1;762.4512984601065;329.9081454352326;788.6979957952893;324.09419980599637
0;10;3;1;793.5939534749867;344.23158742980394;788.6979957952893;324.09419980599637
0;10;4;1;787.1024216720369;299.3335065259904;788.6979957952893;324.09419980599637
0;10;5;1;810.8785487667425;346.8682810264211;788.6979957952893;324.09419980599637
0;10;6;2;-142.94479675861783;481.74584633918374;-127.08926477349712;495.3403567999051
0;10;7;2;-111.9088811668123;505.82266237079324;-127.08926477349712;495.3403567999051
0;10;8;2;-141.2209356947734;514.8006216326788;-127.08926477349712;495.3403567999051
0;10;9;3;350.21290343469525;-136.60845948662407;373.4175804290624;-154.93304243878777
0;10;10;3;348.834298326894;-156.8044260826386;373.4175804290624;-154.93304243878777
0;10;11;3;380.4021209269023;-175.36526764533943;373.4175804290624;-154.93304243878777
0;10;12;4;-270.76961899375664;-152.72284517821538;-244.9896838494186;-168.79588582992747
0;10;13;4;-267.08177328448846;-185.02922541106074;-244.9896838494186;-168.79588582992747
0;10;14;4;-219.28373695493818;-174.41727391741037;-244.9896838494186;-168.79588582992747
0;11;0;0;-258.96232421248436;156.0230206793969;-282.74089819273206;177.31930043502874
0;11;1;0;-265.3591446018633;213.77629063661857;-282.74089819273206;177.31930043502874
0;11;2;1;803.2422151896648;341.42637343456425;825.4783085530163;339.8170682924962
0;11;3;1;832.5856132120291;366.4277461184768;825.4783085530163;339.8170682924962
0;11;4;1;810.1342674154014;323.59965627502464;825.4783085530163;339.8170682924962
0;11;5;1;841.7276177669318;365.6776330114307;825.4783085530163;339.8170682924962
0;11;6;2;-161.09972085762922;507.29281165098814;-147.06218683055516;529.9969923045625
0;11;7;2;-126.3741052203727;550.047373052792;-147.06218683055516;529.9969923045625
0;11;8;2;-166.42120816453078;548.9090938440646;-147.06218683055516;529.9969923045625
0;11;9;3;368.72637473676303;-175.5513743185475;396.20642315272795;-187.80656745993576
0;11;10;3;370.18521607988686;-189.16636861919068;396.20642315272795;-187.80656745993576
0;11;11;3;394.6148171423844;-217.03126366555634;396.20642315272795;-187.80656745993576
0;11;12;4;-298.7286302027292;-182.9425879223345;-275.1759891672124;-195.0406371387306
0;11;13;4;-294.75541575368527;-226.11631975090015;-275.1759891672124;-195.0406371387306
0;11;14;4;-245.87630192736006;-202.07011655072918;-275.1759891672124;-195.0406371387306
0;12;0;0;-298.4433971191147;156.26282017804837;-321.56094329881546;186.96316366309506
0;12;1;0;-307.49690385880916;217.01538599007452;-321.56094329881546;186.96316366309506
0;12;2;1;836.3776527599296;372.74875165348607;862.2586213107433;355.539936778996
0;12;3;1;865.0061092018058;374.9477169699219;862.2586213107433;355.539936778996
0;12;4;1;850.2522555299345;325.8252780320727;862.2586213107433;355.539936778996
0;12;5;1;879.922495634443;376.4046861643681;862.2586213107433;355.539936778996
0;12;6;2;-181.97250732421054;549.3804097434808;-167.0351088876132;564.6536278092195
0;12;7;2;-149.45574078256857;576.1750477806899;-167.0351088876132;564.6536278092195
0;12;8;2;-173.61521405580754;575.3415320814693;-167.0351088876132;564.6536278092195
0;12;9;3;398.24520625148745;-211.5996492713773;418.9952658763935;-220.68009248108376
0;12;10;3;391.1539803004435;-218.9543756108382;418.9952658763935;-220.68009248108376
0;12;11;3;433.4776936024721;-236.24919590995302;418.9952658763935;-220.68009248108376
0;12;12;4;-332.4891140314494;-201.15233616344162;-305.36229448500603;-221.28538844753373
0;12;13;4;-317.37083199276645;-239.21547114072845;-305.36229448500603;-221.28538844753373
0;12;14;4;-281.83098123976924;-231.34899671120925;-305.36229448500603;-221.28538844753373
0;13;0;0;-331.5045537226018;178.5601204762297;-360.38098840489886;196.60702689116138
0;13;1;0;-346.1035294784645;222.55950952637465;-360.38098840489886;196.60702689116138
0;13;2;1;879.3610855571382;367.74684105295086;899.0389340684702;371.2628052654958
0;13;3;1;911.6990366757022;409.00175053143363;899.0389340684702;371.2628052654958
0;13;4;1;887.8753175308769;343.6439969002981;899.0389340684702;371.2628052654958
0;13;5;1;918.646261784139;397.79046472520616;899.0389340684702;371.2628052654958
0;13;6;2;-193.2252822133899;585.2829449852901;-187.00803094467125;599.3102633138766
0;13;7;2;-166.42376359643444;618.026794624262;-187.00803094467125;599.3102633138766
0;13;8;2;-194.90126423628442;617.387526265652;-187.00803094467125;599.3102633138766
0;13;9;3;421.98622697374435;-230.67820598368957;441.784108600059;-253.55361750223176
0;13;10;3;424.1068287655743;-247.01420450045694;441.784108600059;-253.55361750223176
0;13;11;3;447.8566215225019;-278.75566672450265;441.784108600059;-253.55361750223176
0;13;12;4;-358.70124169285197;-223.98234937934967;-335.5485998027997;-247.53013975633687
0;13;13;4;-368.22971133796966;-272.2489186416632;-335.5485998027997;-247.53013975633687
0;13;14;4;-313.896591375893;-247.28790809394374;-335.5485998027997;-247.53013975633687
0;14;0;0;-379.3568848353357;177.48121432110656;-399.20103351098226;206.2508901192277
0;14;1;0;-389.1963451450655;234.47817008978163;-399.20103351098226;206.2508901192277
0;14;2;1;912.5261694897263;385.3255170816368;935.8192468261972;386.9856737519956
0;14;3;1;937.8762676428689;409.84121552726253;935.8192468261972;386.9856737519956
0;14;4;1;927.3980603430555;355.0833677343744;935.8192468261972;386.9856737519956
0;14;5;1;952.5066137129841;403.70358056853854;935.8192468261972;386.9856737519956
0;14;6;2;-214.5009058203974;618.2649310449589;-206.9809530017293;633.9668988185337
0;14;7;2;-190.69688863196436;644.6333997417829;-206.9809530017293;633.9668988185337
0;14;8;2;-222.65550590025865;645.3479311809291;-206.9809530017293;633.9668988185337
0;14;9;3;440.3994183079689;-271.19336163874425;464.57295132372457;-286.42714252337976
0;14;10;3;427.75128097656494;-286.5761000762603;464.57295132372457;-286.42714252337976
0;14;11;3;479.3525881839905;-305.8693143377348;464.57295132372457;-286.42714252337976
0;14;12;4;-387.1916336274218;-248.21598251208894;-365.73490512059334;-273.7748910651402
0;14;13;4;-383.6375430982133;-303.2466913303836;-365.73490512059334;-273.7748910651402
0;14;14;4;-330.16389484077627;-285.19398579432533;-365.73490512059334;-273.7748910651402
0;15;0;0;-416.24994069122965;188.28535920318106;-438.02107861706565;215.89475334729403
0;15;1;0;-426.80497728211185;246.94602617243092;-438.02107861706565;215.89475334729403
0;15;2;1;946.5148155236903;408.94875559666553;972.5995595839241;402.7085422384954
0;15;3;1;975.7674947434456;424.48749586728525;972.5995595839241;402.7085422384954
0;15;4;1;962.9908683763574;382.67507983218206;972.5995595839241;402.7085422384954
0;15;5;1;999.4620389192276;431.0060109143799;972.5995595839241;402.7085422384954
0;15;6;2;-245.62931974395917;664.0919831635206;-226.95387505878733;668.6235343231907
0;15;7;2;-209.85328796223283;679.756584361143;-226.95387505878733;668.6235343231907
0;15;8;2;-244.32398407452217;682.7110242767021;-226.95387505878733;668.6235343231907
0;15;9;3;459.41208056508276;-300.7346263851853;487.3617940473901;-319.30066754452776
0;15;10;3;460.11264035841026;-314.1378757484787;487.3617940473901;-319.30066754452776
0;15;11;3;496.2940224974184;-343.7014812097929;487.3617940473901;-319.30066754452776
0;15;12;4;-421.2718473516417;-276.4173145112266;-395.921210438387;-300.0196423739436
0;15;13;4;-410.1087418423501;-322.2678541617387;-395.921210438387;-300.0196423739436
0;15;14;4;-362.8385966739675;-305.9341501820618;-395.921210438387;-300.0196423739436
0;16;0;0;-463.576743755504;198.27634075427991;-476.84112372314905;225.53861657536035
0;16;1;0;-445.740696638912;251.75171060495302;-476.84112372314905;225.53861657536035
0;16;2;1;991.9667561915123;418.8561239505689;1009.3798723416511;418.4314107249952
0;16;3;1;1012.7175768087994;444.00496956405914;1009.3798723416511;418.4314107249952
0;16;4;1;999.0998609582394;391.6131749715006;1009.3798723416511;418.4314107249952
0;16;5;1;1027.6664950314303;429.2953424879594;1009.3798723416511;418.4314107249952
0;16;6;2;-255.26739357234746;686.1628206885655;-246.92679711584537;703.2801698278478
0;16;7;2;-227.84589296726173;711.4994522812485;-246.92679711584537;703.2801698278478
0;16;8;2;-265.8651636243725;718.75302998308;-246.92679711584537;703.2801698278478
0;16;9;3;490.0459607562667;-333.791556131862;510.15063677105564;-352.17419256567575
0;16;10;3;478.76368931552605;-355.1600420414518;510.15063677105564;-352.17419256567575
0;16;11;3;524.4474250981827;-369.60982778128647;510.15063677105564;-352.17419256567575
0;16;12;4;-439.35036599086493;-309.20559289696627;-426.10751575618065;-326.264393682747
0;16;13;4;-438.3489114214425;-348.99325368443596;-426.10751575618065;-326.264393682747
0;16;14;4;-400.6780466266002;-332.5301600916565;-426.10751575618065;-326.264393682747
0;17;0;0;-496.9031344229785;219.2225170663759;-515.6611688292325;235.18247980342667
0;17;1;0;-502.4287264461403;268.82212993988975;-515.6611688292325;235.18247980342667
0;17;2;1;1018.8242749219755;435.6938302790923;1046.1601850993789;434.154279211495
0;17;3;1;1054.9617122235413;457.09085976197036;1046.1601850993789;434.154279211495
0;17;4;1;1034.424242763157;413.287501394201;1046.1601850993789;434.154279211495
0;17;5;1;1069.1854371112051;461.12270972598964;1046.1601850993789;434.154279211495
0;17;6;2;-279.76983059996525;720.0781341700385;-266.8997191729036;737.9368053325048
0;17;7;2;-247.15814713684756;746.4246116845388;-266.8997191729036;737.9368053325048
0;17;8;2;-283.6813098403372;746.2847900660497;-266.8997191729036;737.9368053325048
0;17;9;3;510.5203857999426;-373.91374643774344;532.9394794947211;-385.04771758682375
0;17;10;3;511.02882211524104;-380.11964172691006;532.9394794947211;-385.04771758682375
0;17;11;3;547.8094858774081;-401.03196685914946;532.9394794947211;-385.04771758682375
0;17;12;4;-483.3900405016537;-329.90637980662814;-456.2938210739743;-352.50914499155044
0;17;13;4;-477.55076701070965;-381.514375446426;-456.2938210739743;-352.50914499155044
0;17;14;4;-427.9539581511019;-359.0214934583354;-456.2938210739743;-352.50914499155044
0;18;0;0;-526.860320363541;216.7772312351293;-554.4812139353158;244.826343031493
0;18;1;0;-539.7512614368762;273.82121645810184;-554.4812139353158;244.826343031493
0;18;2;1;1053.625921295619;444.0559927354089;1082.940497857107;449.8771476979948
0;18;3;1;1088.199784487931;481.89057433324723;1082.940497857107;449.8771476979948
0;18;4;1;1078.5280628169717;420.1118368537603;1082.940497857107;449.8771476979948
0;18;5;1;1098.0474062538158;462.05222977912973;1082.940497857107;449.8771476979948
0;18;6;2;-296.659327388115;749.4888662507419;-286.8726412299619;772.5934408371619
0;18;7;2;-265.2720708246018;789.4293920715477;-286.8726412299619;772.5934408371619
0;18;8;2;-297.86886052478854;794.2405002776311;-286.8726412299619;772.5934408371619
0;18;9;3;529.4415254835124;-402.0243276724581;555.7283222183867;-417.92124260797175
0;18;10;3;524.8170669827646;-416.49207052217696;555.7283222183867;-417.92124260797175
0;18;11;3;568.1638945306112;-442.48688615843434;555.7283222183867;-417.92124260797175
0;18;12;4;-516.3594123155447;-359.92889866381915;-486.48012639176795;-378.75389630035386
0;18;13;4;-511.41816221189873;-402.8846169803342;-486.48012639176795;-378.75389630035386
0;18;14;4;-458.9135397005697;-383.32355387626654;-486.48012639176795;-378.75389630035386
0;19;0;0;-572.6521210723872;233.04795514118823;-593.3012590413992;254.47020625955932
0;19;1;0;-573.415912815826;288.6342820072769;-593.3012590413992;254.47020625955932
0;19;2;1;1097.6754067667625;462.3251108870128;1119.720810614835;465.6000161844946
0;19;3;1;1132.2004976573526;480.2981232960558;1119.720810614835;465.6000161844946
0;19;4;1;1113.7629189017525;439.58484494708944;1119.720810614835;465.6000161844946
0;19;5;1;1140.0374550449462;483.5382651526491;1119.720810614835;465.6000161844946
0;19;6;2;-318.18716427906793;796.037515237663;-306.84556328702024;807.250076341819
0;19;7;2;-282.2360364477042;816.8465015154851;-306.84556328702024;807.250076341819
0;19;8;2;-324.67682500038563;822.7583478500356;-306.84556328702024;807.250076341819
0;19;9;3;553.1156372157345;-439.59781525045383;578.5171649420522;-450.79476762911975
0;19;10;3;547.3450578640158;-446.2997750221487;578.5171649420522;-450.79476762911975
0;19;11;3;592.1739248062388;-483.83543906958386;578.5171649420522;-450.79476762911975
0;19;12;4;-534.8373334995775;-386.26368092869166;-516.6664317095617;-404.9986476091573
0;19;13;4;-537.1335045838634;-429.02316514797656;-516.6664317095617;-404.9986476091573
0;19;14;4;-494.7168002876858;-410.5554929531728;-516.6664317095617;-404.9986476091573
1;0;0;0;406.04739914868907;263.6113799557799;379.81256239393633;287.89519653262835
1;0;1;0;398.2501836055299;320.50408610959727;379.81256239393633;287.89519653262835
1;0;2;1;89.70570372585854;338.38848279828517;119.6275347155102;342.8989220747934
1;0;3;1;122.8852907568687;368.58760942694744;119.6275347155102;342.8989220747934
1;0;4;1;115.01935389320467;319.6068341343636;119.6275347155102;342.8989220747934
1;0;5;1;141.70270910014443;362.11065690862273;119.6275347155102;342.8989220747934
1;0;6;2;251.03533700283626;331.07923583661375;258.46295510055467;347.0832291430396
1;0;7;2;274.8090380316416;351.99133621753464;258.46295510055467;347.0832291430396
1;0;8;2;244.57207327692603;354.1830616577219;258.46295510055467;347.0832291430396
1;0;9;3;255.06098757943403;129.06480897120542;282.75376445765147;110.27039929990896
1;0;10;3;256.13050409681927;116.89168704570885;282.75376445765147;110.27039929990896
1;0;11;3;293.69389562830133;90.01414955511137;282.75376445765147;110.27039929990896
1;0;12;4;416.46893950603544;395.31436696734914;436.9388421079037;374.0945348733014
1;0;13;4;410.7694825435656;350.1165890561744;436.9388421079037;374.0945348733014
1;0;14;4;462.3161923089376;362.01196148005994;436.9388421079037;374.0945348733014
1;1;0;0;383.2773902006708;300.28114828856764;362.59152729489347;323.99832590000506
1;1;1;0;379.11341953384846;353.0068928407147;362.59152729489347;323.99832590000506
1;1;2;1;115.85808841371403;311.96379964634053;145.73008123138607;312.58956600465353
1;1;3;1;155.07012555183903;332.8529138976961;145.73008123138607;312.58956600465353
1;1;4;1;137.4019544165962;284.08917255421136;145.73008123138607;312.58956600465353
1;1;5;1;164.67574585277043;331.59911585521223;145.73008123138607;312.58956600465353
1;1;6;2;253.49294817562867;367.2248096391976;273.72332916017155;384.05782831004285
1;1;7;2;300.89001370437603;392.2756136995677;273.72332916017155;384.05782831004285
1;1;8;2;252.15304970340014;393.23973919993574;273.72332916017155;384.05782831004285
1;1;9;3;231.27107225479728;128.99579071493451;243.55822217999702;118.25222024256423
1;1;10;3;223.13556031077832;123.27665912378757;243.55822217999702;118.25222024256423
1;1;11;3;245.83362970207813;92.08450729497847;243.55822217999702;118.25222024256423
1;1;12;4;456.3934552234765;403.8288765908294;475.4638780392662;384.85657959014065
1;1;13;4;459.66178169519526;356.2662488678761;475.4638780392662;384.85657959014065
1;1;14;4;502.06444957157237;371.96667098530105;475.4638780392662;384.85657959014065
1;2;0;0;365.17392593053216;327.69983091329595;345.3704921958506;360.10145526738177
1;2;1;0;353.4710914873023;386.125739554319;345.3704921958506;360.10145526738177
1;2;2;1;146.42120195991285;267.8325709841216;171.83262774726188;282.28020993451366
1;2;3;1;182.04279729017614;305.01547698604423;171.83262774726188;282.28020993451366
1;2;4;1;167.48856702003184;263.5868995272722;171.83262774726188;282.28020993451366
1;2;5;1;177.13735390903335;309.8448759668808;171.83262774726188;282.28020993451366
1;2;6;2;279.62920749000256;408.4745719639595;288.9837032197884;421.0324274770461
1;2;7;2;302.9118092255184;433.20701715248634;288.9837032197884;421.0324274770461
1;2;8;2;271.16163409845313;445.69461072023796;288.9837032197884;421.0324274770461
1;2;9;3;186.25991145208465;140.13019835016306;204.36267990234256;126.23404118521951
1;2;10;3;178.58068759925524;134.75472196788832;204.36267990234256;126.23404118521951
1;2;11;3;214.9675804173152;96.86596531618721;204.36267990234256;126.23404118521951
1;2;12;4;491.37253465914347;411.46026014148026;513.9889139706287;395.6186243069799
1;2;13;4;495.7045265898492;382.03197115234354;513.9889139706287;395.6186243069799
1;2;14;4;536.1577225802486;391.51307677742466;513.9889139706287;395.6186243069799
1;3;0;0;360.48776523322533;371.68312633656785;328.14945709680774;396.2045846347585
1;3;1;0;343.1594196695266;434.31970865976365;328.14945709680774;396.2045846347585
1;3;2;1;166.79036734832133;251.21537949756888;197.9351742631377;251.97085386437374
1;3;3;1;202.17859717627195;273.11935672398954;197.9351742631377;251.97085386437374
1;3;4;1;197.93064771112194;219.07209710211302;197.9351742631377;251.97085386437374
1;3;5;1;218.5292143054234;275.47872278445277;197.9351742631377;251.97085386437374
1;3;6;2;282.21812113131966;444.07705568123697;304.2440772794053;458.00702664404935
1;3;7;2;320.0886541620341;467.4132642260414;304.2440772794053;458.00702664404935
1;3;8;2;290.6451124774486;477.5638587581977;304.2440772794053;458.00702664404935
1;3;9;3;143.73315359446636;146.86010253408494;165.1671376246881;134.2158621278747
1;3;10;3;141.26378897898707;139.09335568509726;165.1671376246881;134.2158621278747
1;3;11;3;173.54554458595095;110.57467956753251;165.1671376246881;134.2158621278747
1;3;12;4;526.922146100177;426.78133246110497;552.5139499019912;406.3806690238191
1;3;13;4;536.9299852971234;387.58117866365546;552.5139499019912;406.3806690238191
1;3;14;4;578.8510425119093;402.43067734730573;552.5139499019912;406.3806690238191
1;4;0;0;331.8898726223368;410.038627154895;310.9284219977649;432.3077140021352
1;4;1;0;324.773897676442;456.32954154887955;310.9284219977649;432.3077140021352
1;4;2;1;197.99519463159052;213.10609817111018;224.0377207790135;221.66149779423358
1;4;3;1;227.13897212299412;246.6601419192406;224.0377207790135;221.66149779423358
1;4;4;1;211.91040810016153;198.0458379724123;224.0377207790135;221.66149779423358
1;4;5;1;245.31701804054794;241.25743160028634;224.0377207790135;221.66149779423358
1;4;6;2;303.6238447263876;475.8491812637818;319.5044513390222;494.9816258110526
1;4;7;2;342.6738127211375;506.5591267086552;319.5044513390222;494.9816258110526
1;4;8;2;305.66388134459976;508.81520485568393;319.5044513390222;494.9816258110526
1;4;9;3;108.67328477592916;158.75561873534693;125.97159534703367;142.19768307052982
1;4;10;3;106.36493323257339;158.58624495811927;125.97159534703367;142.19768307052982
1;4;11;3;139.103974707614;113.10538188730209;125.97159534703367;142.19768307052982
1;4;12;4;570.0155123408222;439.59521384471566;591.0389858333536;417.14271374065834
1;4;13;4;575.7794296990662;389.06588813050263;591.0389858333536;417.14271374065834
1;4;14;4;624.7446308580135;407.4524427865469;591.0389858333536;417.14271374065834
1;5;0;0;327.9605106474573;442.93067658335474;293.707386898722;468.4108433695119
1;5;1;0;297.22020394877666;499.81249617686655;293.707386898722;468.4108433695119
1;5;2;1;224.4163858474586;192.93063063110148;250.14026729488933;191.35214172409343
1;5;3;1;254.16270008243325;217.6183564343882;250.14026729488933;191.35214172409343
1;5;4;1;240.2712605266143;171.4527252763492;250.14026729488933;191.35214172409343
1;5;5;1;259.40368704136085;206.687671394188;250.14026729488933;191.35214172409343
1;5;6;2;320.0643570720386;519.3706447692529;334.76482539863906;531.9562249780562
1;5;7;2;360.0742909976556;542.7612363926752;334.76482539863906;531.9562249780562
1;5;8;2;322.81682847962657;547.0203654583424;334.76482539863906;531.9562249780562
1;5;9;3;73.56997618591791;170.5315263454793;86.77605306937936;150.17950401318495
1;5;10;3;63.30319567322585;153.29137556206015;86.77605306937936;150.17950401318495
1;5;11;3;107.15426978293563;119.65786455025089;86.77605306937936;150.17950401318495
1;5;12;4;603.4482571633112;440.96249721741725;629.5640217647161;427.90475845749756
1;5;13;4;607.1722086929271;397.38998044544786;629.5640217647161;427.90475845749756
1;5;14;4;659.5161304927395;430.53062998575217;629.5640217647161;427.90475845749756
1;6;0;0;299.28384934578816;483.4796570364495;276.48635179967914;504.5139727368886
1;6;1;0;288.834095859524;539.1180204333928;276.48635179967914;504.5139727368886
1;6;2;1;250.98220138719174;156.77438346135716;276.24281381076514;161.04278565395327
1;6;3;1;283.91712752305796;188.85541656899622;276.24281381076514;161.04278565395327
1;6;4;1;260.90139658736035;142.89082955178102;276.24281381076514;161.04278565395327
1;6;5;1;285.8193455483923;182.8501764973011;276.24281381076514;161.04278565395327
1;6;6;2;338.9720470180529;542.9717983696098;350.02519945825594;568.93082414506
1;6;7;2;369.4868124162418;576.7664430991573;350.02519945825594;568.93082414506
1;6;8;2;327.33634744531406;579.798025874848;350.02519945825594;568.93082414506
1;6;9;3;24.081464106794424;173.8707398142623;47.58051079172501;158.1613249558401
1;6;10;3;19.88184475822201;164.09608206941795;47.58051079172501;158.1613249558401
1;6;11;3;59.182848148965135;137.7337194785153;47.58051079172501;158.1613249558401
1;6;12;4;639.6318084951396;456.602105750518;668.0890576960786;438.6668031743368
1;6;13;4;648.4937334932029;416.9848833508608;668.0890576960786;438.6668031743368
1;6;14;4;699.1292313114038;432.33664829625224;668.0890576960786;438.6668031743368
1;7;0;0;269.86760641986126;504.0774585611065;259.2653167006363;540.6171021042658
1;7;1;0;279.3219074244071;563.7870288361829;259.2653167006363;540.6171021042658
1;7;2;1;278.0423632436703;122.57748577662801;302.34536032664096;130.73342958381312
1;7;3;1;312.4369684165214;158.43203765710092;302.34536032664096;130.73342958381312
1;7;4;1;302.5082956367394;118.21497541897136;302.34536032664096;130.73342958381312
1;7;5;1;314.2363069036777;157.93462564358668;302.34536032664096;130.73342958381312
1;7;6;2;356.8881459901196;596.7949661471708;365.2855735178728;605.9054233120638
1;7;7;2;381.2918110101978;616.2480609890351;365.2855735178728;605.9054233120638
1;7;8;2;350.77854876287665;626.7680335499953;365.2855735178728;605.9054233120638
1;7;9;3;-14.587845097485053;177.90662410632734;8.38496851407065;166.14314589849522
1;7;10;3;-21.388493793421972;169.6301818534951;8.38496851407065;166.14314589849522
1;7;11;3;24.336274275958115;142.88781830497567;8.38496851407065;166.14314589849522
1;7;12;4;684.6926104665175;467.2069394877498;706.6140936274411;449.428847891176
1;7;13;4;690.1145903139321;422.0781637420448;706.6140936274411;449.428847891176
1;7;14;4;727.899962196131;442.4347430447881;706.6140936274411;449.428847891176
1;8;0;0;259.1611189643377;555.4532711704175;242.04428160159367;576.720231471643
1;8;1;0;256.33499923845756;601.8042237323724;242.04428160159367;576.720231471643
1;8;2;1;298.0331439277611;104.46106868249525;328.4479068425168;100.42407351367311
1;8;3;1;341.159063716143;122.56669136817948;328.4479068425168;100.42407351367311
1;8;4;1;319.9156154412855;70.07405247712369;328.4479068425168;100.42407351367311
1;8;5;1;342.18689278057406;109.62373248092845;328.4479068425168;100.42407351367311
1;8;6;2;368.4973016439738;627.6871074675729;380.5459475774897;642.8800224790676
1;8;7;2;392.22439200482825;660.724428756118;380.5459475774897;642.8800224790676
1;8;8;2;364.63457000715016;660.3157687002753;380.5459475774897;642.8800224790676
1;8;9;3;-54.205720455057495;190.09006582096868;-30.810573763583708;174.12496684115035
1;8;10;3;-56.08697543427901;177.48786930897006;-30.810573763583708;174.12496684115035
1;8;11;3;-6.228580102867882;146.3727414876277;-30.810573763583708;174.12496684115035
1;8;12;4;721.9118997876835;473.7018917741384;745.1391295588036;460.19089260801525
1;8;13;4;725.0725314435679;438.2071674223016;745.1391295588036;460.19089260801525
1;8;14;4;768.5789231136677;448.8327677588377;745.1391295588036;460.19089260801525
1;9;0;0;250.9591654330316;583.7465621941998;224.8232465025511;612.8233608390203
1;9;1;0;229.90736104069813;640.1150959099541;224.8232465025511;612.8233608390203
1;9;2;1;319.6058781782119;70.29824976541614;354.5504533583926;70.1147174435331
1;9;3;1;351.01293319290755;89.41945064291038;354.5504533583926;70.1147174435331
1;9;4;1;341.1826774743895;43.96818932797838;354.5504533583926;70.1147174435331
1;9;5;1;368.6041492781266;80.38490829899503;354.5504533583926;70.1147174435331
1;9;6;2;383.4084797219862;669.71664057052;395.8063216371066;679.8546216460715
1;9;7;2;412.3847703655544;700.3413158138326;395.8063216371066;679.8546216460715
1;9;8;2;376.67425578711095;693.4401231663182;395.8063216371066;679.8546216460715
1;9;9;3;-100.13781855934786;189.60434808536905;-70.00611604123807;182.1067877838055
1;9;10;3;-95.29727146331037;181.05397249516142;-70.00611604123807;182.1067877838055
1;9;11;3;-60.6987735585315;158.66731855978372;-70.00611604123807;182.1067877838055
1;9;12;4;764.9571840548166;486.65906427154;783.664165490166;470.9529373248545
1;9;13;4;772.022215696102;447.87633514510173;783.664165490166;470.9529373248545
1;9;14;4;815.7385470087996;459.6979525799655;783.664165490166;470.9529373248545
1;10;0;0;233.67921186475536;621.2684950916181;207.6022114035085;648.9264902063976
1;10;1;0;229.301111413212;676.341625969017;207.6022114035085;648.9264902063976
1;10;2;1;361.31331785906673;49.455577594772414;380.6529998742684;39.80536137339308
1;10;3;1;386.01642678932564;61.905740827427955;380.6529998742684;39.80536137339308
1;10;4;1;370.4834741932976;17.33675995648275;380.6529998742684;39.80536137339308
1;10;5;1;394.44262489439006;59.03735370813499;380.6529998742684;39.80536137339308
1;10;6;2;397.7793209865833;701.0871733037206;411.06669569672346;716.8292208130753
1;10;7;2;429.17228168123904;724.8128158271236;411.06669569672346;716.8292208130753
1;10;8;2;398.50770455020313;728.2575510868508;411.06669569672346;716.8292208130753
1;10;9;3;-140.9523594800968;199.368054252251;-109.20165831889238;190.08860872646062
1;10;10;3;-126.62406979545855;192.49570311654904;-109.20165831889238;190.08860872646062
1;10;11;3;-99.63688535185591;168.11902258774273;-109.20165831889238;190.08860872646062
1;10;12;4;804.2126746207426;500.04463163985974;822.1892014215285;481.7149820416937
1;10;13;4;802.0571619100218;445.33813891778055;822.1892014215285;481.7149820416937
1;10;14;4;847.8598970789828;482.6019905951685;822.1892014215285;481.7149820416937
1;11;0;0;214.83161543145144;662.2928266862161;190.38117630446592;685.0296195737749
1;11;1;0;204.56552648766646;719.957362569679;190.38117630446592;685.0296195737749
1;11;2;1;378.11640103827136;12.213947687536896;406.7555463901442;9.496005303253042
1;11;3;1;412.17953954291306;34.528306414086344;406.7555463901442;9.496005303253042
1;11;4;1;399.25669579659774;-5.895185385227569;406.7555463901442;9.496005303253042
1;11;5;1;425.32819644791056;25.141269369748517;406.7555463901442;9.496005303253042
1;11;6;2;413.4278173278826;722.1849702591746;426.32706975634034;753.8038199800791
1;11;7;2;447.55239716786076;767.904435207595;426.32706975634034;753.8038199800791
1;11;8;2;408.94770303376083;769.9384515063058;426.32706975634034;753.8038199800791
1;11;9;3;-166.5326866405172;215.14382176554736;-148.39720059654678;198.07042966911575
1;11;10;3;-171.07866118518575;202.60893757153497;-148.39720059654678;198.07042966911575
1;11;11;3;-134.60250908062895;171.24487811539063;-148.39720059654678;198.07042966911575
1;11;12;4;835.9406428074248;513.1909410384505;860.714237352891;492.47702675853293
1;11;13;4;856.1342185718794;461.7584334867835;860.714237352891;492.47702675853293
1;11;14;4;878.0098419172122;482.816132890613;860.714237352891;492.47702675853293
1;12;0;0;197.8682756244363;703.9102369879696;173.16014120542334;721.1327489411522
1;12;1;0;191.8170958575202;746.7126550943227;173.16014120542334;721.1327489411522
1;12;2;1;412.0124068744582;-22.890286484860013;432.85809290602003;-20.813350766887005
1;12;3;1;432.65030928990535;0.7069311137772387;432.85809290602003;-20.813350766887005
1;12;4;1;430.3791469062164;-38.59154112479405;432.85809290602003;-20.813350766887005
1;12;5;1;442.8836129631826;-11.92473938160378;432.85809290602003;-20.813350766887005
1;12;6;2;433.5019616329947;778.2864815756571;441.5874438159572;790.7784191470829
1;12;7;2;466.6633767518104;798.1665349150946;441.5874438159572;790.7784191470829
1;12;8;2;426.3765700053812;809.3777365196288;441.5874438159572;790.7784191470829
1;12;9;3;-206.40129739155438;220.23845632306444;-187.59274287420124;206.0522506117709
1;12;10;3;-218.91264892903527;222.15841410900188;-187.59274287420124;206.0522506117709
1;12;11;3;-181.23920465178824;187.7567696304143;-187.59274287420124;206.0522506117709
1;12;12;4;883.5853317720553;520.9300393027944;899.2392732842535;503.23907147537216
1;12;13;4;880.8209252766173;474.5750923515085;899.2392732842535;503.23907147537216
1;12;14;4;924.4374915385658;500.84261282030457;899.2392732842535;503.23907147537216
1;13;0;0;174.44352602379857;735.1099031765252;155.93910610638076;757.2358783085294
1;13;1;0;172.75873679998503;790.8813000107198;155.93910610638076;757.2358783085294
1;13;2;1;440.18885438442953;-47.1475090976932;458.96063942189585;-51.12270683702704
1;13;3;1;462.3333120376929;-26.234261601838842;458.96063942189585;-51.12270683702704
1;13;4;1;448.3275864470367;-74.23368221104452;458.96063942189585;-51.12270683702704
1;13;5;1;478.68384013229684;-38.95600493640228;458.96063942189585;-51.12270683702704
1;13;6;2;448.7752403389155;811.6850149440861;456.8478178755741;827.7530183140867
1;13;7;2;474.20374135583927;840.6602374034661;456.8478178755741;827.7530183140867
1;13;8;2;439.81333851477444;849.5147335303839;456.8478178755741;827.7530183140867
1;13;9;3;-253.6501758747811;230.58128479959504;-226.7882851518557;214.03407155442602
1;13;10;3;-251.44813488718205;215.93750772985342;-226.7882851518557;214.03407155442602
1;13;11;3;-208.0385209446699;192.00695104848077;-226.7882851518557;214.03407155442602
1;13;12;4;915.3430184675547;536.1467495868812;937.764309215616;514.0011161922114
1;13;13;4;916.5936683831077;492.9636621439309;937.764309215616;514.0011161922114
1;13;14;4;972.3623583352553;505.24955390775165;937.764309215616;514.0011161922114
1;14;0;0;159.44904573807673;768.2847989073992;138.71807100733818;793.3390076759067
1;14;1;0;156.58318720945294;822.7798584894571;138.71807100733818;793.3390076759067
1;14;2;1;460.99423440333527;-70.14402835727395;485.06318593777166;-81.43206290716705
1;14;3;1;487.495472436228;-51.979050414568555;485.06318593777166;-81.43206290716705
1;14;4;1;472.9022801586985;-103.58488100303181;485.06318593777166;-81.43206290716705
1;14;5;1;498.53350176795055;-53.9225069218644;485.06318593777166;-81.43206290716705
1;14;6;2;463.4557172769707;856.6998911410703;472.108191935191;864.7276174810905
1;14;7;2;490.17350440173385;874.5125582721148;472.108191935191;864.7276174810905
1;14;8;2;457.67077071612283;880.4189843066039;472.108191935191;864.7276174810905
1;14;9;3;-300.21606620625425;245.52824946553105;-265.98382742951014;222.01589249708115
1;14;10;3;-288.57649081375047;230.31765310623183;-265.98382742951014;222.01589249708115
1;14;11;3;-255.84779338815528;208.70365110153688;-265.98382742951014;222.01589249708115
1;14;12;4;945.4313097593175;551.1161482795463;976.2893451469785;524.7631609090506
1;14;13;4;962.0034783987912;503.61238375539546;976.2893451469785;524.7631609090506
1;14;14;4;999.2870487733475;518.1606404134918;976.2893451469785;524.7631609090506
1;15;0;0;145.88193286773162;812.2281851692852;121.4970359082956;829.442137043284
1;15;1;0;137.17324030451917;858.5850896962874;121.4970359082956;829.442137043284
1;15;2;1;486.0981014933598;-105.31682915624492;511.1657324536475;-111.74141897730706
1;15;3;1;522.4900270359954;-87.51981532913297;511.1657324536475;-111.74141897730706
1;15;4;1;506.4016710895298;-139.3196074946271;511.1657324536475;-111.74141897730706
1;15;5;1;531.3853932182096;-90.3936707548094;511.1657324536475;-111.74141897730706
1;15;6;2;470.61557764559797;888.1611541340759;487.36856599480785;901.7022166480943
1;15;7;2;502.6219034043333;913.8941234759922;487.36856599480785;901.7022166480943
1;15;8;2;471.83374820901037;915.104669898828;487.36856599480785;901.7022166480943
1;15;9;3;-328.61324835061396;237.6716525419407;-305.1793697071646;229.9977134397363
1;15;10;3;-326.46054716739417;239.2860406090899;-305.1793697071646;229.9977134397363
1;15;11;3;-295.9692335790261;206.33880430542044;-305.1793697071646;229.9977134397363
1;15;12;4;994.9018402008419;560.3949027501822;1014.814381078341;535.5252056258898
1;15;13;4;1002.3151359193263;507.1517485605874;1014.814381078341;535.5252056258898
1;15;14;4;1048.5243930932909;524.5252934111002;1014.814381078341;535.5252056258898
1;16;0;0;119.19623035985572;846.0374833147105;104.27600080925302;865.5452664106613
1;16;1;0;123.200274916159;896.8831486832396;104.27600080925302;865.5452664106613
1;16;2;1;518.5964138558743;-135.26102167813292;537.2682789695239;-142.05077504744713
1;16;3;1;540.6979890238302;-112.16238113985888;537.2682789695239;-142.05077504744713
1;16;4;1;538.0036721453564;-179.21526082694825;537.2682789695239;-142.05077504744713
1;16;5;1;559.9859184611769;-120.10608868386622;537.2682789695239;-142.05077504744713
1;16;6;2;489.75306176134904;923.9835015111804;502.62894005442473;938.6768158150982
1;16;7;2;522.5336436168031;949.8305210863226;502.62894005442473;938.6768158150982
1;16;8;2;476.5148224220508;949.4024229623171;502.62894005442473;938.6768158150982
1;16;9;3;-361.23916488876534;250.67234062413394;-344.37491198481905;237.97953438239142
1;16;10;3;-382.24320847508534;244.69547955934627;-344.37491198481905;237.97953438239142
1;16;11;3;-330.4132176018064;219.31598160208765;-344.37491198481905;237.97953438239142
1;16;12;4;1032.741195390827;571.0497265234968;1053.3394170097026;546.2872503427291
1;16;13;4;1030.4797545146778;526.1911520428229;1053.3394170097026;546.2872503427291
1;16;14;4;1088.6914793413303;550.9195735359405;1053.3394170097026;546.2872503427291
1;17;0;0;110.64752190931267;883.6772944452416;87.05496571021044;901.6483957780385
1;17;1;0;93.54292688423403;929.1126688250915;87.05496571021044;901.6483957780385
1;17;2;1;540.8843669600602;-172.57333912120018;563.3708254854002;-172.3601311175873
1;17;3;1;570.7274005782065;-149.11814918793422;563.3708254854002;-172.3601311175873
1;17;4;1;556.6855273914667;-203.3438539708145;563.3708254854002;-172.3601311175873
1;17;5;1;575.4435077942585;-157.38618072435986;563.3708254854002;-172.3601311175873
1;17;6;2;497.10766628469406;961.3268819586466;517.8893141140417;975.651414982102
1;17;7;2;526.103313637978;982.1871702511017;517.8893141140417;975.651414982102
1;17;8;2;495.50304300029256;986.4895300387126;517.8893141140417;975.651414982102
1;17;9;3;-405.5270985683789;250.40280749132938;-383.5704542624735;245.96135532504655
1;17;10;3;-413.9283517808005;245.2508455729231;-383.5704542624735;245.96135532504655
1;17;11;3;-372.8420131219972;225.34916863309988;-383.5704542624735;245.96135532504655
1;17;12;4;1076.6089902557967;580.8650892308768;1091.864452941064;557.0492950595683
1;17;13;4;1080.5088034813818;531.1105317879004;1091.864452941064;557.0492950595683
1;17;14;4;1114.2928664753663;548.2933845872625;1091.864452941064;557.0492950595683
1;18;0;0;90.6855210478072;919.5893317850054;69.83393061116786;937.7515251454158
1;18;1;0;80.90208463671138;967.3771088344804;69.83393061116786;937.7515251454158
1;18;2;1;562.3917731530291;-191.93173141836715;589.4733720012766;-202.66948718772744
1;18;3;1;594.623286780532;-165.88007829528684;589.4733720012766;-202.66948718772744
1;18;4;1;577.7672698907761;-228.08767331747595;589.4733720012766;-202.66948718772744
1;18;5;1;605.6672539022843;-184.3258313178609;589.4733720012766;-202.66948718772744
1;18;6;2;529.1275360514526;997.370702524348;533.1496881736585;1012.6260141491058
1;18;7;2;557.6023671874958;1031.2180886428628;533.1496881736585;1012.6260141491058
1;18;8;2;514.1854369194418;1020.5404935024309;533.1496881736585;1012.6260141491058
1;18;9;3;-442.90771618586245;263.059132517553;-422.76599654012796;253.9431762677017
1;18;10;3;-456.4083215129069;253.246694417919;-422.76599654012796;253.9431762677017
1;18;11;3;-411.56228141926516;228.20118095238038;-422.76599654012796;253.9431762677017
1;18;12;4;1109.1239401403584;578.6554310681723;1130.3894888724253;567.8113397764075
1;18;13;4;1126.1848908950697;542.1443425595934;1130.3894888724253;567.8113397764075
1;18;14;4;1148.944336778291;563.843066667761;1130.3894888724253;567.8113397764075
1;19;0;0;73.61714923125001;943.9859146820767;52.61289551212523;973.8546545127931
1;19;1;0;64.49719142098068;1013.0544375720294;52.61289551212523;973.8546545127931
1;19;2;1;599.5188579799906;-234.05732292065042;615.575918517153;-232.9788432578676
1;19;3;1;635.7635265157777;-207.8617598272334;615.575918517153;-232.9788432578676
1;19;4;1;603.3296143176627;-247.9167499277098;615.575918517153;-232.9788432578676
1;19;5;1;636.7612727939222;-215.21704583707097;615.575918517153;-232.9788432578676
1;19;6;2;526.3276106395775;1037.6895565738755;548.4100622332754;1049.6006133161095
1;19;7;2;567.9555031196179;1059.76498865279;548.4100622332754;1049.6006133161095
1;19;8;2;524.7623284065553;1058.3213585265125;548.4100622332754;1049.6006133161095
1;19;9;3;-489.5791381885992;279.6761229730528;-461.9615388177824;261.92499721035705
1;19;10;3;-485.11882676129756;257.13325931837755;-461.9615388177824;261.92499721035705
1;19;11;3;-441.9728526659633;236.13259670798277;-461.9615388177824;261.92499721035705
1;19;12;4;1145.8303900267251;601.9671888927085;1168.9145248037867;578.5733844932467
1;19;13;4;1143.4794016072187;554.7518847690484;1168.9145248037867;578.5733844932467
1;19;14;4;1198.3312650412292;569.7541340946284;1168.9145248037867;578.5733844932467
2;0;0;0;338.5090039949326;60.26391409911636;310.9906383651445;82.44243152721126
2;0;1;0;329.021089986227;102.53490117267653;310.9906383651445;82.44243152721126
2;0;2;1;144.13370647945595;315.5471096807929;170.14712195702887;314.2236737141976
2;0;3;1;176.27512939426575;336.4593332284713;170.14712195702887;314.2236737141976
2;0;4;1;161.28297464208575;294.05303922453777;170.14712195702887;314.2236737141976
2;0;5;1;188.3725277679955;346.0466372198086;170.14712195702887;314.2236737141976
2;0;6;2;220.4173911802592;141.9157307740902;233.90596619495372;154.88186577668608
2;0;7;2;247.72093289121767;167.49092254695185;233.90596619495372;154.88186577668608
2;0;8;2;218.24718201755314;174.07966625205574;233.90596619495372;154.88186577668608
2;0;9;3;215.31377482426217;287.31086657779895;241.41994796472366;264.4236186097129
2;0;10;3;221.64547494897704;267.37026714610477;241.41994796472366;264.4236186097129
2;0;11;3;256.14462453641033;238.32388669548757;241.41994796472366;264.4236186097129
2;0;12;4;219.45054504109078;397.51975292502635;250.62789508880644;379.10470297361513
2;0;13;4;230.4720571581804;356.5280811688635;250.62789508880644;379.10470297361513
2;0;14;4;277.39400733316467;367.52559458981074;250.62789508880644;379.10470297361513
2;1;0;0;317.6536780990372;20.02468686136971;291.10492424489837;47.735683279531145
2;1;1;0;305.95664220239115;76.36866156956962;291.10492424489837;47.735683279531145
2;1;2;1;193.47813853668234;318.69904664526854;209.32054230703872;322.3133670385098
2;1;3;1;212.2920305877886;346.80614956650453;209.32054230703872;322.3133670385098
2;1;4;1;198.49864041653862;294.45474530287413;209.32054230703872;322.3133670385098
2;1;5;1;237.1976186527143;335.1823964069621;209.32054230703872;322.3133670385098
2;1;6;2;196.81132629362287;158.49587194271132;204.17550679081901;181.64190657671264
2;1;7;2;216.62249862619407;189.8418381804316;204.17550679081901;181.64190657671264
2;1;8;2;185.06903100388985;201.4456129936674;204.17550679081901;181.64190657671264
2;1;9;3;192.0359554085734;292.2269631356123;203.12314198850194;275.97154708280357
2;1;10;3;173.86696059372792;273.58538513134346;203.12314198850194;275.97154708280357
2;1;11;3;214.10802180774039;254.9289437409374;203.12314198850194;275.97154708280357
2;1;12;4;223.11117351537138;356.80483256999185;251.87268400139817;339.12407640820135
2;1;13;4;236.25720750153957;317.4964685112033;251.87268400139817;339.12407640820135
2;1;14;4;285.5797697461233;329.6659871182347;251.87268400139817;339.12407640820135
2;2;0;0;287.02832834374254;-6.587881253210309;271.21921012465225;13.028935031851036
2;2;1;0;284.64843472646675;46.88915088948169;271.21921012465225;13.028935031851036
2;2;2;1;224.5226172687266;336.06239254554987;248.49396265704857;330.403060362822
2;2;3;1;257.3697307216274;361.6010272631464;248.49396265704857;330.403060362822
2;2;4;1;240.5704132187781;305.3245428216944;248.49396265704857;330.403060362822
2;2;5;1;267.8323570137994;346.7958685233414;248.49396265704857;330.403060362822
2;2;6;2;170.05688274889783;191.58150931631695;174.4450473866843;208.4019473767392
2;2;7;2;189.6267317065731;230.4426193256091;174.4450473866843;208.4019473767392
2;2;8;2;148.20041814551016;218.28512798656934;174.4450473866843;208.4019473767392
2;2;9;3;135.80136990095423;299.2746625650466;164.82633601228022;287.51947555589425
2;2;10;3;139.66367214165913;283.6688255575061;164.82633601228022;287.51947555589425
2;2;11;3;180.70021228010887;259.6463715244076;164.82633601228022;287.51947555589425
2;2;12;4;232.24042560905124;320.829436504512;253.1174729139899;299.14344984278756
2;2;13;4;231.60814605465114;277.7178129729271;253.1174729139899;299.14344984278756
2;2;14;4;292.38069689010445;295.96508834831025;253.1174729139899;299.14344984278756
2;3;0;0;273.1821694922321;-36.14152022523853;251.33349600440613;-21.677813215829055
2;3;1;0;267.17442664543165;13.220417775098706;251.33349600440613;-21.677813215829055
2;3;2;1;266.4218960819801;341.78181941000867;287.6673830070587;338.49275368713415
2;3;3;1;296.11475662615265;360.9977884537483;287.6673830070587;338.49275368713415
2;3;4;1;278.25929169927025;313.62348338415205;287.6673830070587;338.49275368713415
2;3;5;1;316.3554124238478;353.0712415713054;287.6673830070587;338.49275368713415
2;3;6;2;130.69650529434713;212.31739616373426;144.7145879825496;235.16198817676576
2;3;7;2;171.618713912024;253.2896752138966;144.7145879825496;235.16198817676576
2;3;8;2;136.6001226120211;258.35465670093896;144.7145879825496;235.16198817676576
2;3;9;3;105.40112379932219;315.32473699142594;126.52953003605849;299.0674040289849
2;3;10;3;103.18270775821728;300.22888175023223;126.52953003605849;299.0674040289849
2;3;11;3;134.30789017348013;278.30781781584267;126.52953003605849;299.0674040289849
2;3;12;4;231.42573913121436;277.242785530953;254.36226182658163;259.1628232773738
2;3;13;4;236.4845833428842;232.15522568696366;254.36226182658163;259.1628232773738
2;3;14;4;273.84738789037885;247.59920404902573;254.36226182658163;259.1628232773738
2;4;0;0;255.16050517771083;-82.00470185415809;231.44778188416;-56.384561463509165
2;4;1;0;247.51036876435285;-29.47138476888703;231.44778188416;-56.384561463509165
2;4;2;1;315.832968483366;353.5807169512092;326.8408033570688;346.58244701144633
2;4;3;1;324.97661822680936;369.1931692800067;326.8408033570688;346.58244701144633
2;4;4;1;323.49556148821944;317.6275354492638;326.8408033570688;346.58244701144633
2;4;5;1;342.49053213096823;360.24802204098285;326.8408033570688;346.58244701144633
2;4;6;2;101.7510786644343;244.58576709115925;114.98412857841483;261.9220289767923
2;4;7;2;127.39205526334928;271.23027095214076;114.98412857841483;261.9220289767923
2;4;8;2;99.57439856394818;285.68854596668245;114.98412857841483;261.9220289767923
2;4;9;3;71.32876949691831;327.033950368313;88.23272405983663;310.6153325020756
2;4;10;3;62.837547906158804;326.1770062206297;88.23272405983663;310.6153325020756
2;4;11;3;96.24572799400296;286.3952018964331;88.23272405983663;310.6153325020756
2;4;12;4;234.89940153264382;236.75752030252414;255.60705073917336;219.1821967119597
2;4;13;4;232.13196604949002;192.7814895529212;255.60705073917336;219.1821967119597
2;4;14;4;289.5923476266206;215.3838109928083;255.60705073917336;219.1821967119597
2;5;0;0;235.56220873976432;-114.60213816658431;211.5620677639139;-91.09130971118927
2;5;1;0;213.6228834500296;-62.16194027171068;211.5620677639139;-91.09130971118927
2;5;2;1;342.03180938259817;352.05279441397437;366.01422370707894;354.6721403357585
2;5;3;1;381.6399085829094;388.9645495451317;366.01422370707894;354.6721403357585
2;5;4;1;356.06292641084326;329.50490880058766;366.01422370707894;354.6721403357585
2;5;5;1;384.1588450185516;381.75745049378907;366.01422370707894;354.6721403357585
2;5;6;2;71.5759905109904;278.02673001483754;85.25366917427998;288.6820697768189
2;5;7;2;99.89765138068907;297.46782082054756;85.25366917427998;288.6820697768189
2;5;8;2;73.00308029843266;298.5674156206968;85.25366917427998;288.6820697768189
2;5;9;3;31.4650089349944;331.59473570134435;49.935918083614794;322.1632609751663
2;5;10;3;31.978943723067076;332.29013266960135;49.935918083614794;322.1632609751663
2;5;11;3;56.922304443922336;294.6257879895721;49.935918083614794;322.1632609751663
2;5;12;4;236.52012287622156;205.48684034890934;256.8518396517651;179.20157014654563
2;5;13;4;238.4056114037989;148.62364555814844;256.8518396517651;179.20157014654563
2;5;14;4;291.5928456392145;172.18188607659454;256.8518396517651;179.20157014654563
2;6;0;0;212.7710394683987;-153.2508195366533;191.67635364366777;-125.79805795886938
2;6;1;0;214.6714984968925;-90.48894917465094;191.67635364366777;-125.79805795886938
2;6;2;1;375.11684574729173;357.13963246059166;405.1876440570891;362.7618336600707
2;6;3;1;407.775274087456;381.63262105247765;405.1876440570891;362.7618336600707
2;6;4;1;398.9145668086912;337.3102942490656;405.1876440570891;362.7618336600707
2;6;5;1;419.3302515614772;377.93701136140254;405.1876440570891;362.7618336600707
2;6;6;2;47.33988356023283;302.51090851857344;55.52320977014513;315.44211057684544
2;6;7;2;73.35196834233714;328.5102656205731;55.52320977014513;315.44211057684544
2;6;8;2;41.555448841225754;331.3070272658582;55.52320977014513;315.44211057684544
2;6;9;3;-7.394589440337643;337.6868835048;11.639112107392982;333.71118944825696
2;6;10;3;-11.768473839788408;339.48151852529554;11.639112107392982;333.71118944825696
2;6;11;3;33.315250648142694;313.19107018042837;11.639112107392982;333.71118944825696
2;6;12;4;234.7016198530089;161.4779388049017;258.0966285643568;139.22094358113156
2;6;13;4;243.62258449875046;119.1837317314433;258.0966285643568;139.22094358113156
2;6;14;4;279.60401697036605;133.98130552101995;258.0966285643568;139.22094358113156
2;7;0;0;196.57038847621604;-186.3800698307484;171.79063952342165;-160.50480620654935
2;7;1;0;192.6422549404884;-131.84848008802504;171.79063952342165;-160.50480620654935
2;7;2;1;417.86574272226846;371.19014401031757;444.3610644070992;370.8515269843829
2;7;3;1;449.07790981313525;386.2255550944522;444.3610644070992;370.8515269843829
2;7;4;1;440.8144280409094;354.71086683097684;444.3610644070992;370.8515269843829
2;7;5;1;458.55026071199944;385.67687339730185;444.3610644070992;370.8515269843829
2;7;6;2;5.249078616010679;325.70253591983607;25.792750366010292;342.202151376872
2;7;7;2;35.58432942866964;350.3098688305823;25.792750366010292;342.202151376872
2;7;8;2;8.027746552568457;363.03410858746065;25.792750366010292;342.202151376872
2;7;9;3;-41.411831734933216;367.8421106272725;-26.657693868828837;345.25911792134764
2;7;10;3;-47.2718421626803;347.1962923840977;-26.657693868828837;345.25911792134764
2;7;11;3;-13.97739435303303;320.77950955884995;-26.657693868828837;345.25911792134764
2;7;12;4;243.43990464918218;120.51644865531902;259.34141747694855;99.2403170157175
2;7;13;4;250.58100049159881;73.03681873418194;259.34141747694855;99.2403170157175
2;7;14;4;285.3469359858861;99.05849895600787;259.34141747694855;99.2403170157175
2;8;0;0;177.35699850014112;-218.3730899140044;151.90492540317553;-195.21155445422932
2;8;1;0;167.80258807193306;-167.677880344197;151.90492540317553;-195.21155445422932
2;8;2;1;455.5419603073461;377.21908394217184;483.53448475710934;378.94122030869505
2;8;3;1;485.45283742156954;411.40334466703894;483.53448475710934;378.94122030869505
2;8;4;1;473.97390236012785;362.7141080172796;483.53448475710934;378.94122030869505
2;8;5;1;495.37900402968717;392.67896969907946;483.53448475710934;378.94122030869505
2;8;6;2;-13.408584229507078;355.2528022141284;-3.9377090381245248;368.96219217689855
2;8;7;2;12.810630878466622;379.24265968248676;-3.9377090381245248;368.96219217689855
2;8;8;2;-22.00949734273391;380.0805943048022;-3.9377090381245248;368.96219217689855
2;8;9;3;-86.05191201444184;377.1848863766529;-64.95449984505063;356.8070463944383
2;8;10;3;-90.44901487852299;363.4615499479796;-64.95449984505063;356.8070463944383
2;8;11;3;-44.56969746963516;331.12983153916446;-64.95449984505063;356.8070463944383
2;8;12;4;235.13678130969996;67.5894896883948;260.5862063895403;59.25969045030344
2;8;13;4;246.9205046795545;33.45168173701383;260.5862063895403;59.25969045030344
2;8;14;4;291.8826251026867;55.61942100333378;260.5862063895403;59.25969045030344
2;9;0;0;157.1355993222575;-260.6983809457482;132.0192112829294;-229.91830270190928
2;9;1;0;153.39912380096786;-192.38790173851433;132.0192112829294;-229.91830270190928
2;9;2;1;503.29399786763753;392.40314774594276;522.7079051071194;387.03091363300723
2;9;3;1;533.75474992077;411.6232692139772;522.7079051071194;387.03091363300723
2;9;4;1;514.5027539783999;355.89300426866595;522.7079051071194;387.03091363300723
2;9;5;1;530.0357641406202;411.71880114575254;522.7079051071194;387.03091363300723
2;9;6;2;-46.913603243766616;383.35764340605954;-33.66816844225934;395.7222329769251
2;9;7;2;-19.92052106731564;403.96348455962334;-33.66816844225934;395.7222329769251
2;9;8;2;-51.51776545511211;406.6695527955924;-33.66816844225934;395.7222329769251
2;9;9;3;-121.97577069910089;383.0793825561625;-103.2513058212725;368.354974867529
2;9;10;3;-134.9770352969435;377.6007825900067;-103.2513058212725;368.354974867529
2;9;11;3;-96.48819822814424;344.9301688903979;-103.2513058212725;368.354974867529
2;9;12;4;242.32033094536942;37.67660571508552;261.830995302132;19.27906388488944
2;9;13;4;245.90708883965877;-7.997827249855401;261.830995302132;19.27906388488944
2;9;14;4;292.41894470676584;19.10482295196656;261.830995302132;19.27906388488944
2;10;0;0;129.97530002678357;-290.9900106115795;112.13349716268328;-264.6250509495893
2;10;1;0;128.5182730486316;-227.43765503617678;112.13349716268328;-264.6250509495893
2;10;2;1;541.9536159998748;397.2982615854575;561.8813254571289;395.1206069573194
2;10;3;1;568.3278488155277;416.1332630392984;561.8813254571289;395.1206069573194
2;10;4;1;543.5533068764527;369.794360422794;561.8813254571289;395.1206069573194
2;10;5;1;574.6016777251309;416.0662865021992;561.8813254571289;395.1206069573194
2;10;6;2;-86.98792154894973;410.5135024405642;-63.39862784639419;422.4822737769517
2;10;7;2;-42.28370241318697;435.755280782598;-63.39862784639419;422.4822737769517
2;10;8;2;-79.92839838362603;438.94635039130424;-63.39862784639419;422.4822737769517
2;10;9;3;-154.93156820039022;397.2473194400126;-141.5481117974943;379.9029033406197
2;10;10;3;-163.14047119119937;380.85073883494067;-141.5481117974943;379.9029033406197
2;10;11;3;-131.9608538751037;359.7905051227552;-141.5481117974943;379.9029033406197
2;10;12;4;230.83687221470592;-0.7837766085116992;263.07578421472374;-20.701562680524574
2;10;13;4;247.9084838950316;-43.29135370291777;263.07578421472374;-20.701562680524574
2;10;14;4;282.7558452553984;-26.410493245295005;263.07578421472374;-20.701562680524574
2;11;0;0;107.26945076327445;-319.84191733175294;92.24778304243716;-299.33179919726956
2;11;1;0;105.37919267229809;-283.9096152324974;92.24778304243716;-299.33179919726956
2;11;2;1;577.9324566832195;403.3659181826121;601.0547458071385;403.2103002816316
2;11;3;1;599.610954663314;434.38549337502127;601.0547458071385;403.2103002816316
2;11;4;1;600.4148636285955;381.8424626606509;601.0547458071385;403.2103002816316
2;11;5;1;611.8820415843556;418.80706223466996;601.0547458071385;403.2103002816316
2;11;6;2;-94.18356369860352;436.27990739776726;-93.12908725052904;449.24231457697823
2;11;7;2;-68.27294163646889;460.88314498539046;-93.12908725052904;449.24231457697823
2;11;8;2;-102.84511968640132;468.07333966782255;-93.12908725052904;449.24231457697823
2;11;9;3;-199.16805895912995;405.88720380036045;-179.84491777371602;391.45083181371035
2;11;10;3;-197.4955880482082;400.5803471862047;-179.84491777371602;391.45083181371035
2;11;11;3;-169.35647631348874;376.51693430172;-179.84491777371602;391.45083181371035
2;11;12;4;245.7622058476418;-32.332453056389795;264.32057312731547;-60.682189245938574
2;11;13;4;250.92070404185225;-89.43398336737849;264.32057312731547;-60.682189245938574
2;11;14;4;292.6501371376224;-65.36454631912571;264.32057312731547;-60.682189245938574
2;12;0;0;96.39178324841237;-364.4672750740922;72.36206892219104;-334.0385474449498
2;12;1;0;88.41135888164575;-292.48659752531677;72.36206892219104;-334.0385474449498
2;12;2;1;613.7456578364055;420.7089424216391;640.228166157148;411.29999360594377
2;12;3;1;647.0986041640718;434.1618064907782;640.228166157148;411.29999360594377
2;12;4;1;626.8344927166951;385.9563370481282;640.228166157148;411.29999360594377
2;12;5;1;651.0209357108386;428.27175199766816;640.228166157148;411.29999360594377
2;12;6;2;-144.42337364915613;465.32351923894475;-122.85954665466389;476.0023553770048
2;12;7;2;-109.19077500712078;482.61604443452853;-122.85954665466389;476.0023553770048
2;12;8;2;-145.7789813464572;488.83075843891095;-122.85954665466389;476.0023553770048
2;12;9;3;-233.56833267374157;420.9146533329722;-218.14172374993774;402.99876028680103
2;12;10;3;-239.2373089068043;415.2563421563416;-218.14172374993774;402.99876028680103
2;12;11;3;-208.58181440875768;380.3317336001288;-218.14172374993774;402.99876028680103
2;12;12;4;242.95126805778378;-76.44130116061538;265.5653620399072;-100.66281581135264
2;12;13;4;257.4837428741447;-128.98310562206208;265.5653620399072;-100.66281581135264
2;12;14;4;295.6146674661112;-107.32587697990097;265.5653620399072;-100.66281581135264
2;13;0;0;77.31561223165089;-398.5758339118271;52.47635480194492;-368.74529569263007
2;13;1;0;62.53826206914734;-338.2394123638616;52.47635480194492;-368.74529569263007
2;13;2;1;656.2998081775262;428.7367334174674;679.4015865071576;419.38968693025595
2;13;3;1;688.2971688440263;453.3060791206341;679.4015865071576;419.38968693025595
2;13;4;1;679.6571219021654;398.64432668986314;679.4015865071576;419.38968693025595
2;13;5;1;696.6834857655051;433.9824640299927;679.4015865071576;419.38968693025595
2;13;6;2;-167.8393209077449;483.8781262664456;-152.59000605879862;502.76239617703135
2;13;7;2;-131.67085089962563;513.9213003844858;-152.59000605879862;502.76239617703135
2;13;8;2;-168.48274704856343;524.7544133286132;-152.59000605879862;502.76239617703135
2;13;9;3;-271.47908935544535;436.03332915722336;-256.43852972615946;414.5466887598917
2;13;10;3;-273.2985290301708;417.0516962611232;-256.43852972615946;414.5466887598917
2;13;11;3;-243.67044654484485;394.03927536610416;-256.43852972615946;414.5466887598917
2;13;12;4;245.614966000778;-120.11611664282091;266.81015095249893;-140.6434423767667
2;13;13;4;247.71256084837046;-158.41552571404247;266.81015095249893;-140.6434423767667
2;13;14;4;290.5817623875573;-147.1782741423981;266.81015095249893;-140.6434423767667
2;14;0;0;52.701526109747746;-426.230670027973;32.5906406816988;-403.4520439403103
2;14;1;0;41.35204332744724;-368.70367733119525;32.5906406816988;-403.4520439403103
2;14;2;1;694.6445020345082;434.272800357328;718.5750068571672;427.4793802545681
2;14;3;1;725.2997057494263;456.9664164117364;718.5750068571672;427.4793802545681
2;14;4;1;714.1139275585743;405.91900873270623;718.5750068571672;427.4793802545681
2;14;5;1;743.01240784639;446.31106411648096;718.5750068571672;427.4793802545681
2;14;6;2;-198.3277477078534;513.230232578908;-182.32046546293333;529.5224369770583
2;14;7;2;-165.3301950217647;538.5077533229025;-182.32046546293333;529.5224369770583
2;14;8;2;-197.05727246483508;546.8071724420938;-182.32046546293333;529.5224369770583
2;14;9;3;-317.2570413933959;440.652883184006;-294.73533570238146;426.0946172329824
2;14;10;3;-316.1212127338625;427.0060761389237;-294.73533570238146;426.0946172329824
2;14;11;3;-277.81560929498244;400.85030336408875;-294.73533570238146;426.0946172329824
2;14;12;4;244.32284113725373;-160.72003372350343;268.05493986509066;-180.62406894218077
2;14;13;4;258.29738363983233;-206.722626165054;268.05493986509066;-180.62406894218077
2;14;14;4;296.12467377825493;-191.38995917878265;268.05493986509066;-180.62406894218077
2;15;0;0;38.949476692969;-450.1303091859462;12.704926561452712;-438.15879218799057
2;15;1;0;40.408830422227894;-401.0757580443164;12.704926561452712;-438.15879218799057
2;15;2;1;730.396214543481;444.2155163893495;757.7484272071767;435.5690735788803
2;15;3;1;770.5793385214581;456.6231078035341;757.7484272071767;435.5690735788803
2;15;4;1;748.9686451230806;411.80569602025696;757.7484272071767;435.5690735788803
2;15;5;1;770.1355549828517;446.662372939156;757.7484272071767;435.5690735788803
2;15;6;2;-226.00936815130635;536.3138201367377;-212.05092486706803;556.2824777770854
2;15;7;2;-198.36430520935693;569.8214356749114;-212.05092486706803;556.2824777770854
2;15;8;2;-224.46754043253114;574.9991274403058;-212.05092486706803;556.2824777770854
2;15;9;3;-347.8296355633564;447.4632608818912;-333.03214167860347;437.64254570607307
2;15;10;3;-358.80137618165617;440.63784854179056;-333.03214167860347;437.64254570607307
2;15;11;3;-319.9124462690847;410.77876571573006;-333.03214167860347;437.64254570607307
2;15;12;4;242.7444305458804;-207.94739495923858;269.2997287776824;-220.60469550759484
2;15;13;4;251.86455989301726;-247.17505236255133;269.2997287776824;-220.60469550759484
2;15;14;4;292.91302797412305;-227.16768361017574;269.2997287776824;-220.60469550759484
2;16;0;0;3.7320471265875206;-501.24128615788277;-7.1807875587933845;-472.8655404356708
2;16;1;0;10.896616927641706;-441.6671840167115;-7.1807875587933845;-472.8655404356708
2;16;2;1;772.3017580341752;445.30133035481305;796.9218475571863;443.6587669031925
2;16;3;1;800.0183974494046;472.26492221667036;796.9218475571863;443.6587669031925
2;16;4;1;789.0244021346165;415.03785821423554;796.9218475571863;443.6587669031925
2;16;5;1;818.0573208249027;464.43360241088993;796.9218475571863;443.6587669031925
2;16;6;2;-249.94287057590952;561.4431811704736;-241.78138427120274;583.0425185771126
2;16;7;2;-225.9421540791483;592.2341070380623;-241.78138427120274;583.0425185771126
2;16;8;2;-252.3071558394133;586.7154008809979;-241.78138427120274;583.0425185771126
2;16;9;3;-397.3865885291649;467.5087022466827;-371.32894765482547;449.19047417916374
2;16;10;3;-393.7395220531335;461.7214854468039;-371.32894765482547;449.19047417916374
2;16;11;3;-363.2968355936127;429.41668621643197;-371.32894765482547;449.19047417916374
2;16;12;4;253.12136323262402;-242.6495429297653;270.5445176902741;-260.58532207300885
2;16;13;4;250.45507075214434;-287.85171663054115;270.5445176902741;-260.58532207300885
2;16;14;4;304.33037856324785;-273.48275389842394;270.5445176902741;-260.58532207300885
2;17;0;0;-3.5078457595880588;-532.0744188972933;-27.066501679039476;-507.5722886833511
2;17;1;0;-12.31654983886182;-478.6966749858874;-27.066501679039476;-507.5722886833511
2;17;2;1;798.6245050064032;454.7929502064752;836.0952679071959;451.74846022750467
2;17;3;1;837.8552077567119;484.4976140791158;836.0952679071959;451.74846022750467
2;17;4;1;836.8048758082572;424.34122821047913;836.0952679071959;451.74846022750467
2;17;5;1;851.493434192449;471.9379694247135;836.0952679071959;451.74846022750467
2;17;6;2;-292.9850861050634;585.8835721629805;-271.5118436753376;609.8025593771397
2;17;7;2;-251.7866638085093;622.1011999785565;-271.5118436753376;609.8025593771397
2;17;8;2;-287.5610351075524;626.9825457461105;-271.5118436753376;609.8025593771397
2;17;9;3;-432.5480764415924;476.6105653913889;-409.6257536310475;460.7384026522544
2;17;10;3;-432.6344027540992;462.9382828441658;-409.6257536310475;460.7384026522544
2;17;11;3;-394.31444024345257;436.85374229133885;-409.6257536310475;460.7384026522544
2;17;12;4;252.9398156870176;-277.5405342096825;271.78930660286585;-300.56594863842264
2;17;13;4;249.61113142430077;-319.7182074550458;271.78930660286585;-300.56594863842264
2;17;14;4;310.90362680756283;-300.93572909705335;271.78930660286585;-300.56594863842264
2;18;0;0;-33.81072175512848;-572.0751560308404;-46.95221579928559;-542.2790369310313
2;18;1;0;-21.16978957533459;-515.0340989414959;-46.95221579928559;-542.2790369310313
2;18;2;1;839.8941934396897;458.00620467471964;875.2686882572054;459.83815355181684
2;18;3;1;877.5247391527727;480.30830536692946;875.2686882572054;459.83815355181684
2;18;4;1;868.3826173218112;431.7311833941823;875.2686882572054;459.83815355181684
2;18;5;1;893.8365997752837;478.2861814164554;875.2686882572054;459.83815355181684
2;18;6;2;-317.3351350100707;617.4716190430304;-301.2423030794726;636.5626001771668
2;18;7;2;-294.4696519038818;648.6222791598847;-301.2423030794726;636.5626001771668
2;18;8;2;-319.61046481482845;652.8503532008169;-301.2423030794726;636.5626001771668
2;18;9;3;-471.9453980545581;491.8180660257635;-447.9225596072695;472.2863311253451
2;18;10;3;-484.4667754816048;483.415275778044;-447.9225596072695;472.2863311253451
2;18;11;3;-441.55404818424245;452.15896438305447;-447.9225596072695;472.2863311253451
2;18;12;4;250.20401661348228;-325.7683178684847;273.0340955154576;-340.5465752038364
2;18;13;4;256.47262227574845;-359.41526910116676;273.0340955154576;-340.5465752038364
2;18;14;4;297.56682946311594;-332.74404016541365;273.0340955154576;-340.5465752038364
2;19;0;0;-51.01493022379468;-598.2868866324067;-66.8379299195317;-576.9857851787116
2;19;1;0;-54.17130000703001;-548.3056312419527;-66.8379299195317;-576.9857851787116
2;19;2;1;889.6930081479043;467.5903211387819;914.442108607215;467.927846876129
2;19;3;1;916.843872419754;490.5530447007773;914.442108607215;467.927846876129
2;19;4;1;902.1195487260476;433.5080052084877;914.442108607215;467.927846876129
2;19;5;1;938.1474279251588;485.64299679583576;914.442108607215;467.927846876129
2;19;6;2;-344.83623245847264;654.1001309798502;-330.9727624836076;663.3226409771939
2;19;7;2;-309.3567333858564;679.3451025438978;-330.9727624836076;663.3226409771939
2;19;8;2;-341.7260548850255;677.3691817723123;-330.9727624836076;663.3226409771939
2;19;9;3;-508.3737350882904;499.9027080629438;-486.2193655834915;483.8342595984358
2;19;10;3;-517.416206051105;484.64184070134854;-486.2193655834915;483.8342595984358
2;19;11;3;-464.86952427857756;459.1304836019002;-486.2193655834915;483.8342595984358
2;19;12;4;257.8655418109832;-365.2441415987675;274.2788844280493;-380.5272017692502
2;19;13;4;261.23538276620053;-389.2455690938877;274.2788844280493;-380.5272017692502
2;19;14;4;304.1001751293115;-390.66796399736785;274.2788844280493;-380.5272017692502
3;0;0;0;178.4834827688254;147.6622934251572;157.60620324597375;183.11258188536647
3;0;1;0;176.61352574632357;219.28182400886035;157.60620324597375;183.11258188536647
3;0;2;1;29.087631859393984;131.06217566372186;56.19207170480407;122.52756762532098
3;0;3;1;62.9297965732562;142.56366160256758;56.19207170480407;122.52756762532098
3;0;4;1;34.69784855159145;105.7783617836995;56.19207170480407;122.52756762532098
3;0;5;1;78.89768451889954;134.68535549863188;56.19207170480407;122.52756762532098
3;0;6;2;148.86519551615845;340.43914316998536;161.88336956527576;356.8061340322721
3;0;7;2;175.7238317778708;373.69958708133544;161.88336956527576;356.8061340322721
3;0;8;2;147.94793797903932;376.09552055368306;161.88336956527576;356.8061340322721
3;0;9;3;427.6660130041872;415.97834999431973;439.87757180259865;403.5285961133225
3;0;10;3;407.82113362417243;413.4813387008826;439.87757180259865;403.5285961133225
3;0;11;3;450.70774825596993;385.1395557703769;439.87757180259865;403.5285961133225
3;0;12;4;175.3581710354093;348.26129259317054;195.80119373685613;325.6569203126849
3;0;13;4;187.79655476563886;298.7597639654036;195.80119373685613;325.6569203126849
3;0;14;4;218.91855989159646;313.1726384945718;195.80119373685613;325.6569203126849
3;1;0;0;207.47878143586468;191.670048322648;181.01005016940013;215.5511384066549
3;1;1;0;185.73047781257736;246.9306245404608;181.01005016940013;215.5511384066549
3;1;2;1;-6.331065041929744;121.79657196593571;18.888223425154386;108.09070842642055
3;1;3;1;25.56447905727792;125.6168535129391;18.888223425154386;108.09070842642055
3;1;4;1;8.993405076535566;86.71414161509072;18.888223425154386;108.09070842642055
3;1;5;1;38.33429642257773;128.5756842310241;18.888223425154386;108.09070842642055
3;1;6;2;159.82665518036652;374.3123488894302;172.5513409233248;395.3573258050802
3;1;7;2;189.47429827259313;398.180539069341;172.5513409233248;395.3573258050802
3;1;8;2;159.41886721860752;408.21184313051293;172.5513409233248;395.3573258050802
3;1;9;3;419.3060480329586;449.7947233135084;444.8870670641232;443.21366833481096
3;1;10;3;419.4879437615505;455.64665350676;444.8870670641232;443.21366833481096
3;1;11;3;461.6421804978945;420.89440175659087;444.8870670641232;443.21366833481096
3;1;12;4;135.6796369137435;324.9629388175367;165.60341922050918;299.42536652226175
3;1;13;4;146.42547678654742;275.367004065015;165.60341922050918;299.42536652226175
3;1;14;4;196.3459251021406;295.9330870659977;165.60341922050918;299.42536652226175
3;2;0;0;225.67372584797903;211.92867547759036;204.41389709282652;247.98969492794333
3;2;1;0;217.0834202472363;278.4901226998625;204.41389709282652;247.98969492794333
3;2;2;1;-43.405980664716004;96.07916558971878;-18.4156248544953;93.65384922752011
3;2;3;1;-7.636348640885954;126.53958726575019;-18.4156248544953;93.65384922752011
3;2;4;1;-31.975933645613548;73.77553839823136;-18.4156248544953;93.65384922752011
3;2;5;1;-4.948773973373839;118.00652929210828;-18.4156248544953;93.65384922752011
3;2;6;2;163.02212619078472;408.51510255587505;183.21931228137385;433.90851757788835
3;2;7;2;205.87991067615758;445.2570977263326;183.21931228137385;433.90851757788835
3;2;8;2;166.16286546262214;439.4815309476838;183.21931228137385;433.90851757788835
3;2;9;3;427.9256338196861;499.2651943055281;449.8965623256477;482.8987405562994
3;2;10;3;430.2294285366444;494.5580515851289;449.8965623256477;482.8987405562994
3;2;11;3;453.6246642641575;464.92757911059266;449.8965623256477;482.8987405562994
3;2;12;4;111.85032126156953;286.3116482652963;135.40564470416223;273.1938127318386
3;2;13;4;112.32817351477225;250.1954924724439;135.40564470416223;273.1938127318386
3;2;14;4;159.11452110889815;269.1809398427722;135.40564470416223;273.1938127318386
3;3;0;0;251.99504385313696;250.67933012359057;227.8177440162529;280.42825144923177
3;3;1;0;247.61451116916413;316.83705019327243;227.8177440162529;280.42825144923177
3;3;2;1;-80.07192262774576;78.9498445686951;-55.719473134144984;79.21699002861968
3;3;3;1;-45.367622759804874;102.87801881095805;-55.719473134144984;79.21699002861968
3;3;4;1;-72.58584405040314;50.681570668251354;-55.719473134144984;79.21699002861968
3;3;5;1;-39.664838536156026;96.26506995614967;-55.719473134144984;79.21699002861968
3;3;6;2;184.70195951894914;448.2768818544378;193.8872836394229;472.45970935069647
3;3;7;2;210.87954942278296;489.02908094738;193.8872836394229;472.45970935069647
3;3;8;2;173.50136685279543;491.94118284054605;193.8872836394229;472.45970935069647
3;3;9;3;441.4490671776235;542.7468377569716;454.90605758717226;522.583812777788
3;3;10;3;427.7791226955936;524.3644123314407;454.90605758717226;522.583812777788
3;3;11;3;470.0650854732562;494.80462584522485;454.90605758717226;522.583812777788
3;3;12;4;71.59787920795857;259.49228308297984;105.20787018781516;246.96225894141543
3;3;13;4;88.69737408737593;214.55345066215187;105.20787018781516;246.96225894141543
3;3;14;4;140.24317702128312;237.4858899103221;105.20787018781516;246.96225894141543
3;4;0;0;276.4592958293216;282.7242117258379;251.2215909396793;312.8668079705202
3;4;1;0;278.33447606628044;344.69060573691706;251.2215909396793;312.8668079705202
3;4;2;1;-118.41241181732077;74.09061667626234;-93.02332141379466;64.78013082971924
3;4;3;1;-68.83694616472394;79.93029377673047;-93.02332141379466;64.78013082971924
3;4;4;1;-103.46054067614817;44.06837350061433;-93.02332141379466;64.78013082971924
3;4;5;1;-77.83190206357827;87.22544530585566;-93.02332141379466;64.78013082971924
3;4;6;2;188.1899493117349;492.64073957912655;204.55525499747193;511.0109011235046
3;4;7;2;222.41875586175644;511.74736479438684;204.55525499747193;511.0109011235046
3;4;8;2;190.67797516257852;531.1694291488442;204.55525499747193;511.0109011235046
3;4;9;3;436.00391084193245;575.6533975507718;459.9155528486968;562.268884999277
3;4;10;3;429.76642131898126;563.9752947680254;459.9155528486968;562.268884999277
3;4;11;3;474.2138338479992;548.1260418868869;459.9155528486968;562.268884999277
3;4;12;4;58.30453265935092;234.09115846718834;75.01009567146806;220.73070515099226
3;4;13;4;62.252169582855544;189.81381064689913;75.01009567146806;220.73070515099226
3;4;14;4;107.55529632789728;222.79218730821833;75.01009567146806;220.73070515099226
3;5;0;0;297.815946348108;320.158991699591;274.6254378631057;345.30536449180863
3;5;1;0;291.50704535952775;377.94356529356014;274.6254378631057;345.30536449180863
3;5;2;1;-152.2202617360598;52.61769480043069;-130.32716969344435;50.343271630818734
3;5;3;1;-118.74519718481493;75.56667336894063;-130.32716969344435;50.343271630818734
3;5;4;1;-137.50772383327487;24.18122676734559;-130.32716969344435;50.343271630818734
3;5;5;1;-112.76331656822214;71.32984999862849;-130.32716969344435;50.343271630818734
3;5;6;2;194.34272488265495;531.7882167600787;215.22322635552098;549.5620928963127
3;5;7;2;234.14105449328642;555.0472798952699;215.22322635552098;549.5620928963127
3;5;8;2;203.06585768690212;565.318832557283;215.22322635552098;549.5620928963127
3;5;9;3;444.87240956505065;618.3054520482916;464.9250481102213;601.953957220766
3;5;10;3;436.8423143945531;605.5896221483594;464.9250481102213;601.953957220766
3;5;11;3;478.9660907629472;581.4631028739761;464.9250481102213;601.953957220766
3;5;12;4;28.49964651822154;211.35743475346476;44.81232115512102;194.4991513605691
3;5;13;4;31.627041241558445;177.83033518198445;44.81232115512102;194.4991513605691
3;5;14;4;72.55366322523872;184.6930168933647;44.81232115512102;194.4991513605691
3;6;0;0;317.52394174072356;356.98320453768946;298.02928478653206;377.74392101309707
3;6;1;0;306.21090033379653;403.8580588541975;298.02928478653206;377.74392101309707
3;6;2;1;-193.64053467019167;38.86336436469851;-167.63101797309403;35.90641243191823
3;6;3;1;-158.42871560607543;59.13256970254421;-167.63101797309403;35.90641243191823
3;6;4;1;-179.01090472968312;19.20758552893872;-167.63101797309403;35.90641243191823
3;6;5;1;-157.2177924486736;58.16734366990857;-167.63101797309403;35.90641243191823
3;6;6;2;209.9954677385208;571.4255534286958;225.89119771357002;588.1132846691208
3;6;7;2;259.5183162603252;593.970934833154;225.89119771357002;588.1132846691208
3;6;8;2;210.51578988994407;608.8228010780277;225.89119771357002;588.1132846691208
3;6;9;3;448.8785491153666;657.9532687657387;469.93454337174586;641.639029442255
3;6;10;3;443.137596860982;649.5460548576798;469.93454337174586;641.639029442255
3;6;11;3;479.29094422585024;619.8385462244863;469.93454337174586;641.639029442255
3;6;12;4;2.383837182753867;187.50063397919058;14.614546638773993;168.26759757014594
3;6;13;4;1.6607269374030014;148.02618323360505;14.614546638773993;168.26759757014594
3;6;14;4;44.67996468408851;157.42373507450853;14.614546638773993;168.26759757014594
3;7;0;0;341.9344457196489;389.2684651512683;321.43313170995845;410.1824775343855
3;7;1;0;339.33683958386086;440.1493299315072;321.43313170995845;410.1824775343855
3;7;2;1;-227.45663592595494;21.237139032101933;-204.93486625274372;21.46955323301775
3;7;3;1;-198.74577965106226;47.74622000197304;-204.93486625274372;21.46955323301775
3;7;4;1;-212.11131063432663;-0.8025809892332216;-204.93486625274372;21.46955323301775
3;7;5;1;-184.8189201362971;37.892882499938324;-204.93486625274372;21.46955323301775
3;7;6;2;221.97791599327476;606.4127863475045;236.55916907161907;626.664476441929
3;7;7;2;252.1531452257519;644.04175791162;236.55916907161907;626.664476441929
3;7;8;2;222.48659396793903;635.4627434681876;236.55916907161907;626.664476441929
3;7;9;3;462.51361830943034;695.2582237846769;474.9440386332704;681.324101663744
3;7;10;3;450.4274122871978;680.1819488768435;474.9440386332704;681.324101663744
3;7;11;3;473.6908811360177;652.0031670128938;474.9440386332704;681.324101663744
3;7;12;4;-28.176111974410688;162.43171833593615;-15.58322787757305;142.03604377972277
3;7;13;4;-33.05132732441608;118.11256696121188;-15.58322787757305;142.03604377972277
3;7;14;4;17.791057600728788;132.9960571867091;-15.58322787757305;142.03604377972277
3;8;0;0;373.1595870927396;417.5569108235215;344.83697863338483;442.62103405567393
3;8;1;0;354.57190972751584;468.684930271321;344.83697863338483;442.62103405567393
3;8;2;1;-272.0508402666141;10.421890134259522;-242.2387145323934;7.032694034117277
3;8;3;1;-236.79866030775332;29.303353678794334;-242.2387145323934;7.032694034117277
3;8;4;1;-247.21541254653602;-17.61116361091387;-242.2387145323934;7.032694034117277
3;8;5;1;-225.43234980337792;26.333344790841785;-242.2387145323934;7.032694034117277
3;8;6;2;240.6034114771586;656.2525371650556;247.2271404296681;665.2156682147371
3;8;7;2;261.4396195774446;676.7605832768638;247.2271404296681;665.2156682147371
3;8;8;2;238.0981435538109;680.2829483393274;247.2271404296681;665.2156682147371
3;8;9;3;454.31014605770395;738.427489800826;479.95353389479493;721.009173885233
3;8;10;3;455.09875226427016;729.0725147246175;479.95353389479493;721.009173885233
3;8;11;3;492.0233033823842;692.0431214823478;479.95353389479493;721.009173885233
3;8;12;4;-70.47211462274988;135.00886857830912;-45.781002393920076;115.80448998929961
3;8;13;4;-63.29809589316913;93.84562629719305;-45.781002393920076;115.80448998929961
3;8;14;4;-16.936183781462262;120.2098782063062;-45.781002393920076;115.80448998929961
3;9;0;0;383.803765452678;440.08829205987576;368.2408255568112;475.05959057696236
3;9;1;0;397.7077788827328;497.3098691518871;368.2408255568112;475.05959057696236
3;9;2;1;-307.8691685320743;-5.98301482021364;-279.5425628120429;-7.404165164783198
3;9;3;1;-280.86532014514745;16.149057212301674;-279.5425628120429;-7.404165164783198
3;9;4;1;-298.17332715026726;-29.161276523300145;-279.5425628120429;-7.404165164783198
3;9;5;1;-254.41302197081123;7.769174399967799;-279.5425628120429;-7.404165164783198
3;9;6;2;251.3792692544842;680.8057006622658;257.89511178771716;703.7668599875452
3;9;7;2;281.7662873857574;715.4240907191339;257.89511178771716;703.7668599875452
3;9;8;2;243.51125521318744;716.5383928804299;257.89511178771716;703.7668599875452
3;9;9;3;462.530226272036;774.3694297470549;484.96302915631946;760.6942461067221
3;9;10;3;455.0905487978704;766.820083769116;484.96302915631946;760.6942461067221
3;9;11;3;495.0478973551417;747.9313342344484;484.96302915631946;760.6942461067221
3;9;12;4;-95.73868421594878;114.73176685389173;-75.97877691026713;89.57293619887645
3;9;13;4;-86.74057240187989;64.2089724474187;-75.97877691026713;89.57293619887645
3;9;14;4;-61.28312397938246;85.00428197882212;-75.97877691026713;89.57293619887645
3;10;0;0;412.80285505588085;486.7437156551084;391.6446724802376;507.4981470982508
3;10;1;0;403.6928498170362;544.3408649357788;391.6446724802376;507.4981470982508
3;10;2;1;-344.18593428186546;-27.311038609964815;-316.8464110916923;-21.84102436368367
3;10;3;1;-313.3915373232867;4.089250732468732;-316.8464110916923;-21.84102436368367
3;10;4;1;-325.3628148853039;-46.642922282012094;-316.8464110916923;-21.84102436368367
3;10;5;1;-293.54874081680066;-12.381734609035414;-316.8464110916923;-21.84102436368367
3;10;6;2;249.53212056098687;719.9233388414564;268.5630831457662;742.3180517603533
3;10;7;2;300.4058727650309;748.9376735147941;268.5630831457662;742.3180517603533
3;10;8;2;247.07294638710937;761.7745456743978;268.5630831457662;742.3180517603533
3;10;9;3;457.8289475727807;819.1092784111619;489.972524417844;800.3793183282111
3;10;10;3;463.5615282040159;796.9744844804645;489.972524417844;800.3793183282111
3;10;11;3;506.969704792276;780.8675651283779;489.972524417844;800.3793183282111
3;10;12;4;-125.45636194872876;90.42987632628642;-106.17655142661422;63.34138240845329
3;10;13;4;-117.73319844942709;42.926554303433555;-106.17655142661422;63.34138240845329
3;10;14;4;-79.6658355896627;59.29911335627151;-106.17655142661422;63.34138240845329
3;11;0;0;428.87114211558145;523.213839668193;415.048519403664;539.9367036195397
3;11;1;0;438.6958134879173;576.3445449868009;415.048519403664;539.9367036195397
3;11;2;1;-381.7747152207753;-39.21203843957091;-354.1502593713417;-36.27788356258415
3;11;3;1;-349.3344101006328;-11.685777275813615;-354.1502593713417;-36.27788356258415
3;11;4;1;-359.2687705628776;-57.111682275756905;-354.1502593713417;-36.27788356258415
3;11;5;1;-341.50766400770596;-22.565616318267196;-354.1502593713417;-36.27788356258415
3;11;6;2;266.85484209630977;755.5494698599776;279.23105450381524;780.8692435331615
3;11;7;2;307.9008403031379;790.7074429302022;279.23105450381524;780.8692435331615
3;11;8;2;267.31595619863265;794.8068503343812;279.23105450381524;780.8692435331615
3;11;9;3;469.17216985866037;849.6590135658921;494.98201967936853;840.0643905497001
3;11;10;3;471.3114614886098;844.511810862375;494.98201967936853;840.0643905497001
3;11;11;3;505.7217486162212;819.2188491597193;494.98201967936853;840.0643905497001
3;11;12;4;-156.5885193497402;61.76791700805743;-136.3743259429613;37.1098286180302
3;11;13;4;-165.19622568098464;9.607965600295593;-136.3743259429613;37.1098286180302
3;11;14;4;-112.51381915184943;34.9909081629115;-136.3743259429613;37.1098286180302
3;12;0;0;464.1542614074271;552.9457563442306;438.4523663270904;572.3752601408287
3;12;1;0;448.51231084381624;601.3359892911607;438.4523663270904;572.3752601408287
3;12;2;1;-421.375937558108;-56.772293378238594;-391.4541076509911;-50.71474276148466
3;12;3;1;-376.6522743175979;-34.05720606302136;-391.4541076509911;-50.71474276148466
3;12;4;1;-402.87076895425304;-77.96439397870317;-391.4541076509911;-50.71474276148466
3;12;5;1;-369.66305691168077;-49.81806698339789;-391.4541076509911;-50.71474276148466
3;12;6;2;280.51338643477686;809.9792416220637;289.8990258618643;819.4204353059696
3;12;7;2;306.8561327327518;827.9199560659466;289.8990258618643;819.4204353059696
3;12;8;2;264.6898612958751;833.0460184928178;289.8990258618643;819.4204353059696
3;12;9;3;487.4651238470086;901.0167690307679;499.99151494089307;879.7494627711891
3;12;10;3;469.2892690235066;878.4817541868659;499.99151494089307;879.7494627711891
3;12;11;3;513.5910186471576;854.5633656383291;499.99151494089307;879.7494627711891
3;12;12;4;-187.93106855875703;33.30338245417331;-166.57210045930825;10.878274827607104
3;12;13;4;-183.0239690425616;-7.751000084645275;-166.57210045930825;10.878274827607104
3;12;14;4;-136.5523385535806;4.749626868827687;-166.57210045930825;10.878274827607104
3;13;0;0;489.16805163978296;573.3040197145659;461.85621325051676;604.8138166621177
3;13;1;0;481.7245914487856;629.3526690831552;461.85621325051676;604.8138166621177
3;13;2;1;-451.4601428203348;-58.3301848857799;-428.7579559306405;-65.15160196038516
3;13;3;1;-423.9846911715017;-45.22384224069993;-428.7579559306405;-65.15160196038516
3;13;4;1;-437.80573671985263;-86.89910361559906;-428.7579559306405;-65.15160196038516
3;13;5;1;-417.5115084041045;-47.236808317568915;-428.7579559306405;-65.15160196038516
3;13;6;2;288.70986697855466;840.8523291096889;300.56699721991333;857.9716270787777
3;13;7;2;320.29683936537805;856.378820159859;300.56699721991333;857.9716270787777
3;13;8;2;278.74480973896453;869.4231955156159;300.56699721991333;857.9716270787777
3;13;9;3;489.80627633216176;935.3388582959592;505.0010102024176;919.4345349926781
3;13;10;3;477.70383428179605;914.7013904071072;505.0010102024176;919.4345349926781
3;13;11;3;518.0584734452768;889.3840721442104;505.0010102024176;919.4345349926781
3;13;12;4;-221.24139672658487;6.407593529590635;-196.7698749756552;-15.353278962816006
3;13;13;4;-217.85010182618902;-44.97519506014262;-196.7698749756552;-15.353278962816006
3;13;14;4;-169.67869126370576;-16.825861783616574;-196.7698749756552;-15.353278962816006
3;14;0;0;504.6027128163056;607.5717706158948;485.26006017394315;637.2523731834067
3;14;1;0;504.66247214087406;661.6621766321183;485.26006017394315;637.2523731834067
3;14;2;1;-493.03183147707136;-84.41269426176919;-466.0618042102899;-79.5884611592856
3;14;3;1;-458.8077327033069;-53.403740933305365;-466.0618042102899;-79.5884611592856
3;14;4;1;-468.4997510184233;-107.21617361376104;-466.0618042102899;-79.5884611592856
3;14;5;1;-451.87138904213356;-62.74790509378093;-466.0618042102899;-79.5884611592856
3;14;6;2;294.51893334117153;876.2164117332406;311.2349685779624;896.5228188515858
3;14;7;2;330.868231925414;906.0907650650825;311.2349685779624;896.5228188515858
3;14;8;2;287.85014667173573;915.3940149892439;311.2349685779624;896.5228188515858
3;14;9;3;491.30841001781414;970.1652973456081;510.01050546394214;959.1196072141671
3;14;10;3;476.97651782512753;973.2233989765857;510.01050546394214;959.1196072141671
3;14;11;3;525.6314009138815;931.8200970903924;510.01050546394214;959.1196072141671
3;14;12;4;-257.05793153020187;-16.922512275296885;-226.96764949200215;-41.5848327532391
3;14;13;4;-231.07723751721244;-69.63619777844225;-226.96764949200215;-41.5848327532391
3;14;14;4;-192.92153701001615;-44.80586362734135;-226.96764949200215;-41.5848327532391
3;15;0;0;537.5431926228885;641.1189783945898;508.66390709736953;669.6909297046957
3;15;1;0;527.198506044508;705.4507558221053;508.66390709736953;669.6909297046957
3;15;2;1;-527.7289096649433;-91.33386345777805;-503.3656524899393;-94.02532035818604
3;15;3;1;-490.68823752280036;-58.738196640208045;-503.3656524899393;-94.02532035818604
3;15;4;1;-508.70781361406625;-118.78045837084485;-503.3656524899393;-94.02532035818604
3;15;5;1;-486.3267188515463;-79.69553915250252;-503.3656524899393;-94.02532035818604
3;15;6;2;310.4496924355077;918.0035436702756;321.9029399360114;935.074010624394
3;15;7;2;330.40286679824754;947.5833176436346;321.9029399360114;935.074010624394
3;15;8;2;301.3925118273586;953.0855668180454;321.9029399360114;935.074010624394
3;15;9;3;495.0998467905529;1010.1063488188664;515.0200007254666;998.8046794356561
3;15;10;3;492.18386669141665;1001.8397492006576;515.0200007254666;998.8046794356561
3;15;11;3;526.5819689626893;974.4632789329903;515.0200007254666;998.8046794356561
3;15;12;4;-279.48367111676765;-52.34286329811;-257.16542400834913;-67.8163865436622
3;15;13;4;-263.8589581537157;-90.32570935550794;-257.16542400834913;-67.8163865436622
3;15;14;4;-228.14122980813076;-73.27028271353467;-257.16542400834913;-67.8163865436622
3;16;0;0;562.3826229094211;683.0643409787693;532.0677540207954;702.1294862259847
3;16;1;0;543.1857976861198;737.1876400666997;532.0677540207954;702.1294862259847
3;16;2;1;-562.506692474517;-113.42168070495408;-540.6695007695887;-108.46217955708647
3;16;3;1;-543.3569419817335;-93.67749553457293;-540.6695007695887;-108.46217955708647
3;16;4;1;-558.4262957498073;-136.6936073062389;-540.6695007695887;-108.46217955708647
3;16;5;1;-519.9907146856355;-91.74776125305556;-540.6695007695887;-108.46217955708647
3;16;6;2;317.26644154815807;961.7831554401331;332.57091129406047;973.6252023972021
3;16;7;2;353.92784328516814;980.875085647558;332.57091129406047;973.6252023972021
3;16;8;2;315.21788767766566;981.9993604396172;332.57091129406047;973.6252023972021
3;16;9;3;494.26844221257204;1050.9995986466715;520.0294959869912;1038.489751657145
3;16;10;3;493.4977893115518;1043.1491799190517;520.0294959869912;1038.489751657145
3;16;11;3;537.8769435194423;1007.141914067767;520.0294959869912;1038.489751657145
3;16;12;4;-310.2615162245982;-73.8630246162237;-287.3631985246961;-94.04794033408537
3;16;13;4;-298.86106025316985;-120.50016870761361;-287.3631985246961;-94.04794033408537
3;16;14;4;-258.2922167897517;-95.26503275483564;-287.3631985246961;-94.04794033408537
3;17;0;0;570.7630621659827;710.1824911408165;555.4716009442212;734.5680427472737
3;17;1;0;573.5849179619739;770.3669543858806;555.4716009442212;734.5680427472737
3;17;2;1;-604.8401643656939;-128.00734897017583;-577.9733490492381;-122.89903875598691
3;17;3;1;-569.8781538625294;-104.81652637094692;-577.9733490492381;-122.89903875598691
3;17;4;1;-585.0667681626076;-141.42756977943478;-577.9733490492381;-122.89903875598691
3;17;5;1;-567.592704264439;-93.72112921864323;-577.9733490492381;-122.89903875598691
3;17;6;2;329.7534851214425;990.8562378857074;343.2388826521095;1012.1763941700102
3;17;7;2;363.45329676661885;1028.0206009932267;343.2388826521095;1012.1763941700102
3;17;8;2;326.5356857458644;1029.411437853261;343.2388826521095;1012.1763941700102
3;17;9;3;499.8385302598664;1096.365337455137;525.0389912485157;1078.174823878634
3;17;10;3;493.78967490531136;1082.0071400911474;525.0389912485157;1078.174823878634
3;17;11;3;540.0958711259755;1051.7144131556386;525.0389912485157;1078.174823878634
3;17;12;4;-339.90848195269393;-101.43588760095926;-317.56097304104304;-120.27949412450853
3;17;13;4;-335.7127491107147;-149.55903744723852;-317.56097304104304;-120.27949412450853
3;17;14;4;-289.6745389489376;-117.94758414728838;-317.56097304104304;-120.27949412450853
3;18;0;0;597.4369672109707;745.0123774408421;578.875447867647;767.0065992685627
3;18;1;0;588.6243600917334;794.6418943497674;578.875447867647;767.0065992685627
3;18;2;1;-647.1369360543473;-135.2619088367337;-615.2771973288875;-137.33589795488734
3;18;3;1;-603.486320573652;-102.33058917335555;-615.2771973288875;-137.33589795488734
3;18;4;1;-615.6253430279394;-163.99145544690884;-615.2771973288875;-137.33589795488734
3;18;5;1;-605.5320070147086;-124.07580247196039;-615.2771973288875;-137.33589795488734
3;18;6;2;335.21910840529347;1041.002415368942;353.90685401015855;1050.7275859428185
3;18;7;2;365.28142701549365;1070.8047406736857;353.90685401015855;1050.7275859428185
3;18;8;2;341.3725530446379;1072.027159903268;353.90685401015855;1050.7275859428185
3;18;9;3;506.2960501472747;1139.4338876760257;530.0484865100402;1117.859896100123
3;18;10;3;504.8650220570106;1126.8621549086988;530.0484865100402;1117.859896100123
3;18;11;3;539.5071003493917;1096.1841223253928;530.0484865100402;1117.859896100123
3;18;12;4;-372.0159794742144;-131.54695521243144;-347.75874755739;-146.51104791493168
3;18;13;4;-364.9987993061769;-174.9744884059138;-347.75874755739;-146.51104791493168
3;18;14;4;-323.73708171600964;-156.064861212076;-347.75874755739;-146.51104791493168
3;19;0;0;621.9638438791657;772.8371232284503;602.2792947910729;799.4451557898517
3;19;1;0;618.4792322101064;818.2929492174428;602.2792947910729;799.4451557898517
3;19;2;1;-670.8387842459413;-147.6536762742007;-652.5810456085369;-151.77275715378778
3;19;3;1;-652.3817698671571;-137.16470989822488;-652.5810456085369;-151.77275715378778
3;19;4;1;-661.2285494955637;-181.58533750305975;-652.5810456085369;-151.77275715378778
3;19;5;1;-632.1620808820493;-131.6566405158716;-652.5810456085369;-151.77275715378778
3;19;6;2;342.3619342484969;1074.2230444550178;364.5748253682076;1089.2787777156266
3;19;7;2;382.7925060066417;1095.9979253905385;364.5748253682076;1089.2787777156266
3;19;8;2;350.88031690518795;1103.5716308165527;364.5748253682076;1089.2787777156266
3;19;9;3;517.0339114568014;1175.8792873877696;535.0579817715648;1157.544968321612
3;19;10;3;506.61759890189126;1162.8216227958533;535.0579817715648;1157.544968321612
3;19;11;3;547.5971620810622;1139.8300600320379;535.0579817715648;1157.544968321612
3;19;12;4;-397.44089787066736;-151.09824641457593;-377.95652207373695;-172.74260170535484
3;19;13;4;-387.8459419060614;-189.88160384211207;-377.95652207373695;-172.74260170535484
3;19;14;4;-352.02022185069734;-177.31155626368792;-377.95652207373695;-172.74260170535484
4;0;0;0;233.95664883570882;216.4269445303501;219.87941690737944;241.23162600233624
4;0;1;0;233.30246110641679;276.68593054745486;219.87941690737944;241.23162600233624
4;0;2;1;344.04835403289803;321.0047646382526;364.8800763831597;323.4373985455216
4;0;3;1;372.1418477928789;354.89331753871085;364.8800763831597;323.4373985455216
4;0;4;1;352.31763662338585;304.4553480409451;364.8800763831597;323.4373985455216
4;0;5;1;382.1970049850116;347.51634949948624;364.8800763831597;323.4373985455216
4;0;6;2;179.39117909784503;57.14219338728386;186.58153405629307;80.18353052292807
4;0;7;2;206.65273787153276;95.1695081810998;186.58153405629307;80.18353052292807
4;0;8;2;168.95929800456577;96.9519931106619;186.58153405629307;80.18353052292807
4;0;9;3;244.5678519121456;300.15332870406473;272.9631880109182;285.37940700624057
4;0;10;3;258.0374399245584;296.1860358358418;272.9631880109182;285.37940700624057
4;0;11;3;280.67864357679065;256.4129890974032;272.9631880109182;285.37940700624057
4;0;12;4;121.16060557865302;315.15500024451796;138.99567935535669;300.9226790486358
4;0;13;4;120.49059405833313;276.64846994157926;138.99567935535669;300.9226790486358
4;0;14;4;166.53711077506026;290.8095419510564;138.99567935535669;300.9226790486358
4;1;0;0;203.3796874994646;220.8002811345412;180.22131399987006;246.45033022631762
4;1;1;0;197.27130010267703;270.07125300609647;180.22131399987006;246.45033022631762
4;1;2;1;328.06856401021525;369.33323037589093;356.87726304705484;362.62866005504014
4;1;3;1;362.22750763415524;392.81891445458444;356.87726304705484;362.62866005504014
4;1;4;1;342.145204198376;341.4094470246576;356.87726304705484;362.62866005504014
4;1;5;1;376.1380300327223;377.29714770514465;356.87726304705484;362.62866005504014
4;1;6;2;184.97469855314864;22.973282322310865;195.80875700670546;41.26234918649655
4;1;7;2;215.68418467547093;45.16204254257099;195.80875700670546;41.26234918649655
4;1;8;2;186.40763652131992;60.0660724397879;195.80875700670546;41.26234918649655
4;1;9;3;290.9574410271897;305.8566392524663;311.3551173877838;296.60704071605545
4;1;10;3;284.9203416425328;298.97300276904144;311.3551173877838;296.60704071605545
4;1;11;3;316.6502103760804;270.9508825760066;311.3551173877838;296.60704071605545
4;1;12;4;81.7151433820571;336.4686615899242;106.93099677899058;324.836192618935
4;1;13;4;88.07683834834378;304.2406164769632;106.93099677899058;324.836192618935
4;1;14;4;131.0784534634509;316.6210958573146;106.93099677899058;324.836192618935
4;2;0;0;161.10193991746885;233.06995299120513;140.5632110923607;251.669034450299
4;2;1;0;155.17272644647048;287.35195250945196;140.5632110923607;251.669034450299
4;2;2;1;330.0595376763214;402.8419660776034;348.87444971095;401.8199215645587
4;2;3;1;354.3989283533205;434.5333660439933;348.87444971095;401.8199215645587
4;2;4;1;332.69911694315766;376.14961948496045;348.87444971095;401.8199215645587
4;2;5;1;369.954611936811;426.570732744618;348.87444971095;401.8199215645587
4;2;6;2;186.13192465472008;-13.431055519547808;205.03597995711786;2.3411678500650344
4;2;7;2;220.04774719939198;15.403155906088351;205.03597995711786;2.3411678500650344
4;2;8;2;192.288164214424;16.874756373184066;205.03597995711786;2.3411678500650344
4;2;9;3;311.99127581899234;334.06776818730384;349.74704676464944;307.83467442587033
4;2;10;3;327.59375032833276;302.0449267111038;349.74704676464944;307.83467442587033
4;2;11;3;363.49078114440357;288.51699916608766;349.74704676464944;307.83467442587033
4;2;12;4;49.70049665802335;365.72174700699816;74.86631420262442;348.7497061892342
4;2;13;4;61.28288297989106;311.9195460580255;74.86631420262442;348.7497061892342
4;2;14;4;104.98448624574652;342.05572719030226;74.86631420262442;348.7497061892342
4;3;0;0;118.0366060659251;239.6273364576061;100.90510818485141;256.8877386742804
4;3;1;0;121.923606622307;290.6812624956202;100.90510818485141;256.8877386742804
4;3;2;1;319.9651381545783;438.1951717366932;340.87163637484514;441.0111830740772
4;3;3;1;350.9106791673343;466.24677225470117;340.87163637484514;441.0111830740772
4;3;4;1;333.76571761631385;420.8798022339331;340.87163637484514;441.0111830740772
4;3;5;1;357.0345620371341;447.6190615849006;340.87163637484514;441.0111830740772
4;3;6;2;201.31019541702764;-54.099880115800985;214.26320290753026;-36.580013486366475
4;3;7;2;236.53582038576081;-22.300102084354872;214.26320290753026;-36.580013486366475
4;3;8;2;199.74234850873333;-23.246784616811333;214.26320290753026;-36.580013486366475
4;3;9;3;368.48182025000733;340.40760703398007;388.13897614151506;319.0623081356852
4;3;10;3;355.03732098831307;323.7613044570758;388.13897614151506;319.0623081356852
4;3;11;3;400.7174633634669;296.462142357342;388.13897614151506;319.0623081356852
4;3;12;4;18.133260253751573;393.0253489251165;42.80163162625832;372.6632197595334
4;3;13;4;22.231513774840174;345.90859468663484;42.80163162625832;372.6632197595334
4;3;14;4;77.36562799086187;365.50740375238917;42.80163162625832;372.6632197595334
4;4;0;0;82.0763442681503;246.12943413185445;61.247005277342176;262.1064428982618
4;4;1;0;76.94927969994158;291.6459336943685;61.247005277342176;262.1064428982618
4;4;2;1;311.19046336330086;484.8155823742765;332.8688230387403;480.20244458359576
4;4;3;1;336.3432433122368;511.5932886135582;332.8688230387403;480.20244458359576
4;4;4;1;313.9826026156211;454.99957768864004;332.8688230387403;480.20244458359576
4;4;5;1;345.4906869466578;497.8667066939818;332.8688230387403;480.20244458359576
4;4;6;2;214.16396701028546;-90.83664243908882;223.49042585794265;-75.50119482279798
4;4;7;2;242.49864706082772;-70.61005658155791;223.49042585794265;-75.50119482279798
4;4;8;2;200.90584117678011;-56.626917480172736;223.49042585794265;-75.50119482279798
4;4;9;3;401.58951481636143;341.3636069383082;426.5309055183807;330.2899418455001
4;4;10;3;406.9953724453489;335.88663425877894;426.5309055183807;330.2899418455001
4;4;11;3;435.54223325590243;309.65622330829484;426.5309055183807;330.2899418455001
4;4;12;4;-12.625942654679644;423.16698170754415;10.736949049892218;396.57673332983256
4;4;13;4;0.8792380066323666;377.4196822225211;10.736949049892218;396.57673332983256
4;4;14;4;48.11908199900938;394.58101737353707;10.736949049892218;396.57673332983256
4;5;0;0;44.55372786410652;242.07498136809127;21.588902369832873;267.32514712224315
4;5;1;0;39.982514715832366;300.3605289273471;21.588902369832873;267.32514712224315
4;5;2;1;303.0908965460509;520.0487650944725;324.86600970263544;519.3937060931142
4;5;3;1;335.1499935630975;544.1961876799172;324.86600970263544;519.3937060931142
4;5;4;1;316.8752743289319;500.6256191166126;324.86600970263544;519.3937060931142
4;5;5;1;338.91796201564557;536.3441373548667;324.86600970263544;519.3937060931142
4;5;6;2;223.63756241520775;-120.60216664996523;232.71764880835505;-114.4223761592295
4;5;7;2;251.66085305961712;-108.98854999925503;232.71764880835505;-114.4223761592295
4;5;8;2;213.4001282460849;-97.46771789820835;232.71764880835505;-114.4223761592295
4;5;9;3;445.0605231770189;354.66140934844776;464.9228348952463;341.517575555315
4;5;10;3;440.4963893058336;344.22439582542125;464.9228348952463;341.517575555315
4;5;11;3;481.2373706351766;313.7155176929419;464.9228348952463;341.517575555315
4;5;12;4;-40.27991380910352;430.05746539927526;-21.327733526473885;420.49024690013175
4;5;13;4;-35.389979970759896;391.2543290199968;-21.327733526473885;420.49024690013175
4;5;14;4;2.17036166690745;414.65341779392406;-21.327733526473885;420.49024690013175
4;6;0;0;-0.4937784688081317;243.78447155378464;-18.069200537676426;272.5438513462245
4;6;1;0;-1.5435846931235446;303.05054031563213;-18.069200537676426;272.5438513462245
4;6;2;1;290.55559926352703;557.7905846583519;316.8631963665306;558.5849676026322
4;6;3;1;319.0526999283191;579.3178793897865;316.8631963665306;558.5849676026322
4;6;4;1;312.66032603443625;533.2841080632502;316.8631963665306;558.5849676026322
4;6;5;1;332.74723640531477;582.6768180162749;316.8631963665306;558.5849676026322
4;6;6;2;239.92231025191523;-163.55193502919272;241.94487175876745;-153.343557495661
4;6;7;2;264.3279407273611;-143.3350269104032;241.94487175876745;-153.343557495661
4;6;8;2;219.57036556044108;-140.4137915166823;241.94487175876745;-153.343557495661
4;6;9;3;486.18641040135014;361.40293718241554;503.3147642721119;352.74520926512986
4;6;10;3;481.67933282181855;338.54270302559075;503.3147642721119;352.74520926512986
4;6;11;3;516.8311747510443;323.13175701136754;503.3147642721119;352.74520926512986
4;6;12;4;-79.38577988695442;462.55551400883115;-53.39241610283998;444.40376047043094
4;6;13;4;-69.3467494039409;418.8382462395632;-53.39241610283998;444.40376047043094
4;6;14;4;-25.49441986354302;435.85870602825526;-53.39241610283998;444.40376047043094
4;7;0;0;-32.39909512501417;249.64346609506043;-57.727303445185726;277.7625555702059
4;7;1;0;-38.46373554611753;316.126022958376;-57.727303445185726;277.7625555702059
4;7;2;1;286.8162964261513;605.1575873584278;308.86038303042574;597.7762291121502
4;7;3;1;317.16312820033505;629.8531342034946;308.86038303042574;597.7762291121502
4;7;4;1;299.8566004184883;573.8685658741815;308.86038303042574;597.7762291121502
4;7;5;1;322.5616881917623;617.3006948036619;308.86038303042574;597.7762291121502
4;7;6;2;239.4836234401335;-215.01217285219164;251.17209470917985;-192.26473883209252
4;7;7;2;266.9062758154708;-186.29323894633663;251.17209470917985;-192.26473883209252
4;7;8;2;240.44466323325304;-171.27439806323534;251.17209470917985;-192.26473883209252
4;7;9;3;520.4435377250403;382.2298075523831;541.7066936489775;363.97284297494474
4;7;10;3;517.7949800835313;367.64975982935573;541.7066936489775;363.97284297494474
4;7;11;3;551.1297002560415;333.0438538579613;541.7066936489775;363.97284297494474
4;7;12;4;-104.52465761674223;484.70659143453497;-85.45709867920611;468.3172740407301
4;7;13;4;-106.89626612606119;442.50503041690047;-85.45709867920611;468.3172740407301
4;7;14;4;-60.49217494411281;464.8769271593299;-85.45709867920611;468.3172740407301
4;8;0;0;-74.93302224647142;256.8495438451537;-97.38540635269497;282.9812597941873
4;8;1;0;-86.33222188132558;319.5714686557226;-97.38540635269497;282.9812597941873
4;8;2;1;269.9807990155117;633.0295989703689;300.8575696943209;636.9674906216682
4;8;3;1;310.1356905311805;660.0787938319047;300.8575696943209;636.9674906216682
4;8;4;1;302.2569849983735;612.2043651683862;300.8575696943209;636.9674906216682
4;8;5;1;317.3702057296913;654.382968606989;300.8575696943209;636.9674906216682
4;8;6;2;244.28365663646696;-262.6449945238331;260.3993176595922;-231.18592016852404
4;8;7;2;279.7994634091305;-223.4892554662305;260.3993176595922;-231.18592016852404
4;8;8;2;240.37025516448517;-215.6265885413718;260.3993176595922;-231.18592016852404
4;8;9;3;553.4650744343515;392.8473594603646;580.0986230258432;375.2004766847596
4;8;10;3;555.5817677820128;383.1171019815252;580.0986230258432;375.2004766847596
4;8;11;3;601.3458495743479;348.1802334422071;580.0986230258432;375.2004766847596
4;8;12;4;-140.25014919591115;505.9874175301849;-117.52178125557226;492.2307876110293
4;8;13;4;-130.06686693007592;469.40969965168006;-117.52178125557226;492.2307876110293
4;8;14;4;-83.04599160806372;490.19163631229856;-117.52178125557226;492.2307876110293
4;9;0;0;-115.72296868022983;262.1244782785294;-137.04350926020425;288.19996401816866
4;9;1;0;-120.39339127439831;317.7789896304929;-137.04350926020425;288.19996401816866
4;9;2;1;265.9750280076496;674.3634858279673;292.85475635821604;676.1587521311861
4;9;3;1;303.76095354548636;693.0593305071894;292.85475635821604;676.1587521311861
4;9;4;1;283.46066938949957;652.8240419379101;292.85475635821604;676.1587521311861
4;9;5;1;318.0595877465538;695.4681141174408;292.85475635821604;676.1587521311861
4;9;6;2;250.22714093569144;-281.12129626796536;269.6265406100046;-270.10710150495544
4;9;7;2;281.6651910870144;-264.59777922700357;269.6265406100046;-270.10710150495544
4;9;8;2;254.270458205896;-255.11231274599817;269.6265406100046;-270.10710150495544
4;9;9;3;604.2800410414516;401.9035619797301;618.4905524027088;386.4281103945745
4;9;10;3;585.2563794824566;388.00895280416;618.4905524027088;386.4281103945745
4;9;11;3;628.03358877074;358.4193537636486;618.4905524027088;386.4281103945745
4;9;12;4;-168.30919329713305;532.7176525830637;-149.58646383193832;516.1443011813286
4;9;13;4;-163.8132878668339;492.2598608449769;-149.58646383193832;516.1443011813286
4;9;14;4;-124.49040037181054;515.2323776533611;-149.58646383193832;516.1443011813286
4;10;0;0;-139.39910681302695;263.4259901707339;-176.70161216771362;293.41866824215003
4;10;1;0;-153.8582365204808;323.97678605734336;-176.70161216771362;293.41866824215003
4;10;2;1;264.3292562056597;714.2435106416701;284.8519430221112;715.3500136407041
4;10;3;1;288.2889376598496;736.3093948093078;284.8519430221112;715.3500136407041
4;10;4;1;267.0768718211847;690.9979171304353;284.8519430221112;715.3500136407041
4;10;5;1;298.2428636124957;729.8979138296227;284.8519430221112;715.3500136407041
4;10;6;2;270.024520210905;-327.20320784850287;278.853763560417;-309.02828284138667
4;10;7;2;301.92651776687444;-300.3984295529322;278.853763560417;-309.02828284138667
4;10;8;2;273.7687357202159;-294.3234103874147;278.853763560417;-309.02828284138667
4;10;9;3;628.1646721130901;400.7928890030233;656.8824817795744;397.6557441043894
4;10;10;3;624.0348989310678;405.2531025223989;656.8824817795744;397.6557441043894
4;10;11;3;678.9628919931209;374.01609523352425;656.8824817795744;397.6557441043894
4;10;12;4;-205.7086468017748;552.1942136921173;-181.65114640830433;540.0578147516284
4;10;13;4;-190.32569656244414;522.3373964024848;-181.65114640830433;540.0578147516284
4;10;14;4;-156.86846366044807;533.2318744358954;-181.65114640830433;540.0578147516284
4;11;0;0;-193.3970691378495;280.35339619538195;-216.359715075223;298.6373724661314
4;11;1;0;-195.83592115846218;322.2762354701218;-216.359715075223;298.6373724661314
4;11;2;1;252.85199324094037;752.0178604196698;276.84912968600634;754.5412751502221
4;11;3;1;280.5303920796157;775.2500396787196;276.84912968600634;754.5412751502221
4;11;4;1;276.3328887936068;725.0910191091946;276.84912968600634;754.5412751502221
4;11;5;1;286.11496383336754;768.6048176183153;276.84912968600634;754.5412751502221
4;11;6;2;280.01549464393247;-367.3874945720456;288.0809865108294;-347.9494641778179
4;11;7;2;306.1896264296672;-335.72639495625117;288.0809865108294;-347.9494641778179
4;11;8;2;270.74688892586556;-334.99891509657124;288.0809865108294;-347.9494641778179
4;11;9;3;658.1645905432591;428.38983871399626;695.27441115644;408.88337781420427
4;11;10;3;665.8766727975723;417.1315618308411;695.27441115644;408.88337781420427
4;11;11;3;705.7969030928384;381.1875879319503;695.27441115644;408.88337781420427
4;11;12;4;-238.0610416677745;580.0783006565186;-213.71582898467034;563.9713283219281
4;11;13;4;-231.90546105126754;538.0117759432449;-213.71582898467034;563.9713283219281
4;11;14;4;-183.62144744340804;554.6279035046027;-213.71582898467034;563.9713283219281
4;12;0;0;-227.99855415549774;277.2530354234599;-256.01781798273237;303.8560766901128
4;12;1;0;-239.73145080742944;346.1188948762021;-256.01781798273237;303.8560766901128
4;12;2;1;244.2690140944581;799.8743459901968;268.8463163499015;793.73253665974
4;12;3;1;279.99195719443543;816.7791504330141;268.8463163499015;793.73253665974
4;12;4;1;256.7544687919571;772.5176591855209;268.8463163499015;793.73253665974
4;12;5;1;282.03758157104437;817.6869543625746;268.8463163499015;793.73253665974
4;12;6;2;282.4406408679144;-400.9580903134757;297.3082094612418;-386.87064551424913
4;12;7;2;314.6848518152134;-376.4612825652899;297.3082094612418;-386.87064551424913
4;12;8;2;286.85623758418876;-366.72017839525057;297.3082094612418;-386.87064551424913
4;12;9;3;717.3369178739304;436.627431686319;733.6663405333056;420.11101152401915
4;12;10;3;702.4771849722808;424.67045891343224;733.6663405333056;420.11101152401915
4;12;11;3;737.265801487864;391.3174113629304;733.6663405333056;420.11101152401915
4;12;12;4;-271.0539719666934;604.9354379068485;-245.78051156103635;587.8848418922279
4;12;13;4;-259.0957510445722;568.1142855959721;-245.78051156103635;587.8848418922279
4;12;14;4;-210.15166359943768;586.5277681122112;-245.78051156103635;587.8848418922279
4;13;0;0;-279.89519997478095;282.92395836445013;-295.67592089024174;309.07478091409416
4;13;1;0;-275.8568851348258;339.81335915081814;-295.67592089024174;309.07478091409416
4;13;2;1;232.58557108213574;845.0387248740421;260.84350301379664;832.923798169258
4;13;3;1;267.13441932033857;853.2714391831992;260.84350301379664;832.923798169258
4;13;4;1;245.7129870496447;814.2536846703726;260.84350301379664;832.923798169258
4;13;5;1;279.05447347395847;854.1121495018307;260.84350301379664;832.923798169258
4;13;6;2;298.2433543114828;-449.7765140675091;306.5354324116542;-425.79182685068037
4;13;7;2;324.50382841594086;-415.98548509117626;306.5354324116542;-425.79182685068037
4;13;8;2;295.06864053439796;-401.8089696732032;306.5354324116542;-425.79182685068037
4;13;9;3;743.155263717818;456.66950598783217;772.0582699101712;431.33864523383403
4;13;10;3;750.9471732991815;432.63777731105574;772.0582699101712;431.33864523383403
4;13;11;3;786.0829190794112;406.99402521894154;772.0582699101712;431.33864523383403
4;13;12;4;-310.2592267193346;629.1188584591266;-277.84519413740253;611.7983554625276
4;13;13;4;-299.3783807815816;583.0433159884643;-277.84519413740253;611.7983554625276
4;13;14;4;-250.24092753085097;605.8330303017448;-277.84519413740253;611.7983554625276
4;14;0;0;-317.083360787062;286.4531958003625;-335.3340237977511;314.29348513807554
4;14;1;0;-313.8611976688391;337.5807074794634;-335.3340237977511;314.29348513807554
4;14;2;1;219.87344138959256;878.278834030817;252.84068967769178;872.115059678776
4;14;3;1;268.58666611657173;902.6280169670453;252.84068967769178;872.115059678776
4;14;4;1;249.1465818352189;848.7327595892183;252.84068967769178;872.115059678776
4;14;5;1;268.21416758751025;883.1840495189895;252.84068967769178;872.115059678776
4;14;6;2;303.89754822493626;-476.2814412079231;315.7626553620666;-464.7130081871116
4;14;7;2;330.11146668741117;-456.9428169733906;315.7626553620666;-464.7130081871116
4;14;8;2;294.80383651873035;-448.5818199968582;315.7626553620666;-464.7130081871116
4;14;9;3;788.4355148344455;466.27571051870467;810.4501992870369;442.5662789436489
4;14;10;3;785.7079419755099;446.83120897019546;810.4501992870369;442.5662789436489
4;14;11;3;818.06853964998;412.8068947889613;810.4501992870369;442.5662789436489
4;14;12;4;-330.3888461396163;647.5952436234439;-309.9098767137688;635.7118690328274
4;14;13;4;-311.17874331680616;614.955728498078;-309.9098767137688;635.7118690328274
4;14;14;4;-277.8158604893276;612.1969022083806;-309.9098767137688;635.7118690328274
4;15;0;0;-349.50852523761597;299.2213158042743;-374.9921267052605;319.5121893620569
4;15;1;0;-352.93726136440944;346.49041029717273;-374.9921267052605;319.5121893620569
4;15;2;1;212.31047452909615;911.9350459087686;244.83787634158693;911.306321188294
4;15;3;1;260.474513198081;932.2637112155352;244.83787634158693;911.306321188294
4;15;4;1;241.1047177536945;883.3816349394542;244.83787634158693;911.306321188294
4;15;5;1;257.36053395113805;932.3041177053267;244.83787634158693;911.306321188294
4;15;6;2;308.6097711014339;-520.7821391368631;324.989878312479;-503.63418952354283
4;15;7;2;344.16809897498354;-491.71219494469716;324.989878312479;-503.63418952354283
4;15;8;2;295.68269357457154;-494.6729976306639;324.989878312479;-503.63418952354283
4;15;9;3;829.6557218334572;469.0923302528671;848.8421286639025;453.7939126534638
4;15;10;3;823.0728781963056;464.94768070026737;848.8421286639025;453.7939126534638
4;15;11;3;865.7563756368107;429.74386238046105;848.8421286639025;453.7939126534638
4;15;12;4;-374.26800644777825;672.3904428150657;-341.9745592901351;659.6253826031272
4;15;13;4;-356.1540918960133;638.9237888218022;-341.9745592901351;659.6253826031272
4;15;14;4;-313.75037894990686;653.8763210352938;-341.9745592901351;659.6253826031272
4;16;0;0;-392.46398680281504;293.64047718205313;-414.65022961276986;324.7308935860383
4;16;1;0;-390.287605516766;356.48537661980663;-414.65022961276986;324.7308935860383
4;16;2;1;201.51459677144834;963.4968077167579;236.83506300548208;950.4975826978119
4;16;3;1;237.82911758640242;974.9281793992717;236.83506300548208;950.4975826978119
4;16;4;1;229.81366512116298;934.2405783056706;236.83506300548208;950.4975826978119
4;16;5;1;256.6830963792539;967.064327157533;236.83506300548208;950.4975826978119
4;16;6;2;326.4573295784088;-555.2451694514608;334.2171012628914;-542.5553708599745
4;16;7;2;357.10646335057623;-543.7890499579541;334.2171012628914;-542.5553708599745
4;16;8;2;315.160329971702;-530.0185274031452;334.2171012628914;-542.5553708599745
4;16;9;3;863.3681444266392;473.619886838208;887.2340580407681;465.0215463632787
4;16;10;3;875.183621051416;464.9155184061336;887.2340580407681;465.0215463632787
4;16;11;3;896.794882756142;445.3002620111774;887.2340580407681;465.0215463632787
4;16;12;4;-394.6937166997652;693.2466382269636;-374.0392418665014;683.5388961734269
4;16;13;4;-387.2587035281863;658.3127031092654;-374.0392418665014;683.5388961734269
4;16;14;4;-347.9601531448712;672.7097711449393;-374.0392418665014;683.5388961734269
4;17;0;0;-423.9325396933965;303.09337076170505;-454.30833252027924;329.94959781001967
4;17;1;0;-441.4211374383223;365.860355415331;-454.30833252027924;329.94959781001967
4;17;2;1;193.87705447075788;992.8302282380578;228.83224966937723;989.6888442073299
4;17;3;1;235.8169914973765;1016.0821154834514;228.83224966937723;989.6888442073299
4;17;4;1;213.21562304722642;964.0363956827889;228.83224966937723;989.6888442073299
4;17;5;1;251.86499934298092;1003.471575446898;228.83224966937723;989.6888442073299
4;17;6;2;333.4584206245425;-594.5116640511656;343.4443242133038;-581.4765521964063
4;17;7;2;361.42571568042445;-570.0117362984976;343.4443242133038;-581.4765521964063
4;17;8;2;326.1764456994364;-565.836914019574;343.4443242133038;-581.4765521964063
4;17;9;3;899.6972197205516;491.82479828779594;925.6259874176337;476.24918007309356
4;17;10;3;893.5206236216861;482.23038116584877;925.6259874176337;476.24918007309356
4;17;11;3;935.6756154613103;453.94723360873246;925.6259874176337;476.24918007309356
4;17;12;4;-432.3934328950932;721.7849439773352;-406.1039244428677;707.4524097437267
4;17;13;4;-419.6445834622392;686.1296818535559;-406.1039244428677;707.4524097437267
4;17;14;4;-372.5422974186669;700.6803576563262;-406.1039244428677;707.4524097437267
4;18;0;0;-472.15697096913954;302.6200232761043;-493.9664354277886;335.16830203400104
4;18;1;0;-475.62300697678353;365.1365403397318;-493.9664354277886;335.16830203400104
4;18;2;1;208.13043764247232;1036.7359280722767;220.82943633327238;1028.880105716848
4;18;3;1;229.40109456756912;1054.5629497855737;220.82943633327238;1028.880105716848
4;18;4;1;207.97665433394195;1009.9146946484896;220.82943633327238;1028.880105716848
4;18;5;1;242.89826492458508;1048.5482824890194;220.82943633327238;1028.880105716848
4;18;6;2;337.619446246048;-632.1588161716496;352.6715471637162;-620.3977335328381
4;18;7;2;366.3503319812887;-610.0714549788936;352.6715471637162;-620.3977335328381
4;18;8;2;347.2862743296607;-599.4511667315896;352.6715471637162;-620.3977335328381
4;18;9;3;945.7840159990658;498.55830569183695;964.0179167944993;487.47681378290844
4;18;10;3;937.1619848330664;490.85016251067697;964.0179167944993;487.47681378290844
4;18;11;3;975.8245842698626;467.05833845302493;964.0179167944993;487.47681378290844
4;18;12;4;-470.3758240083585;755.8283620680653;-438.168607019234;731.3659233140264
4;18;13;4;-449.3396401959268;699.5517523488048;-438.168607019234;731.3659233140264
4;18;14;4;-411.3862393390262;725.9590060054759;-438.168607019234;731.3659233140264
4;19;0;0;-509.8314852174097;308.95801247462083;-533.624538335298;340.3870062579824
4;19;1;0;-512.8670520999116;376.9106971560567;-533.624538335298;340.3870062579824
4;19;2;1;186.06792051771453;1068.396766764967;212.82662299716753;1068.071367226366
4;19;3;1;227.9259019980391;1086.6627503858367;212.82662299716753;1068.071367226366
4;19;4;1;214.08570255849253;1040.160753397781;212.82662299716753;1068.071367226366
4;19;5;1;233.44717665818862;1090.8944410543254;212.82662299716753;1068.071367226366
4;19;6;2;344.3911670124936;-679.2854208370089;361.8987701141286;-659.3189148692699
4;19;7;2;376.43820354695407;-641.6572171249503;361.8987701141286;-659.3189148692699
4;19;8;2;344.46898091611223;-649.0185201790292;361.8987701141286;-659.3189148692699
4;19;9;3;992.3428999072497;503.0668749412304;1002.409846171365;498.7044474927233
4;19;10;3;976.3362162349913;502.5441170721168;1002.409846171365;498.7044474927233
4;19;11;3;1020.4103920692277;471.8103731933519;1002.409846171365;498.7044474927233
4;19;12;4;-500.6396386323184;778.4503583722116;-470.2332895956003;755.2794368843262
4;19;13;4;-484.0682271787341;732.5404894418269;-470.2332895956003;755.2794368843262
4;19;14;4;-447.28922328832215;745.2493281357729;-470.2332895956003;755.2794368843262
5;0;0;0;310.450722248969;66.70643275889329;291.00540786983663;94.22958821142475
5;0;1;0;314.29748265886735;121.93253038262858;291.00540786983663;94.22958821142475
5;0;2;1;384.6378464377755;358.59029187424903;410.9573235412069;364.1567322387387
5;0;3;1;414.2637482468815;387.98531647223416;410.9573235412069;364.1567322387387
5;0;4;1;403.44359446955303;349.5748211776763;410.9573235412069;364.1567322387387
5;0;5;1;426.1354250888269;387.7002791791384;410.9573235412069;364.1567322387387
5;0;6;2;63.34033401118522;141.98337978291786;72.95685247658139;158.6045239555581
5;0;7;2;80.58086563981364;173.0350073253457;72.95685247658139;158.6045239555581
5;0;8;2;63.91384153357282;176.62838102069384;72.95685247658139;158.6045239555581
5;0;9;3;86.32627130070831;351.0853728024973;107.97636730985904;336.49402882744823
5;0;10;3;83.02293052655399;337.63518734580833;107.97636730985904;336.49402882744823
5;0;11;3;124.69429834681095;313.0482159212439;107.97636730985904;336.49402882744823
5;0;12;4;227.39624188909738;465.56140117789977;245.200800508725;437.22668257813166
5;0;13;4;222.45895949843435;418.4093919388378;245.200800508725;437.22668257813166
5;0;14;4;273.97661566577614;434.5373169322694;245.200800508725;437.22668257813166
5;1;0;0;282.2220409640586;89.3924008864157;257.750077982515;116.45756684389215
5;1;1;0;272.99037845526095;136.6960399024037;257.750077982515;116.45756684389215
5;1;2;1;411.11819989716554;401.4575043420211;442.1264266882077;389.2263754155296
5;1;3;1;448.8156332410727;413.5313526554502;442.1264266882077;389.2263754155296
5;1;4;1;432.9138054692743;369.06598824494705;442.1264266882077;389.2263754155296
5;1;5;1;453.12165517423705;404.52905453636623;442.1264266882077;389.2263754155296
5;1;6;2;30.234387753742595;156.94115784534466;37.31894624861238;176.76876464121548
5;1;7;2;45.55891949658825;191.4166961356455;37.31894624861238;176.76876464121548
5;1;8;2;28.00182580423946;186.27995467199906;37.31894624861238;176.76876464121548
5;1;9;3;101.61411131260937;312.72703193066394;124.98006635127258;300.2880318254455
5;1;10;3;103.17806491947753;310.0271278725715;124.98006635127258;300.2880318254455
5;1;11;3;143.13230997802611;271.0861389272513;124.98006635127258;300.2880318254455
5;1;12;4;255.06368182307278;431.3526614288828;272.80306736347165;408.27646903005314
5;1;13;4;253.59164994367873;380.6062217724932;272.80306736347165;408.27646903005314
5;1;14;4;297.3132971679438;402.057351177686;272.80306736347165;408.27646903005314
5;2;0;0;248.50319620334975;122.7439528910188;224.49474809519364;138.68554547635955
5;2;1;0;242.96277951728234;169.28956074823805;224.49474809519364;138.68554547635955
5;2;2;1;446.8685807754877;413.8046744365139;473.29552983520847;414.29601859232054
5;2;3;1;488.26049877068516;432.6330023125128;473.29552983520847;414.29601859232054
5;2;4;1;466.3558825678246;384.52647818922395;473.29552983520847;414.29601859232054
5;2;5;1;489.6362178694937;428.6134834456674;473.29552983520847;414.29601859232054
5;2;6;2;-13.904960557836162;177.46954901490184;1.6810400206433656;194.93300532687286
5;2;7;2;22.33722099285839;209.0248220565937;1.6810400206433656;194.93300532687286
5;2;8;2;-14.865069766305854;205.91712534250655;1.6810400206433656;194.93300532687286
5;2;9;3;124.07621704425726;276.8016197833111;141.9837653926861;264.08203482344277
5;2;10;3;114.74765104036666;282.9536002012349;141.9837653926861;264.08203482344277
5;2;11;3;148.0999570506402;237.55583749423894;141.9837653926861;264.08203482344277
5;2;12;4;275.75230737525;395.38863803039436;300.4053342182183;379.3262554819746
5;2;13;4;287.0158524853018;353.92083770085884;300.4053342182183;379.3262554819746
5;2;14;4;318.5018778057103;366.123782161595;300.4053342182183;379.3262554819746
5;3;0;0;208.16899635358627;128.54796506212614;191.2394182078723;160.91352410882695
5;3;1;0;198.29432384095398;192.81877752917717;191.2394182078723;160.91352410882695
5;3;2;1;476.8557607327274;441.35332685625247;504.46463298220925;439.36566176911145
5;3;3;1;520.3359287838662;466.5065917638759;504.46463298220925;439.36566176911145
5;3;4;1;484.20400482643174;419.70710723579145;504.46463298220925;439.36566176911145
5;3;5;1;514.4088141419189;448.8536013595588;504.46463298220925;439.36566176911145
5;3;6;2;-50.063141543377235;191.8194201574667;-33.956866207325646;213.09724601253023
5;3;7;2;-6.063486751594999;226.14453320823938;-33.956866207325646;213.09724601253023
5;3;8;2;-47.286005299781884;233.4163588513841;-33.956866207325646;213.09724601253023
5;3;9;3;134.08667939784516;239.37390433298532;158.98746443409965;227.87603782144004
5;3;10;3;128.49299989700356;230.7750084701689;158.98746443409965;227.87603782144004
5;3;11;3;162.87015006567853;200.98925616567539;158.98746443409965;227.87603782144004
5;3;12;4;309.6463087048478;378.25202888279466;328.0076010729649;350.3760419338961
5;3;13;4;311.6141912207914;318.84748897914096;328.0076010729649;350.3760419338961
5;3;14;4;365.4803934483296;343.48898308995166;328.0076010729649;350.3760419338961
5;4;0;0;176.13785422187496;162.02111038022372;157.98408832055094;183.14150274129435
5;4;1;0;185.07205867199409;220.1487973840636;157.98408832055094;183.14150274129435
5;4;2;1;510.9406779115908;469.6957537998249;535.6337361292104;464.4353049459024
5;4;3;1;544.576935300564;492.2733752862733;535.6337361292104;464.4353049459024
5;4;4;1;525.7164697195526;443.13381345190396;535.6337361292104;464.4353049459024
5;4;5;1;547.9028739271673;479.60610408569397;535.6337361292104;464.4353049459024
5;4;6;2;-86.28460424351914;213.82292848152585;-69.59477243529466;231.2614866981876
5;4;7;2;-63.88988885860796;239.4693358496522;-69.59477243529466;231.2614866981876
5;4;8;2;-89.20284008665432;239.96497259995135;-69.59477243529466;231.2614866981876
5;4;9;3;153.49895159412307;208.47734942943092;175.9911634755132;191.6700408194373
5;4;10;3;143.71430193134682;200.01514619460139;175.9911634755132;191.6700408194373
5;4;11;3;188.5758000618429;172.50388816210094;175.9911634755132;191.6700408194373
5;4;12;4;323.69766800207543;347.36882003743824;355.60986792771155;321.42582838581757
5;4;13;4;341.079328623805;295.1253775235295;355.60986792771155;321.42582838581757
5;4;14;4;376.6211223410877;306.03061917704275;355.60986792771155;321.42582838581757
5;5;0;0;150.14096606730615;178.75525569507107;124.72875843322959;205.36948137376174
5;5;1;0;137.2543025344642;232.3566578584777;124.72875843322959;205.36948137376174
5;5;2;1;539.7752935721463;489.59264587736067;566.8028392762118;489.5049481226933
5;5;3;1;572.6914947347159;511.9529860032197;566.8028392762118;489.5049481226933
5;5;4;1;557.9763027741476;467.21222458424535;566.8028392762118;489.5049481226933
5;5;5;1;583.1443506577634;502.9620188457028;566.8028392762118;489.5049481226933
5;5;6;2;-119.24808455254053;236.6414820614599;-105.23267866326367;249.425727383845
5;5;7;2;-85.02558195682023;269.0085517411346;-105.23267866326367;249.425727383845
5;5;8;2;-127.77237576345507;260.6873697638211;-105.23267866326367;249.425727383845
5;5;9;3;172.48783460347806;175.27004618191503;192.99486251692673;155.46404381743457
5;5;10;3;167.63746779041037;158.42563091549812;192.99486251692673;155.46404381743457
5;5;11;3;203.19856716111562;136.2800917924192;192.99486251692673;155.46404381743457
5;5;12;4;360.3154187048421;317.4856176530735;383.2121347824582;292.47561483773904
5;5;13;4;364.78259755943196;266.49301401480625;383.2121347824582;292.47561483773904
5;5;14;4;409.69108945582593;295.9498478804363;383.2121347824582;292.47561483773904
5;6;0;0;110.14476784708681;206.72504550510718;91.47342854590823;227.59746000622914
5;6;1;0;101.22771876595877;251.610077714057;91.47342854590823;227.59746000622914
5;6;2;1;577.2776744807697;516.2887217825806;597.9719424232131;514.5745912994842
5;6;3;1;598.644028650685;542.0242280924108;597.9719424232131;514.5745912994842
5;6;4;1;591.2198361298776;491.47023151832974;597.9719424232131;514.5745912994842
5;6;5;1;611.1687044732688;537.9440580208638;597.9719424232131;514.5745912994842
5;6;6;2;-143.97869689212607;251.14548346066266;-140.87058489123262;267.58996806950216
5;6;7;2;-120.45462510512358;275.0611759741323;-140.87058489123262;267.58996806950216
5;6;8;2;-151.26948969830602;284.14904904810794;-140.87058489123262;267.58996806950216
5;6;9;3;186.5194587698548;138.80141141552653;209.99856155834027;119.25804681543184
5;6;10;3;186.64254766931458;123.83896254850706;209.99856155834027;119.25804681543184
5;6;11;3;229.86961951495357;101.26559727243156;209.99856155834027;119.25804681543184
5;6;12;4;384.6263993699718;280.7735150592056;410.8144016372048;263.5254012896605
5;6;13;4;395.4061484544304;235.36207985576053;410.8144016372048;263.5254012896605
5;6;14;4;444.3318326347397;258.75378056416196;410.8144016372048;263.5254012896605
5;7;0;0;77.89469377776783;227.78882139155166;58.21809865858688;249.82543863869654
5;7;1;0;74.78348912675777;267.01704590481046;58.21809865858688;249.82543863869654
5;7;2;1;610.8884884711132;541.6584502066964;629.1410455702145;539.6442344762745
5;7;3;1;643.482111799163;556.2627188451844;629.1410455702145;539.6442344762745
5;7;4;1;620.1687236959931;511.8894826211353;629.1410455702145;539.6442344762745
5;7;5;1;644.9731076824786;554.2079572237004;629.1410455702145;539.6442344762745
5;7;6;2;-190.75710480835482;263.2372572102899;-176.5084911192015;285.75420875515925
5;7;7;2;-161.42987983380215;292.7931958323169;-176.5084911192015;285.75420875515925
5;7;8;2;-187.1281487151048;298.60170300875876;-176.5084911192015;285.75420875515925
5;7;9;3;203.8301233357564;92.13731935842404;227.0022605997538;83.05204981342911
5;7;10;3;202.14652393846023;95.6964331642628;227.0022605997538;83.05204981342911
5;7;11;3;234.1077416862351;55.39940501146359;227.0022605997538;83.05204981342911
5;7;12;4;415.91947510584237;247.2085639411167;438.41666849195144;234.575187741582
5;7;13;4;424.70181477005076;204.4983434046917;438.41666849195144;234.575187741582
5;7;14;4;461.20976594825794;227.904268559588;438.41666849195144;234.575187741582
5;8;0;0;48.98372628337529;244.03951568289267;24.96276877126552;272.05341727116394
5;8;1;0;29.962403815811456;304.6952325781957;24.96276877126552;272.05341727116394
5;8;2;1;642.2188531102627;559.9177932517911;660.3101487172158;564.7138776530649
5;8;3;1;667.8556213122656;585.6713121576925;660.3101487172158;564.7138776530649
5;8;4;1;648.5626986779043;534.8241009726225;660.3101487172158;564.7138776530649
5;8;5;1;672.5210133908557;578.3963203893187;660.3101487172158;564.7138776530649
5;8;6;2;-229.66374383850632;285.45504547361423;-212.14639734717036;303.91844944081635
5;8;7;2;-201.4061506070259;317.8248504699796;-212.14639734717036;303.91844944081635
5;8;8;2;-240.61256543548168;311.2332908960844;-212.14639734717036;303.91844944081635
5;8;9;3;221.96958335259802;58.03118324817336;244.00595964116735;46.84605281142634
5;8;10;3;217.0352031142521;46.74569865204857;244.00595964116735;46.84605281142634
5;8;11;3;256.8901654350806;28.944434314131883;244.00595964116735;46.84605281142634
5;8;12;4;447.8678638014314;217.78002673190315;466.0189353466981;205.62497419350348
5;8;13;4;458.0783389585636;178.07562759227665;466.0189353466981;205.62497419350348
5;8;14;4;502.9850988586462;197.89138262448654;466.0189353466981;205.62497419350348
5;9;0;0;16.490325711766705;265.63312688908746;-8.292561116055865;294.28139590363133
5;9;1;0;4.38741215719166;325.77924167856327;-8.292561116055865;294.28139590363133
5;9;2;1;667.6517883244866;590.4013260480943;691.4792518642172;589.7835208298552
5;9;3;1;706.1329155421964;611.4180508251079;691.4792518642172;589.7835208298552
5;9;4;1;677.3724987822906;558.7641636264207;691.4792518642172;589.7835208298552
5;9;5;1;704.6894530069183;613.7241009929108;691.4792518642172;589.7835208298552
5;9;6;2;-261.1110666966085;304.92447784634356;-247.78430357513923;322.08269012647344
5;9;7;2;-227.1370539371891;335.82120761839644;-247.78430357513923;322.08269012647344
5;9;8;2;-258.49370670749926;330.0533458785658;-247.78430357513923;322.08269012647344
5;9;9;3;239.40555706240534;27.85712210940798;261.00965868258083;10.64005580942354
5;9;10;3;229.8248880366414;24.13094985732904;261.00965868258083;10.64005580942354
5;9;11;3;279.1942906083674;-9.219199155384135;261.00965868258083;10.64005580942354
5;9;12;4;471.38698761163516;189.43814816288955;493.6212022014447;176.67476064542495
5;9;13;4;475.2836969768546;152.32640560188287;493.6212022014447;176.67476064542495
5;9;14;4;521.2726182152323;172.08975286587534;493.6212022014447;176.67476064542495
5;10;0;0;-11.614525666603411;287.4282067500467;-41.547891003377245;316.50937453609873
5;10;1;0;-30.643938935082122;341.6768424008971;-41.547891003377245;316.50937453609873
5;10;2;1;692.3979251670281;621.8556634075;722.6483550112185;614.8531640066456
5;10;3;1;730.3391291390333;630.5483851647783;722.6483550112185;614.8531640066456
5;10;4;1;708.6556546621728;589.3291587061225;722.6483550112185;614.8531640066456
5;10;5;1;740.3063662135993;636.4078068073633;722.6483550112185;614.8531640066456
5;10;6;2;-295.7674998040873;328.28293848811524;-283.4222098031081;340.24693081213053
5;10;7;2;-263.28655390875326;352.41023550158036;-283.4222098031081;340.24693081213053
5;10;8;2;-303.41868051021873;352.35535344059025;-283.4222098031081;340.24693081213053
5;10;9;3;251.93093187911128;-26.532166543452945;278.0133577239941;-25.565941192579245
5;10;10;3;251.6514153915941;-23.45298409787128;278.0133577239941;-25.565941192579245
5;10;11;3;290.68081292471845;-56.97429215772989;278.0133577239941;-25.565941192579245
5;10;12;4;496.5536773354099;170.39081103555756;521.2234690561913;147.72454709734643
5;10;13;4;497.9631473651369;109.82614815628608;521.2234690561913;147.72454709734643
5;10;14;4;552.2760590945556;134.06046320835694;521.2234690561913;147.72454709734643
5;11;0;0;-47.81188117035233;305.3052822729432;-74.8032208906986;338.73735316856613
5;11;1;0;-61.32086792782142;369.31310367056165;-74.8032208906986;338.73735316856613
5;11;2;1;738.1628292782428;639.006262632702;753.8174581582199;639.9228071834359
5;11;3;1;758.5644331164;662.3926357824658;753.8174581582199;639.9228071834359
5;11;4;1;747.3424047060565;614.6992888651788;753.8174581582199;639.9228071834359
5;11;5;1;778.7028344916484;656.7089461091491;753.8174581582199;639.9228071834359
5;11;6;2;-331.80767013727575;343.6854707493373;-319.060116031077;358.4111714977876
5;11;7;2;-304.1181224275699;369.7096343887971;-319.060116031077;358.4111714977876
5;11;8;2;-333.34238513730594;366.5970213093285;-319.060116031077;358.4111714977876
5;11;9;3;277.5305054210061;-39.14084589022139;295.01705676540735;-61.77193819458205
5;11;10;3;274.2541097778301;-50.16403853722943;295.01705676540735;-61.77193819458205
5;11;11;3;307.943202787033;-89.14170211067498;295.01705676540735;-61.77193819458205
5;11;12;4;519.1558117357816;134.77211444012946;548.825735910938;118.77433354926791
5;11;13;4;539.3824001987011;96.96632999282626;548.825735910938;118.77433354926791
5;11;14;4;586.2228834085148;119.74975067557241;548.825735910938;118.77433354926791
5;12;0;0;-91.73328598136044;342.23602704537007;-108.05855077801995;360.9653318010335
5;12;1;0;-87.24656341777296;390.3585918321828;-108.05855077801995;360.9653318010335
5;12;2;1;759.3061459251868;658.4905438014791;784.9865613052212;664.9924503602263
5;12;3;1;786.9242286291253;693.4987249128078;784.9865613052212;664.9924503602263
5;12;4;1;781.7296756725194;638.2277807442168;784.9865613052212;664.9924503602263
5;12;5;1;806.064367497789;677.4447636614608;784.9865613052212;664.9924503602263
5;12;6;2;-375.9020399198373;352.2110018711382;-354.69802225904584;376.5754121834447
5;12;7;2;-329.040724401788;388.996477564574;-354.69802225904584;376.5754121834447
5;12;8;2;-369.97671552514134;380.98832177488237;-354.69802225904584;376.5754121834447
5;12;9;3;295.74527050326066;-88.39932993011374;312.0207558068206;-97.97793519658478
5;12;10;3;280.2249080584439;-97.37665019628358;312.0207558068206;-97.97793519658478
5;12;11;3;321.78408528010266;-118.71722513113599;312.0207558068206;-97.97793519658478
5;12;12;4;560.8258116448457;110.91941960303723;576.4280027656846;89.82412000118939
5;12;13;4;559.4577765424741;66.22334434456002;576.4280027656846;89.82412000118939
5;12;14;4;606.0386383632157;92.558760224971;576.4280027656846;89.82412000118939
5;13;0;0;-114.14378742276901;352.89170037075195;-141.31388066534132;383.1933104335009
5;13;1;0;-126.51295271428636;419.4274651952226;-141.31388066534132;383.1933104335009
5;13;2;1;786.9844215210305;691.5272316985414;816.1556644522226;690.0620935370166
5;13;3;1;817.5832104129385;711.5713212341507;816.1556644522226;690.0620935370166
5;13;4;1;809.3758256563832;668.8698844404482;816.1556644522226;690.0620935370166
5;13;5;1;831.015508829176;700.4521651696002;816.1556644522226;690.0620935370166
5;13;6;2;-402.00481193996944;376.31449086248887;-390.3359284870147;394.7396528691018
5;13;7;2;-376.6168054206649;414.1460226611787;-390.3359284870147;394.7396528691018
5;13;8;2;-408.99981163263294;416.495000559079;-390.3359284870147;394.7396528691018
5;13;9;3;305.14287706797273;-127.02182152096618;329.02445484823386;-134.1839321985875
5;13;10;3;303.8319425370481;-131.78408893194916;329.02445484823386;-134.1839321985875
5;13;11;3;332.96882233726643;-162.72127692137045;329.02445484823386;-134.1839321985875
5;13;12;4;580.5745350822865;75.69974822799121;604.0302696204312;60.87390645311085
5;13;13;4;596.8215088589095;44.06987138931322;604.0302696204312;60.87390645311085
5;13;14;4;634.6775822563237;60.11719113572519;604.0302696204312;60.87390645311085
5;14;0;0;-149.62447953774566;377.3932651609305;-174.56921055266267;405.4212890659683
5;14;1;0;-159.0435259144759;436.1250438709252;-174.56921055266267;405.4212890659683
5;14;2;1;820.9505806849827;719.6104227779275;847.324767599224;715.131736713807
5;14;3;1;854.8400428823702;745.2711381937255;847.324767599224;715.131736713807
5;14;4;1;840.604229483455;693.0915912943609;847.324767599224;715.131736713807
5;14;5;1;861.2833677965448;736.8268570823213;847.324767599224;715.131736713807
5;14;6;2;-441.6181201256396;395.61363969867614;-425.9738347149836;412.9038935547589
5;14;7;2;-401.96221650158486;422.9152917316741;-425.9738347149836;412.9038935547589
5;14;8;2;-449.06027736915365;427.1516843438236;-425.9738347149836;412.9038935547589
5;14;9;3;322.64592878533364;-160.79801089535812;346.0281538896471;-170.38992920059025
5;14;10;3;328.8110006195963;-161.71980515175545;346.0281538896471;-170.38992920059025
5;14;11;3;359.6316116526974;-191.95975075198757;346.0281538896471;-170.38992920059025
5;14;12;4;602.1770424730577;44.3656501601826;631.6325364751779;31.923692905032254
5;14;13;4;610.1694598801279;7.194775197603365;631.6325364751779;31.923692905032254
5;14;14;4;664.6123260001887;30.42730485728108;631.6325364751779;31.923692905032254
5;15;0;0;-186.52791899029776;397.5675760522396;-207.82454043998402;427.6492676984357
5;15;1;0;-176.75946933675561;450.15039265125813;-207.82454043998402;427.6492676984357
5;15;2;1;847.753618610408;738.3110659894637;878.4938707462253;740.2013798905973
5;15;3;1;887.2081570875804;759.0912742123049;878.4938707462253;740.2013798905973
5;15;4;1;874.9563650276011;723.8849126353413;878.4938707462253;740.2013798905973
5;15;5;1;893.7131346403503;755.3083980863438;878.4938707462253;740.2013798905973
5;15;6;2;-473.67548996548146;409.3418795894887;-461.61174094295245;431.068134240416
5;15;7;2;-450.3771646123622;445.1117368206027;-461.61174094295245;431.068134240416
5;15;8;2;-471.2397587214675;456.6601833581021;-461.61174094295245;431.068134240416
5;15;9;3;345.9248420739753;-197.2386396952743;363.03185293106037;-206.59592620259298
5;15;10;3;334.4054021896874;-198.36539585691148;363.03185293106037;-206.59592620259298
5;15;11;3;369.79955403514515;-220.71688684265337;363.03185293106037;-206.59592620259298
5;15;12;4;635.1395648274894;15.60365726662717;659.2348033299245;2.9734793569536624
5;15;13;4;636.8175308189122;-22.03168924758519;659.2348033299245;2.9734793569536624
5;15;14;4;694.3736158973273;-7.4161494010856615;659.2348033299245;2.9734793569536624
5;16;0;0;-221.1220594346079;430.4643652758328;-241.07987032730537;449.8772463309031
5;16;1;0;-225.12566000915143;482.9201590304258;-241.07987032730537;449.8772463309031
5;16;2;1;892.8474522014225;763.9888051440591;909.6629738932266;765.2710230673877
5;16;3;1;917.4526692230581;794.6969666717988;909.6629738932266;765.2710230673877
5;16;4;1;904.4487316933642;740.7870574963007;909.6629738932266;765.2710230673877
5;16;5;1;926.9173158465184;779.9527343100536;909.6629738932266;765.2710230673877
5;16;6;2;-507.1143257639394;425.71839227465;-497.2496471709213;449.2323749260731
5;16;7;2;-478.2766200930611;456.21640095056773;-497.2496471709213;449.2323749260731
5;16;8;2;-502.7017021386695;466.80097617945285;-497.2496471709213;449.2323749260731
5;16;9;3;364.3061132280733;-225.2950438264156;380.0355519724736;-242.8019232045957
5;16;10;3;357.3980188821854;-238.3484968906186;380.0355519724736;-242.8019232045957
5;16;11;3;398.8186731795921;-260.5990943209819;380.0355519724736;-242.8019232045957
5;16;12;4;657.2883968179398;-2.3423241475341214;686.8370701846711;-25.976734191124926
5;16;13;4;666.6340651498962;-46.41444324430127;686.8370701846711;-25.976734191124926
5;16;14;4;722.6011433189502;-31.183607689233448;686.8370701846711;-25.976734191124926
5;17;0;0;-253.75455995028813;458.7751960756983;-274.33520021462687;472.1052249633705
5;17;1;0;-254.63888036448836;493.2875079228962;-274.33520021462687;472.1052249633705
5;17;2;1;908.0982181414446;804.449784218612;940.832077040228;790.340666244178
5;17;3;1;945.7353418506797;809.1699432612892;940.832077040228;790.340666244178
5;17;4;1;941.2275167239391;762.1543022431773;940.832077040228;790.340666244178
5;17;5;1;959.6677502596257;805.0789365445576;940.832077040228;790.340666244178
5;17;6;2;-548.7079964228421;444.6992595644487;-532.8875533988902;467.39661561173017
5;17;7;2;-510.97809518659705;472.6256454548965;-532.8875533988902;467.39661561173017
5;17;8;2;-545.9041293147244;480.58713374908206;-532.8875533988902;467.39661561173017
5;17;9;3;379.68616870726305;-260.12197577929754;397.0392510138869;-279.00792020659844
5;17;10;3;365.09259235533926;-270.61945246143324;397.0392510138869;-279.00792020659844
5;17;11;3;413.06207806781885;-299.7328306986446;397.0392510138869;-279.00792020659844
5;17;12;4;691.9381185120199;-41.76422452285081;714.4393370394178;-54.92694773920352
5;17;13;4;708.5717706566363;-73.30126487014091;714.4393370394178;-54.92694773920352
5;17;14;4;743.8239928339427;-68.02987747148336;714.4393370394178;-54.92694773920352
5;18;0;0;-285.93260364542346;469.0671639337832;-307.5905301019485;494.3332035958379
5;18;1;0;-293.17358432808595;526.0444123875426;-307.5905301019485;494.3332035958379
5;18;2;1;950.0043894744804;824.4771417030662;972.0011801872294;815.4103094209684
5;18;3;1;982.3471119658985;849.1795736596174;972.0011801872294;815.4103094209684
5;18;4;1;965.3914228576613;792.7532668675161;972.0011801872294;815.4103094209684
5;18;5;1;985.0930458322779;835.1354564503775;972.0011801872294;815.4103094209684
5;18;6;2;-572.1360140843632;471.4076672851385;-568.5254596268591;485.56085629738726
5;18;7;2;-548.2229475560077;491.2615680639018;-568.5254596268591;485.56085629738726
5;18;8;2;-576.0853020159226;500.04346974364034;-568.5254596268591;485.56085629738726
5;18;9;3;385.43084002381227;-286.8772035962991;414.04295005530014;-315.2139172086012
5;18;10;3;372.65118330933893;-306.94291262386616;414.04295005530014;-315.2139172086012
5;18;11;3;428.9261802386136;-338.1778568983582;414.04295005530014;-315.2139172086012
5;18;12;4;717.8092157644494;-65.93177858962986;742.0416038941644;-83.87716128728206
5;18;13;4;718.9841983630929;-106.94002846675309;742.0416038941644;-83.87716128728206
5;18;14;4;769.7565542688315;-93.55628121942495;742.0416038941644;-83.87716128728206
5;19;0;0;-317.47476216967345;483.7278542951444;-340.84585998927014;516.5611822283055
5;19;1;0;-322.7967355623647;549.5680587116418;-340.84585998927014;516.5611822283055
5;19;2;1;982.1252830774584;840.5590052992708;1003.1702833342307;840.4799525977587
5;19;3;1;1007.0322847905901;864.0483963400784;1003.1702833342307;840.4799525977587
5;19;4;1;992.6604692633304;821.5339907982201;1003.1702833342307;840.4799525977587
5;19;5;1;1015.993643231942;864.3900442173241;1003.1702833342307;840.4799525977587
5;19;6;2;-617.2284003305481;490.11265759362595;-604.1633658548279;503.72509698304435
5;19;7;2;-584.133164868878;512.2982648886924;-604.1633658548279;503.72509698304435
5;19;8;2;-612.1495683758407;515.0192946896319;-604.1633658548279;503.72509698304435
5;19;9;3;408.0662418861286;-331.4466573141137;431.0466490967134;-351.4199142106039
5;19;10;3;396.75596644668707;-346.1335221413523;431.0466490967134;-351.4199142106039
5;19;11;3;450.54180250079077;-363.15976121174106;431.0466490967134;-351.4199142106039
5;19;12;4;756.2519620267382;-100.89056198386201;769.643870748911;-112.82737483536059
5;19;13;4;744.8732811139939;-143.07469920679281;769.643870748911;-112.82737483536059
5;19;14;4;793.7173333885373;-116.3915315608704;769.643870748911;-112.82737483536059
6;0;0;0;87.94411509008387;40.42388648915005;77.34274274697866;66.16890794760302
6;0;1;0;88.17745478278195;93.20114846599672;77.34274274697866;66.16890794760302
6;0;2;1;148.98888853332093;389.025255634519;163.26902113204733;385.8540401882791
6;0;3;1;167.89630383501557;408.99595748509824;163.26902113204733;385.8540401882791
6;0;4;1;158.5371025031845;365.0999406209353;163.26902113204733;385.8540401882791
6;0;5;1;180.86406057787661;403.285440145692;163.26902113204733;385.8540401882791
6;0;6;2;93.63149215936046;88.84789449279549;103.39652678048559;110.5622274130254
6;0;7;2;122.53064158679094;126.32612285175068;103.39652678048559;110.5622274130254
6;0;8;2;92.37413392566296;130.41675314514094;103.39652678048559;110.5622274130254
6;0;9;3;213.25385948835168;432.9906560568511;239.11402618463583;424.84460855750973
6;0;10;3;211.74213153148483;425.3759207300773;239.11402618463583;424.84460855750973
6;0;11;3;251.45284426235628;409.0841266045519;239.11402618463583;424.84460855750973
6;0;12;4;117.49982993520295;294.5867884436809;139.00284653813037;278.4537231958708
6;0;13;4;123.66381160830807;253.78409646098189;139.00284653813037;278.4537231958708
6;0;14;4;168.29588487586489;273.8174264513283;139.00284653813037;278.4537231958708
6;1;0;0;143.39077783593814;58.47814771603504;116.0860674270681;76.11651030863307
6;1;1;0;136.16848037031775;104.22563172920161;116.0860674270681;76.11651030863307
6;1;2;1;98.64193599126264;393.08486825497175;123.28352878157713;386.93125952086314
6;1;3;1;136.87802428716688;413.6120265800144;123.28352878157713;386.93125952086314
6;1;4;1;119.74485776060894;365.78648826936785;123.28352878157713;386.93125952086314
6;1;5;1;139.7001500045663;404.6282845180176;123.28352878157713;386.93125952086314
6;1;6;2;105.61613717591676;127.57166975062431;123.80413393342046;144.96469200920635
6;1;7;2;145.44865072343146;157.59026999972605;123.80413393342046;144.96469200920635
6;1;8;2;108.45121621013452;158.40056071972458;123.80413393342046;144.96469200920635
6;1;9;3;252.57042271693552;413.7466329114778;267.34739742372557;396.50952873627494
6;1;10;3;244.9168872021093;400.63731757374904;267.34739742372557;396.50952873627494
6;1;11;3;279.8790382412449;377.75962823860834;267.34739742372557;396.50952873627494
6;1;12;4;128.7400472180102;330.2944913128175;153.85806437992704;315.5929545136129
6;1;13;4;144.06873594667266;291.8727605270092;153.85806437992704;315.5929545136129
6;1;14;4;182.0121098436898;314.0249510254043;153.85806437992704;315.5929545136129
6;2;0;0;165.4738078098239;60.62816060135055;154.82939210715764;86.06411266966312
6;2;1;0;169.34070383492832;117.27102013607333;154.82939210715764;86.06411266966312
6;2;2;1;62.713241119397765;394.64793384241926;83.29803643110705;388.0084788534472
6;2;3;1;86.55784700738174;406.78111649199235;83.29803643110705;388.0084788534472
6;2;4;1;71.92230604875306;366.0487510100924;83.29803643110705;388.0084788534472
6;2;5;1;91.32315148083293;404.5462916557323;83.29803643110705;388.0084788534472
6;2;6;2;132.76234584301216;160.1780314645983;144.21174108635535;179.3671566053873
6;2;7;2;156.94896520048437;193.81425829348572;144.21174108635535;179.3671566053873
6;2;8;2;134.53527849930438;197.2480441108912;144.21174108635535;179.3671566053873
6;2;9;3;268.9087613002543;383.49399035083957;295.5807686628153;368.17444891504016
6;2;10;3;277.9299307746248;379.62299402840694;295.5807686628153;368.17444891504016
6;2;11;3;308.7711314819881;347.2816622866769;295.5807686628153;368.17444891504016
6;2;12;4;146.2297564763203;379.68330582710297;168.71328222172372;352.73218583135497
6;2;13;4;152.9222240417023;318.307686350698;168.71328222172372;352.73218583135497
6;2;14;4;205.85789925601225;350.3332018197126;168.71328222172372;352.73218583135497
6;3;0;0;220.9500841416125;64.17688687207085;193.57271678724723;96.01171503069317
6;3;1;0;219.76682805669284;125.56644541543953;193.57271678724723;96.01171503069317
6;3;2;1;14.901908067940555;388.8168540416206;43.312544080636926;389.0856981860312
6;3;3;1;48.09865239590917;407.7676058254823;43.312544080636926;389.0856981860312
6;3;4;1;40.47662836085238;362.90207338603824;43.312544080636926;389.0856981860312
6;3;5;1;60.20213313393595;395.69917036510066;43.312544080636926;389.0856981860312
6;3;6;2;162.87853408154757;202.73976951377452;164.61934823929022;213.76962120156824
6;3;7;2;187.47098086956942;228.7462956266342;164.61934823929022;213.76962120156824
6;3;8;2;149.9069326308293;231.4089177589217;164.61934823929022;213.76962120156824
6;3;9;3;292.27475099847226;358.51041464982825;323.814139901905;339.8393690938054
6;3;10;3;298.6374553707057;339.3200911199443;323.814139901905;339.8393690938054
6;3;11;3;328.6473245761364;311.5587146452317;323.814139901905;339.8393690938054
6;3;12;4;160.62465838824247;405.2409987106034;183.5685000635204;389.87141714909706
6;3;13;4;165.40405900531138;363.82017603032995;183.5685000635204;389.87141714909706
6;3;14;4;217.8926590656069;376.8838221573445;183.5685000635204;389.87141714909706
6;4;0;0;251.589723188451;78.52686328222022;232.31604146733682;105.95931739172322
6;4;1;0;250.69889517847452;138.12343026710894;232.31604146733682;105.95931739172322
6;4;2;1;-23.149818652177565;394.8161495219509;3.327051730166773;390.16291751861525
6;4;3;1;3.2326342906211316;415.2825865251239;3.327051730166773;390.16291751861525
6;4;4;1;2.9428093213421516;360.9335184662082;3.327051730166773;390.16291751861525
6;4;5;1;21.99429060198541;410.8145434612079;3.327051730166773;390.16291751861525
6;4;6;2;167.63014176277335;232.37791501185262;185.0269553922251;248.1720857977492
6;4;7;2;210.35768879680396;265.55262910393174;185.0269553922251;248.1720857977492
6;4;8;2;173.55692915441648;263.286554547808;185.0269553922251;248.1720857977492
6;4;9;3;331.70758916325036;323.8601892111826;352.0475111409947;311.5042892725706
6;4;10;3;324.1031685480194;318.13512419901707;352.0475111409947;311.5042892725706
6;4;11;3;356.54721924076244;287.8613169659654;352.0475111409947;311.5042892725706
6;4;12;4;169.01972150253386;441.918381227213;198.42371790531706;427.01064846683914
6;4;13;4;185.88504055544482;411.39138021840705;198.42371790531706;427.01064846683914
6;4;14;4;230.17507142066864;424.21646132058567;198.42371790531706;427.01064846683914
6;5;0;0;284.67563665209946;94.9301511527315;271.0593661474264;115.90691975275327
6;5;1;0;290.1716357121491;145.6274105450575;271.0593661474264;115.90691975275327
6;5;2;1;-75.52709040187993;399.9733585057261;-36.658440620303374;391.2401368511993
6;5;3;1;-26.338792255171864;420.9422466678396;-36.658440620303374;391.2401368511993
6;5;4;1;-43.88082920830033;365.4204798746203;-36.658440620303374;391.2401368511993
6;5;5;1;-28.32456773296626;416.65128384812374;-36.658440620303374;391.2401368511993
6;5;6;2;197.17868400987277;261.3731406257453;205.43456254515996;282.5745503939301
6;5;7;2;217.60826367290764;294.6062699562505;205.43456254515996;282.5745503939301
6;5;8;2;190.9736865471312;303.48452854944264;205.43456254515996;282.5745503939301
6;5;9;3;354.1245808042389;300.27305068034707;380.2808823800844;283.1692094513358
6;5;10;3;352.8346618578933;293.7820683563695;380.2808823800844;283.1692094513358
6;5;11;3;391.3262974095101;261.0981501236612;380.2808823800844;283.1692094513358
6;5;12;4;187.41171753561386;479.5204191205353;213.27893574711374;464.14987978458123
6;5;13;4;186.69491903120218;435.6298987882386;213.27893574711374;464.14987978458123
6;5;14;4;240.68298640911624;457.173072423462;213.27893574711374;464.14987978458123
6;6;0;0;320.4948280875523;103.17518078073657;309.80269082751596;125.85452211378332
6;6;1;0;328.62299220537375;152.5046691401629;309.80269082751596;125.85452211378332
6;6;2;1;-106.14953604011427;396.7577677346208;-76.6439329707735;392.3173561837833
6;6;3;1;-69.66385082626223;416.2948170836986;-76.6439329707735;392.3173561837833
6;6;4;1;-76.27309197460211;369.13559549356654;-76.6439329707735;392.3173561837833
6;6;5;1;-63.92828901301144;405.8006757104056;-76.6439329707735;392.3173561837833
6;6;6;2;208.42267050693218;300.4138971116743;225.84216969809484;316.97701499011106
6;6;7;2;244.2813795391885;321.9919180324051;225.84216969809484;316.97701499011106
6;6;8;2;214.8814727606262;332.0380687597393;225.84216969809484;316.97701499011106
6;6;9;3;378.43832193576776;271.27455658731304;408.5142536191741;254.83412963010105
6;6;10;3;375.42092184670395;259.10880014882883;408.5142536191741;254.83412963010105
6;6;11;3;415.4923772663916;234.60191795089824;408.5142536191741;254.83412963010105
6;6;12;4;207.147411850435;529.6853177411261;228.1341535889104;501.2891111023233
6;6;13;4;213.58399958091877;471.4154668587388;228.1341535889104;501.2891111023233
6;6;14;4;262.2745155707354;488.8921258680754;228.1341535889104;501.2891111023233
6;7;0;0;361.0702968552413;108.23910242276538;348.54601550760555;135.80212447481327
6;7;1;0;365.83499147060934;162.72266516389794;348.54601550760555;135.80212447481327
6;7;2;1;-138.32796815742174;397.35377966235717;-116.62942532124359;393.39457551636735
6;7;3;1;-103.12738461312841;420.1895675807811;-116.62942532124359;393.39457551636735
6;7;4;1;-124.13044790810847;371.9408003464028;-116.62942532124359;393.39457551636735
6;7;5;1;-97.61017182138318;407.05207983197346;-116.62942532124359;393.39457551636735
6;7;6;2;233.70978578505742;339.08660641716887;246.2497768510297;351.379479586292
6;7;7;2;266.4676759396504;360.21512604000594;246.2497768510297;351.379479586292
6;7;8;2;220.57259255183524;374.6656043713587;246.2497768510297;351.379479586292
6;7;9;3;403.2045000421569;241.39708373630532;436.7476248582638;226.49904980886654
6;7;10;3;409.5814175190579;232.848336428404;436.7476248582638;226.49904980886654
6;7;11;3;443.6229534396357;201.74519320033775;436.7476248582638;226.49904980886654
6;7;12;4;224.66681526205272;562.0009309206243;242.98937143070708;538.4283424200654
6;7;13;4;235.2994686546132;511.7246353487538;242.98937143070708;538.4283424200654
6;7;14;4;283.02294635285153;533.6226763890535;242.98937143070708;538.4283424200654
6;8;0;0;401.41442293352287;114.78948391183526;387.28934018769513;145.74972683584318
6;8;1;0;394.3404743420636;177.14436883891509;387.28934018769513;145.74972683584318
6;8;2;1;-185.28613842487604;394.8863822904916;-156.61491767171378;394.4717948489514
6;8;3;1;-154.71401354311348;422.3818770728571;-156.61491767171378;394.4717948489514
6;8;4;1;-164.15524683465682;367.22810711624146;-156.61491767171378;394.4717948489514
6;8;5;1;-142.19696423535964;408.56261130325436;-156.61491767171378;394.4717948489514
6;8;6;2;260.7180945524435;368.022716273799;266.65738400396475;385.78194418247296
6;8;7;2;279.08009302061913;401.4830439835967;266.65738400396475;385.78194418247296
6;8;8;2;256.30333683223193;402.9279656372393;266.65738400396475;385.78194418247296
6;8;9;3;455.8370979281989;216.81770846022349;464.9809960973535;198.16396998763204
6;8;10;3;435.60724824914035;210.55701123870014;464.9809960973535;198.16396998763204
6;8;11;3;483.7240726098177;167.4098096803666;464.9809960973535;198.16396998763204
6;8;12;4;231.62378472430095;592.3556219758858;257.8445892725037;575.5675737378075
6;8;13;4;244.07954243770496;552.1992401540425;257.8445892725037;575.5675737378075
6;8;14;4;283.0848772177035;574.4512664283092;257.8445892725037;575.5675737378075
6;9;0;0;448.40503196007165;122.6686737634273;426.0326648677847;155.69732919687308
6;9;1;0;448.4245607856746;182.64886891445107;426.0326648677847;155.69732919687308
6;9;2;1;-210.4215993753284;400.92575485666316;-196.600410022184;395.5490141815354
6;9;3;1;-194.02987320273095;411.5020803148217;-196.600410022184;395.5490141815354
6;9;4;1;-211.78911769484864;374.24004647134296;-196.600410022184;395.5490141815354
6;9;5;1;-183.82809022163443;414.1120353127122;-196.600410022184;395.5490141815354
6;9;6;2;264.4034004702564;401.56170686938367;287.0649911568999;420.1844087786539
6;9;7;2;308.9006116413254;433.6054443093054;287.0649911568999;420.1844087786539
6;9;8;2;268.5989359430822;433.1030153097864;287.0649911568999;420.1844087786539
6;9;9;3;469.2956204500219;185.22502237194243;493.2143673364432;169.82889016639754
6;9;10;3;459.1247480750414;171.9717400438142;493.2143673364432;169.82889016639754
6;9;11;3;517.6086820700672;145.98638562225554;493.2143673364432;169.82889016639754
6;9;12;4;256.3308903605309;634.686184505541;272.6998071143001;612.7068050555496
6;9;13;4;256.1359906740936;590.2547121381472;272.6998071143001;612.7068050555496
6;9;14;4;305.5531574265449;605.6457757180284;272.6998071143001;612.7068050555496
6;10;0;0;493.25166281224205;141.2771457614312;464.7759895478743;165.644931557903
6;10;1;0;475.3980859632251;197.48256212498868;464.7759895478743;165.644931557903
6;10;2;1;-258.87987518718984;401.15523410141924;-236.58590237265423;396.62623351411946
6;10;3;1;-228.6622153460229;414.75830692185394;-236.58590237265423;396.62623351411946
6;10;4;1;-241.5109585893387;371.9482069313127;-236.58590237265423;396.62623351411946
6;10;5;1;-221.23421102542895;429.2957134645263;-236.58590237265423;396.62623351411946
6;10;6;2;298.2892081902274;434.9532950302406;307.47259830983506;454.58687337483485
6;10;7;2;321.52907435999487;460.2762558501295;307.47259830983506;454.58687337483485
6;10;8;2;291.4188094384759;472.71299949164927;307.47259830983506;454.58687337483485
6;10;9;3;510.90774301881515;161.300567726979;521.4477385755331;141.49381034516304
6;10;10;3;482.8014663297557;147.00133270915757;521.4477385755331;141.49381034516304
6;10;11;3;535.3991745977028;110.88568262652885;521.4477385755331;141.49381034516304
6;10;12;4;270.94593560432304;664.9723502962472;287.5550249560965;649.8460363732917
6;10;13;4;268.4839672807146;622.0608415186567;287.5550249560965;649.8460363732917
6;10;14;4;317.45486242031933;632.5948807958348;287.5550249560965;649.8460363732917
6;11;0;0;520.8758080793799;154.52403246197895;503.5193142279639;175.5925339189329
6;11;1;0;514.2699654121819;202.39449763872454;503.5193142279639;175.5925339189329
6;11;2;1;-295.505200429521;396.20959177891115;-276.5713947231243;397.7034528467035
6;11;3;1;-274.73877316890605;417.35642136472865;-276.5713947231243;397.7034528467035
6;11;4;1;-295.51266009233746;374.91427161019845;-276.5713947231243;397.7034528467035
6;11;5;1;-264.5417842225381;418.8165053197151;-276.5713947231243;397.7034528467035
6;11;6;2;307.85923756731216;474.8280285626766;327.8802054627702;488.9893379710158
6;11;7;2;343.0118499153187;494.3001474823919;327.8802054627702;488.9893379710158
6;11;8;2;299.8340271421848;505.4008732954915;327.8802054627702;488.9893379710158
6;11;9;3;536.5834899056777;131.03578151338795;549.6811098146234;113.15873052392845
6;11;10;3;525.7774767429629;127.24211479606589;549.6811098146234;113.15873052392845
6;11;11;3;567.2269411376;89.1334286284519;549.6811098146234;113.15873052392845
6;11;12;4;280.819020154711;706.7186443854441;302.41024279789286;686.9852676910338
6;11;13;4;290.5025600836274;661.0015697279835;302.41024279789286;686.9852676910338
6;11;14;4;332.42291083625105;683.6768320805646;302.41024279789286;686.9852676910338
6;12;0;0;574.2948975134282;156.19204038988147;542.2626389080531;185.5401362799628
6;12;1;0;561.4761623171701;219.59546285356743;542.2626389080531;185.5401362799628
6;12;2;1;-337.00708981331877;406.7826570323017;-316.5568870735942;398.78067217928754
6;12;3;1;-313.68540350794433;422.64404898359794;-316.5568870735942;398.78067217928754
6;12;4;1;-319.56466124107004;366.33749124274175;-316.5568870735942;398.78067217928754
6;12;5;1;-296.82636058067567;419.24776483894834;-316.5568870735942;398.78067217928754
6;12;6;2;333.9305325808135;509.60750616432534;348.2878126157054;523.3918025671966
6;12;7;2;368.60324696052334;529.329962544455;348.2878126157054;523.3918025671966
6;12;8;2;337.8646753958063;537.46361367173;348.2878126157054;523.3918025671966
6;12;9;3;563.0682700977359;102.24816681239528;577.9144810537136;84.82365070269381
6;12;10;3;558.554480657392;89.12555349210507;577.9144810537136;84.82365070269381
6;12;11;3;596.6255621353689;57.204971989517176;577.9144810537136;84.82365070269381
6;12;12;4;290.7474434947615;734.9774109932276;317.26546063968925;724.1244990087758
6;12;13;4;292.46990820330944;707.7977008234262;317.26546063968925;724.1244990087758
6;12;14;4;349.16391076994387;718.9314632406717;317.26546063968925;724.1244990087758
6;13;0;0;607.7413460560109;171.49926939481833;581.0059635881421;195.48773864099272
6;13;1;0;606.1096088573073;225.21543547597958;581.0059635881421;195.48773864099272
6;13;2;1;-371.6464532719631;407.68148357146583;-356.54237942406417;399.85789151187157
6;13;3;1;-345.5911599369906;425.1043090078652;-356.54237942406417;399.85789151187157
6;13;4;1;-365.7501844469975;384.64707589216863;-356.54237942406417;399.85789151187157
6;13;5;1;-336.8540822406595;420.91551915592396;-356.54237942406417;399.85789151187157
6;13;6;2;359.861778545442;528.494522713161;368.69541976864053;557.794267163377
6;13;7;2;383.6403303513744;577.8377874284915;368.69541976864053;557.794267163377
6;13;8;2;354.8216945168682;570.1572812513099;368.69541976864053;557.794267163377
6;13;9;3;591.7535644461396;68.77656498477614;606.1478522928039;56.48857088145917
6;13;10;3;577.6977914936417;60.907901511736014;606.1478522928039;56.48857088145917
6;13;11;3;619.7681242078313;29.84926224361004;606.1478522928039;56.48857088145917
6;13;12;4;307.7840604814709;780.2565244849688;332.12067848148564;761.2637303265179
6;13;13;4;313.1158869426945;733.6003806418676;332.12067848148564;761.2637303265179
6;13;14;4;354.31640453869767;755.240895412132;332.12067848148564;761.2637303265179
6;14;0;0;638.7633318856745;167.6176009716396;619.7492882682311;205.43534100202262
6;14;1;0;643.3956424167541;230.61247504776378;619.7492882682311;205.43534100202262
6;14;2;1;-423.3173490947825;405.5700362070201;-396.5278717745341;400.9351108444556
6;14;3;1;-385.56841269020646;419.63924594805627;-396.5278717745341;400.9351108444556
6;14;4;1;-408.62146538881666;377.8343606418341;-396.5278717745341;400.9351108444556
6;14;5;1;-373.0812412883376;428.15229447294246;-396.5278717745341;400.9351108444556
6;14;6;2;379.61564123131353;569.3411528337555;389.1030269215757;592.1967317595573
6;14;7;2;395.69904494517306;607.9091225673612;389.1030269215757;592.1967317595573
6;14;8;2;371.1156878205887;603.0048736378759;389.1030269215757;592.1967317595573
6;14;9;3;602.320352126731;40.63534363687244;634.3812235318942;28.153491060224532
6;14;10;3;610.8298524471729;35.28364619832562;634.3812235318942;28.153491060224532
6;14;11;3;649.6613700908578;3.8542172216837933;634.3812235318942;28.153491060224532
6;14;12;4;327.4595146702827;817.9286294903576;346.97589632328203;798.40296164426
6;14;13;4;340.54874250094747;765.6031981031442;346.97589632328203;798.40296164426
6;14;14;4;376.1734726678632;801.2528979219339;346.97589632328203;798.40296164426
6;15;0;0;675.5157031821765;190.9642822545257;658.4926129483201;215.38294336305253
6;15;1;0;678.8642566788948;239.26361403711178;658.4926129483201;215.38294336305253
6;15;2;1;-462.7772739593288;409.6976790381094;-436.51336412500405;402.01233017703964
6;15;3;1;-432.76963368952613;437.385667932808;-436.51336412500405;402.01233017703964
6;15;4;1;-445.0832732150603;375.08560533366733;-436.51336412500405;402.01233017703964
6;15;5;1;-420.91785322213354;424.67304441121576;-436.51336412500405;402.01233017703964
6;15;6;2;394.15132115936854;613.5008293139308;409.51063407451085;626.5991963557377
6;15;7;2;429.9782955114982;633.0348143032613;409.51063407451085;626.5991963557377
6;15;8;2;398.32964519688477;641.8817161439575;409.51063407451085;626.5991963557377
6;15;9;3;642.75042546901;14.944946465782136;662.6145947709845;-0.18158876101007682
6;15;10;3;632.9444912655403;1.3856500249135872;662.6145947709845;-0.18158876101007682
6;15;11;3;669.5223344958611;-23.85976004668592;662.6145947709845;-0.18158876101007682
6;15;12;4;333.78777413927014;856.9424331062322;361.8311141650784;835.5421929620021
6;15;13;4;348.35312402269903;805.1775694322421;361.8311141650784;835.5421929620021
6;15;14;4;382.71994491610735;831.0112530904388;361.8311141650784;835.5421929620021
6;16;0;0;717.4077165304583;201.61821564384564;697.2359376284091;225.33054572408244
6;16;1;0;722.7777658686067;257.95348276456946;697.2359376284091;225.33054572408244
6;16;2;1;-497.63297690291716;404.9315622901382;-476.498856475474;403.0895495096237
6;16;3;1;-466.46749679010276;422.70190139446714;-476.498856475474;403.0895495096237
6;16;4;1;-485.7527857375989;376.2454478580911;-476.498856475474;403.0895495096237
6;16;5;1;-455.7140815967539;421.3312479072145;-476.498856475474;403.0895495096237
6;16;6;2;420.18845782423546;643.723473569165;429.918241227446;661.0016609519181
6;16;7;2;453.5840317102914;671.9139889659463;429.918241227446;661.0016609519181
6;16;8;2;420.2628064746036;677.6733767562067;429.918241227446;661.0016609519181
6;16;9;3;665.2737238784869;-16.455942409471312;690.8479660100747;-28.516668582244687
6;16;10;3;667.4061133545445;-19.304591290028334;690.8479660100747;-28.516668582244687
6;16;11;3;699.2613349939578;-54.16198099799193;690.8479660100747;-28.516668582244687
6;16;12;4;350.14271074136536;900.1287845894936;376.6863320068748;872.6814242797442
6;16;13;4;361.3086192397742;841.2256936503666;376.6863320068748;872.6814242797442
6;16;14;4;407.4499716324265;862.3171485149685;376.6863320068748;872.6814242797442
6;17;0;0;753.9620075590885;210.85499545053867;735.9792623084982;235.27814808511235
6;17;1;0;753.4433903926481;266.6214338655677;735.9792623084982;235.27814808511235
6;17;2;1;-536.7911881136984;407.50267215529266;-516.4843488259439;404.1667688422077
6;17;3;1;-505.2700598124554;423.43332733332085;-516.4843488259439;404.1667688422077
6;17;4;1;-525.6102254485718;375.14824906536955;-516.4843488259439;404.1667688422077
6;17;5;1;-502.74204548014666;422.6617173598296;-516.4843488259439;404.1667688422077
6;17;6;2;436.030090759893;689.5108092425236;450.32584838038116;695.4041255480985
6;17;7;2;468.3826621234838;705.7875040946947;450.32584838038116;695.4041255480985
6;17;8;2;428.2823168901246;710.4750777363231;450.32584838038116;695.4041255480985
6;17;9;3;693.512862943833;-39.15039382656073;719.081337249165;-56.85174840347933
6;17;10;3;691.398271997668;-52.508023453403815;719.081337249165;-56.85174840347933
6;17;11;3;741.3172878256812;-81.47814493175956;719.081337249165;-56.85174840347933
6;17;12;4;358.8419632770319;922.3646148231813;391.5415498486712;909.8206555974863
6;17;13;4;378.9058312235489;884.5903134533168;391.5415498486712;909.8206555974863
6;17;14;4;422.44587336131445;911.7306876808123;391.5415498486712;909.8206555974863
6;18;0;0;788.3484283362498;216.05037709000635;774.7225869885872;245.22575044614226
6;18;1;0;788.0669156613097;275.38812625264967;774.7225869885872;245.22575044614226
6;18;2;1;-570.466657498113;418.0719815575847;-556.4698411764139;405.24398817479175
6;18;3;1;-555.0813268917751;427.41057153195186;-556.4698411764139;405.24398817479175
6;18;4;1;-566.0361008595083;383.69875332090163;-556.4698411764139;405.24398817479175
6;18;5;1;-547.2869213909471;422.87650836005633;-556.4698411764139;405.24398817479175
6;18;6;2;456.6436611933976;701.526776160939;470.7334555333163;729.8065901442789
6;18;7;2;489.38649045161173;747.9752392427176;470.7334555333163;729.8065901442789
6;18;8;2;464.4338299166604;745.2413241296501;470.7334555333163;729.8065901442789
6;18;9;3;722.3682977429655;-75.8072804034059;747.3147084882553;-85.18682822471396
6;18;10;3;727.0367758496554;-81.56988467993845;747.3147084882553;-85.18682822471396
6;18;11;3;759.8463400585949;-108.12542437531226;747.3147084882553;-85.18682822471396
6;18;12;4;382.24995250265584;962.677242910607;406.3967676904676;946.9598869152284
6;18;13;4;393.65478452742775;929.5713567465748;406.3967676904676;946.9598869152284
6;18;14;4;445.31437970802324;944.4786106767862;406.3967676904676;946.9598869152284
6;19;0;0;844.1450424851554;219.9184080372024;813.4659116686762;255.17335280717217
6;19;1;0;831.2623775161359;297.4352742278347;813.4659116686762;255.17335280717217
6;19;2;1;-614.687160189329;400.5054609420165;-596.4553335268838;406.3212075073758
6;19;3;1;-589.6262869370998;422.2672896160543;-596.4553335268838;406.3212075073758
6;19;4;1;-606.4621050819136;388.2938502706975;-596.4553335268838;406.3212075073758
6;19;5;1;-588.4678162254994;422.26556466226583;-596.4553335268838;406.3212075073758
6;19;6;2;476.88643645570613;754.968312953271;491.1410626862515;764.2090547404592
6;19;7;2;499.39552179423947;777.9400560904593;491.1410626862515;764.2090547404592
6;19;8;2;477.27293473553476;775.2383404774555;491.1410626862515;764.2090547404592
6;19;9;3;748.1762800687394;-87.55838941841493;775.5480797273456;-113.5219080459486
6;19;10;3;749.2339473640762;-119.37725752823837;775.5480797273456;-113.5219080459486
6;19;11;3;795.2863399555437;-131.57039560153436;775.5480797273456;-113.5219080459486
6;19;12;4;401.7662113859868;1014.3664843358492;421.251985532264;984.0991182329705
6;19;13;4;398.0994062647083;954.6104735370786;421.251985532264;984.0991182329705
6;19;14;4;446.24108079496204;978.9858227900943;421.251985532264;984.0991182329705
7;0;0;0;346.9590384015667;143.6900572702392;326.0407002610655;162.0224490294217
7;0;1;0;336.2681170759634;197.97846141472917;326.0407002610655;162.0224490294217
7;0;2;1;82.49974421667784;89.3758566519688;100.51063745768683;80.84559793643803
7;0;3;1;117.15572629888557;102.69021465927251;100.51063745768683;80.84559793643803
7;0;4;1;80.3980821593587;53.92998787297834;100.51063745768683;80.84559793643803
7;0;5;1;117.05536417590736;105.32298438363077;100.51063745768683;80.84559793643803
7;0;6;2;80.72277966017185;160.08440512057348;92.96104981719502;189.6938899745797
7;0;7;2;115.72175574864356;202.97757277176572;92.96104981719502;189.6938899745797
7;0;8;2;79.05124561220136;207.56416724616386;92.96104981719502;189.6938899745797
7;0;9;3;231.6693225955904;365.38749171426304;247.21506548559384;352.9140137683894
7;0;10;3;220.15644311412404;361.780421535294;247.21506548559384;352.9140137683894
7;0;11;3;256.1379897593965;334.1034926950568;247.21506548559384;352.9140137683894
7;0;12;4;139.97642719839425;156.89648206889711;162.47838535465755;143.2758764156774
7;0;13;4;136.59606912418317;125.34219716965883;162.47838535465755;143.2758764156774
7;0;14;4;191.9803881581298;138.43901181346848;162.47838535465755;143.2758764156774
7;1;0;0;328.3652157258401;163.27458378543727;304.83533767688965;195.9390024756908
7;1;1;0;316.9434924005667;226.77387949349068;304.83533767688965;195.9390024756908
7;1;2;1;85.30633826452426;42.88443692652144;112.68173334204785;42.74225917231274
7;1;3;1;115.25111766400073;63.6545064320494;112.68173334204785;42.74225917231274
7;1;4;1;107.77101354090092;13.614286598379614;112.68173334204785;42.74225917231274
7;1;5;1;126.70594858388192;57.79027598552821;112.68173334204785;42.74225917231274
7;1;6;2;68.48744339032237;204.0074770866067;78.77438034646353;227.09360132812122
7;1;7;2;95.06165714281072;243.44205026936527;78.77438034646353;227.09360132812122
7;1;8;2;58.29209930414812;241.8469086580985;78.77438034646353;227.09360132812122
7;1;9;3;249.51796609851826;331.9522466564804;278.5452884772673;328.0460197340486
7;1;10;3;255.581195089243;331.460927200072;278.5452884772673;328.0460197340486
7;1;11;3;287.176083194316;294.3467816162431;278.5452884772673;328.0460197340486
7;1;12;4;163.2495663448053;136.67153149949547;190.5303107579028;114.76115247924847
7;1;13;4;177.40947422753473;95.50428576185256;190.5303107579028;114.76115247924847
7;1;14;4;217.9522893015511;100.81625916654781;190.5303107579028;114.76115247924847
7;2;0;0;304.80153818796686;204.8134395996874;283.6299750927138;229.85555592195993
7;2;1;0;299.31690035096614;260.7495859265264;283.6299750927138;229.85555592195993
7;2;2;1;103.51519931721167;6.991616217601651;124.85282922640887;4.638920408187483
7;2;3;1;133.34298004264124;20.298814194289033;124.85282922640887;4.638920408187483
7;2;4;1;110.74983847736465;-24.14437110783588;124.85282922640887;4.638920408187483
7;2;5;1;150.33460385796582;17.11637659957973;124.85282922640887;4.638920408187483
7;2;6;2;59.4693889628859;245.40042669027335;64.58771087573204;264.49331268166276
7;2;7;2;85.21358795085908;277.90406431891626;64.58771087573204;264.49331268166276
7;2;8;2;57.19256928550705;274.6401819811983;64.58771087573204;264.49331268166276
7;2;9;3;288.3243710045186;316.7515389946821;309.87551146894083;303.17802569970786
7;2;10;3;280.40563148120765;308.10591469492266;309.87551146894083;303.17802569970786
7;2;11;3;318.8649907239296;274.8486094884991;309.87551146894083;303.17802569970786
7;2;12;4;199.29792012399852;102.349240675287;218.58223616114807;86.24642854281953
7;2;13;4;197.9076729279778;60.02281393969093;218.58223616114807;86.24642854281953
7;2;14;4;249.6557571861485;68.97035037282886;218.58223616114807;86.24642854281953
7;3;0;0;286.34118570994315;236.82709407354085;262.4246125085379;263.772109368229
7;3;1;0;275.2526210691939;308.5724782502419;262.4246125085379;263.772109368229
7;3;2;1;112.31329405438886;-30.862983326850024;137.02392511076988;-33.464418355937774
7;3;3;1;137.7425804542873;-8.009578479628855;137.02392511076988;-33.464418355937774
7;3;4;1;130.8726357712226;-56.658279219902106;137.02392511076988;-33.464418355937774
7;3;5;1;151.62399223275858;-7.364358398579156;137.02392511076988;-33.464418355937774
7;3;6;2;41.1831775283189;295.84449288813715;50.401041405000626;301.8930240352043
7;3;7;2;79.60399643461699;320.4911037419413;50.401041405000626;301.8930240352043
7;3;8;2;38.87776125943137;322.65972994224387;50.401041405000626;301.8930240352043
7;3;9;3;325.2570304009849;291.2023522657485;341.20573446061434;278.3100316653671
7;3;10;3;313.4568182178395;284.39667948653613;341.20573446061434;278.3100316653671
7;3;11;3;353.3428985544832;254.7954557819434;341.20573446061434;278.3100316653671
7;3;12;4;221.56338122926178;68.00035803885427;246.63416156439334;57.73170460639057
7;3;13;4;241.0127445243757;35.747289122473106;246.63416156439334;57.73170460639057
7;3;14;4;273.23053964451583;48.70499267604643;246.63416156439334;57.73170460639057
7;4;0;0;257.16422514598077;272.7800481983605;241.21924992436203;297.68866281449783
7;4;1;0;256.22712705149075;317.2527999611275;241.21924992436203;297.68866281449783
7;4;2;1;126.83456209867627;-66.66422965185586;149.1950209951309;-71.56775712006305
7;4;3;1;164.34660928375587;-46.88482708486616;149.1950209951309;-71.56775712006305
7;4;4;1;135.36150032475538;-92.5404057721112;149.1950209951309;-71.56775712006305
7;4;5;1;169.7266738126721;-59.352784572270615;149.1950209951309;-71.56775712006305
7;4;6;2;12.327432535134696;316.53001931097197;36.21437193426921;339.2927353887458
7;4;7;2;55.31034483518869;346.49004541028455;36.21437193426921;339.2927353887458
7;4;8;2;21.759956463792218;354.82596418771533;36.21437193426921;339.2927353887458
7;4;9;3;351.6550311749029;266.2398701645016;372.53595745228785;253.44203763102632
7;4;10;3;351.4363971191069;260.6372917770672;372.53595745228785;253.44203763102632
7;4;11;3;377.2814046494882;223.0387869523643;372.53595745228785;253.44203763102632
7;4;12;4;255.7625046375287;49.17317831905359;274.68608696763863;29.21698066996157
7;4;13;4;254.2003860084751;7.921271882711445;274.68608696763863;29.21698066996157
7;4;14;4;295.49679222189536;16.917808568827205;274.68608696763863;29.21698066996157
7;5;0;0;240.1413191432839;303.96377681170475;220.01388734018616;331.60521626076667
7;5;1;0;233.69180462218839;362.80953458809154;220.01388734018616;331.60521626076667
7;5;2;1;137.4842832130528;-104.27420097772547;161.36611687949193;-109.67109588418833
7;5;3;1;172.39640651885935;-84.77946493745429;161.36611687949193;-109.67109588418833
7;5;4;1;148.28708748066816;-126.3283357523297;161.36611687949193;-109.67109588418833
7;5;5;1;181.6795185065446;-85.05131929519833;161.36611687949193;-109.67109588418833
7;5;6;2;11.515061609129795;354.91723644468124;22.027702463537764;376.69244674228736
7;5;7;2;48.43192367392153;386.3886556264459;22.027702463537764;376.69244674228736
7;5;8;2;11.16058212495331;392.13263168597973;22.027702463537764;376.69244674228736
7;5;9;3;375.23325077726156;247.8019379678267;403.86618044396135;228.57404359668556
7;5;10;3;381.32760442881477;227.28103239971762;403.86618044396135;228.57404359668556
7;5;11;3;406.03833568867617;199.3558375179369;403.86618044396135;228.57404359668556
7;5;12;4;276.5103379574427;22.620026258544215;302.7380123708839;0.7022567335325869
7;5;13;4;287.1542864234875;-24.027194575955967;302.7380123708839;0.7022567335325869
7;5;14;4;338.9399716593184;-9.784435070281816;302.7380123708839;0.7022567335325869
7;6;0;0;225.30410590071583;329.29514082568693;198.80852475601029;365.5217697070355
7;6;1;0;215.15549027257978;397.33218303516327;198.80852475601029;365.5217697070355
7;6;2;1;141.03287885693362;-146.41626017624586;173.53721276385295;-147.77443464831362
7;6;3;1;177.02057047777475;-122.52510471091371;173.53721276385295;-147.77443464831362
7;6;4;1;162.67832871838567;-171.40772246469268;173.53721276385295;-147.77443464831362
7;6;5;1;193.92596747534907;-130.19229366575476;173.53721276385295;-147.77443464831362
7;6;6;2;-7.1769933146095735;393.83561287698996;7.841032992806322;414.0921580958289
7;6;7;2;28.538713847017682;425.25520613685757;7.841032992806322;414.0921580958289
7;6;8;2;-15.979902045725122;432.98261286307275;7.841032992806322;414.0921580958289
7;6;9;3;415.3570082083103;222.35304242379905;435.19640343563486;203.7060495623448
7;6;10;3;397.9489216530813;204.00852697963688;435.19640343563486;203.7060495623448
7;6;11;3;450.82248343797966;181.53801902065538;435.19640343563486;203.7060495623448
7;6;12;4;309.58147690452205;-8.34102309496167;330.78993777412916;-27.812467202896393
7;6;13;4;321.99019777107924;-58.729702800601935;330.78993777412916;-27.812467202896393
7;6;14;4;356.625164540203;-40.58691158272976;330.78993777412916;-27.812467202896393
7;7;0;0;206.82005558448546;376.2793727528237;177.6031621718344;399.43832315330434
7;7;1;0;194.02058218961122;435.9509541077835;177.6031621718344;399.43832315330434
7;7;2;1;164.35317368047365;-174.19722414773744;185.70830864821397;-185.8777734124389
7;7;3;1;200.74242715519313;-157.79085207898427;185.70830864821397;-185.8777734124389
7;7;4;1;173.33929410998175;-207.86921230877982;185.70830864821397;-185.8777734124389
7;7;5;1;203.07319969250108;-161.78896639941482;185.70830864821397;-185.8777734124389
7;7;6;2;-17.565100561309524;440.17603887076297;-6.345636477925121;451.4918694493704
7;7;7;2;13.86139634283556;456.1402485185551;-6.345636477925121;451.4918694493704
7;7;8;2;-23.166383541466562;467.14786807407904;-6.345636477925121;451.4918694493704
7;7;9;3;446.5072517408425;194.03866616127348;466.5266264273084;178.83805552800402
7;7;10;3;434.7588982403009;181.69939635815092;466.5266264273084;178.83805552800402
7;7;11;3;484.69862222244825;156.7790440226487;466.5266264273084;178.83805552800402
7;7;12;4;341.73726839373523;-32.32855359981001;358.8418631773744;-56.32719113932539
7;7;13;4;339.2772605047439;-79.35008489914091;358.8418631773744;-56.32719113932539
7;7;14;4;380.7358670761221;-62.236429643470125;358.8418631773744;-56.32719113932539
7;8;0;0;164.6325306465507;403.74207495974326;156.39779958765854;433.3548765995732
7;8;1;0;169.85260102710228;462.49567461637616;156.39779958765854;433.3548765995732
7;8;2;1;172.56061525578068;-210.72074288348173;197.879404532575;-223.98111217656418
7;8;3;1;213.6336450150959;-194.23455269442158;197.879404532575;-223.98111217656418
7;8;4;1;188.8049498916578;-241.711920287104;197.879404532575;-223.98111217656418
7;8;5;1;204.16736918841818;-206.54261243617182;197.879404532575;-223.98111217656418
7;8;6;2;-39.80632553498177;462.4278604844392;-20.532305948656564;488.89158080291196
7;8;7;2;-10.429883807138662;498.22177893291416;-20.532305948656564;488.89158080291196
7;8;8;2;-37.91181680399557;503.9924368664652;-20.532305948656564;488.89158080291196
7;8;9;3;476.95007795143266;169.16735490764236;497.8568494189819;153.97006149366325
7;8;10;3;472.735368852731;155.91986267727418;497.8568494189819;153.97006149366325
7;8;11;3;512.1389038335889;131.47951916858315;497.8568494189819;153.97006149366325
7;8;12;4;359.83381960524105;-66.9642901571308;386.8937885806197;-84.84191507575434
7;8;13;4;367.6168037297496;-106.16000578184602;386.8937885806197;-84.84191507575434
7;8;14;4;412.5149235567994;-95.86305489902416;386.8937885806197;-84.84191507575434
7;9;0;0;167.0081414671575;437.16069638822205;135.19243700348267;467.271430045842
7;9;1;0;158.5716508483949;504.5832559007956;135.19243700348267;467.271430045842
7;9;2;1;184.75995626522393;-264.8326348978826;210.05050041693602;-262.08445094068946
7;9;3;1;220.78937719638512;-230.40371954602617;210.05050041693602;-262.08445094068946
7;9;4;1;195.98259382015942;-286.29066094345126;210.05050041693602;-262.08445094068946
7;9;5;1;223.43704428856705;-243.3317846904572;210.05050041693602;-262.08445094068946
7;9;6;2;-53.833271269033695;504.08269293023983;-34.71897541938801;526.2912921564534
7;9;7;2;-15.68071730661513;542.2941387027851;-34.71897541938801;526.2912921564534
7;9;8;2;-45.5937458819181;543.5310582271646;-34.71897541938801;526.2912921564534
7;9;9;3;509.76341869279287;150.52266307677095;529.1870724106553;129.10206745932248
7;9;10;3;503.3144391087498;133.150207252954;529.1870724106553;129.10206745932248
7;9;11;3;536.2798442771939;106.75868212725176;529.1870724106553;129.10206745932248
7;9;12;4;389.420764084297;-94.12249567673331;414.94571398386495;-113.35663901218328
7;9;13;4;399.98871081944947;-143.66465881149836;414.94571398386495;-113.35663901218328
7;9;14;4;448.7474616999686;-120.09783684845597;414.94571398386495;-113.35663901218328
7;10;0;0;146.35604749064322;483.1127840521996;113.9870744193067;501.18798349211085
7;10;1;0;132.18484544937604;528.4436744822111;113.9870744193067;501.18798349211085
7;10;2;1;194.20053158942767;-298.0799422248584;222.22159630129704;-300.18778970481475
7;10;3;1;227.2955442868227;-281.97070878720854;222.22159630129704;-300.18778970481475
7;10;4;1;213.61691306539595;-326.9870801619594;222.22159630129704;-300.18778970481475
7;10;5;1;242.1745446378577;-274.4665632596588;222.22159630129704;-300.18778970481475
7;10;6;2;-51.806908813725144;551.919006012529;-48.905644890119426;563.691003509995
7;10;7;2;-31.99932604744052;583.7883897010921;-48.905644890119426;563.691003509995
7;10;8;2;-63.85312540361935;576.0948917218118;-48.905644890119426;563.691003509995
7;10;9;3;533.4267339890846;123.25051462666637;560.5172954023288;104.23407342498157
7;10;10;3;538.2218047857853;111.09502313522017;560.5172954023288;104.23407342498157
7;10;11;3;572.8441103291925;76.21357696336827;560.5172954023288;104.23407342498157
7;10;12;4;425.1288303080393;-125.59997780803573;442.9976393871102;-141.87136294861222
7;10;13;4;423.27257301081187;-174.12224403578495;442.9976393871102;-141.87136294861222
7;10;14;4;480.3205828408169;-149.10198503904434;442.9976393871102;-141.87136294861222
7;11;0;0;113.39243396897831;516.507868958415;92.78171183513068;535.1045369383797
7;11;1;0;105.50833049730258;571.3535414474405;92.78171183513068;535.1045369383797
7;11;2;1;206.64114250512245;-331.23583949944526;234.39269218565806;-338.29112846894003
7;11;3;1;247.89327586115405;-314.92164265381683;234.39269218565806;-338.29112846894003
7;11;4;1;221.5346297456852;-365.6126145213977;234.39269218565806;-338.29112846894003
7;11;5;1;252.36532611853366;-317.4010608539417;234.39269218565806;-338.29112846894003
7;11;6;2;-94.77535112590208;576.777403637736;-63.09231436085084;601.0907148635365
7;11;7;2;-46.628968363559174;619.6057513967952;-63.09231436085084;601.0907148635365
7;11;8;2;-73.4540372224655;612.6313108387164;-63.09231436085084;601.0907148635365
7;11;9;3;565.3790883216809;91.80030508942147;591.8475183940023;79.36607939064066
7;11;10;3;568.3359201368736;88.31126770288434;591.8475183940023;79.36607939064066
7;11;11;3;595.4046161157972;55.846528662585925;591.8475183940023;79.36607939064066
7;11;12;4;449.49553138889263;-152.90517959759245;471.0495647903555;-170.38608688504115
7;11;13;4;441.30175986185577;-196.0478613662065;471.0495647903555;-170.38608688504115
7;11;14;4;492.15291640495747;-176.10034969956394;471.0495647903555;-170.38608688504115
7;12;0;0;92.64543099802246;538.0203342217284;71.57634925095466;569.0210903846486
7;12;1;0;88.90700721873411;603.82830788033;71.57634925095466;569.0210903846486
7;12;2;1;226.94042046621564;-372.9026026740174;246.5637880700191;-376.3944672330653
7;12;3;1;263.30783122517187;-354.1065333955673;246.5637880700191;-376.3944672330653
7;12;4;1;237.1088964492414;-389.087622136578;246.5637880700191;-376.3944672330653
7;12;5;1;275.8455919669334;-361.0600618391166;246.5637880700191;-376.3944672330653
7;12;6;2;-83.8081120950329;614.06418687835;-77.27898383158232;638.490426217078
7;12;7;2;-63.88484207728724;651.2214945661578;-77.27898383158232;638.490426217078
7;12;8;2;-93.45623876845264;649.1812402247257;-77.27898383158232;638.490426217078
7;12;9;3;602.9701840765147;69.14298331225866;623.1777413856759;54.498085356299754
7;12;10;3;600.3801450125792;54.55227826302962;623.1777413856759;54.498085356299754
7;12;11;3;633.5064704935576;35.71138039768811;623.1777413856759;54.498085356299754
7;12;12;4;480.10168480082615;-185.9808190820669;499.10149019360074;-198.9008108214701
7;12;13;4;483.90815275925;-219.29310339472025;499.10149019360074;-198.9008108214701
7;12;14;4;523.0613727198029;-204.21106511817925;499.10149019360074;-198.9008108214701
7;13;0;0;72.93804563185235;584.6088794200363;50.37098666677865;602.9376438309174
7;13;1;0;59.71885062060863;635.9151664744082;50.37098666677865;602.9376438309174
7;13;2;1;232.10483377303257;-405.51890819684337;258.73488395438005;-414.4978059971906
7;13;3;1;271.0075396842203;-391.1769457441497;258.73488395438005;-414.4978059971906
7;13;4;1;256.17775954994244;-437.2764347947669;258.73488395438005;-414.4978059971906
7;13;5;1;285.24617306124634;-386.31778222868354;258.73488395438005;-414.4978059971906
7;13;6;2;-108.98973572102983;665.536708597388;-91.46565330231381;675.8901375706196
7;13;7;2;-75.32175418601528;679.7384665420756;-91.46565330231381;675.8901375706196
7;13;8;2;-107.67354009613574;691.318490079637;-91.46565330231381;675.8901375706196
7;13;9;3;622.8904567760018;50.46302201155788;654.5079643773494;29.630091321958844
7;13;10;3;628.3171643502307;34.427596961676485;654.5079643773494;29.630091321958844
7;13;11;3;660.220234968622;13.737629996805925;654.5079643773494;29.630091321958844
7;13;12;4;497.3368775341509;-216.30380406293102;527.1534155968463;-227.41553475789902
7;13;13;4;506.4057520534382;-255.41119625000835;527.1534155968463;-227.41553475789902
7;13;14;4;557.2365741192169;-228.80921692208386;527.1534155968463;-227.41553475789902
7;14;0;0;51.15387912628802;612.981215647743;29.16562408260264;636.8541972771862
7;14;1;0;41.62420443771805;664.171529851589;29.16562408260264;636.8541972771862
7;14;2;1;248.60774696917673;-453.2201579105983;270.9059798387408;-452.6011447613159
7;14;3;1;282.4806432714253;-431.4171464533271;270.9059798387408;-452.6011447613159
7;14;4;1;259.32733962549;-469.573905248424;270.9059798387408;-452.6011447613159
7;14;5;1;293.47739136790375;-437.5806911350061;270.9059798387408;-452.6011447613159
7;14;6;2;-107.62991683656116;688.9154877391944;-105.6523227730453;713.2898489241611
7;14;7;2;-82.364308241173;727.530815032597;-105.6523227730453;713.2898489241611
7;14;8;2;-117.15404254500856;726.1879074672229;-105.6523227730453;713.2898489241611
7;14;9;3;665.7818352894203;27.547991853201378;685.8381873690229;4.762097287617943
7;14;10;3;657.1852031862843;15.207852800383773;685.8381873690229;4.762097287617943
7;14;11;3;697.8868250852257;-27.438046002371838;685.8381873690229;4.762097287617943
7;14;12;4;527.1949266734388;-239.20658512530431;555.2053410000922;-255.93025869432796
7;14;13;4;540.4478292728203;-283.31968681684987;555.2053410000922;-255.93025869432796
7;14;14;4;592.5432121804926;-266.60005445973616;555.2053410000922;-255.93025869432796
7;15;0;0;35.54889822147335;642.6233490334218;7.960261498426654;670.7707507234551
7;15;1;0;22.290038753269087;702.516270226746;7.960261498426654;670.7707507234551
7;15;2;1;262.0286751058757;-480.1618389101385;283.07707572310153;-490.70448352544116
7;15;3;1;297.26027094767556;-470.0747640507496;283.07707572310153;-490.70448352544116
7;15;4;1;281.5625316667618;-514.1197393300167;283.07707572310153;-490.70448352544116
7;15;5;1;301.5512362109549;-479.43107858586865;283.07707572310153;-490.70448352544116
7;15;6;2;-130.15990346876154;732.4041494945361;-119.83899224377679;750.6895602777026
7;15;7;2;-97.32270061672119;760.8824694952142;-119.83899224377679;750.6895602777026
7;15;8;2;-136.56063550660406;753.3744441053858;-119.83899224377679;750.6895602777026
7;15;9;3;708.2383192796789;-7.400271803474534;717.1684103606964;-20.105896746722955
7;15;10;3;700.262823404079;-16.014616778565916;717.1684103606964;-20.105896746722955
7;15;11;3;739.1001237077406;-49.67131616225301;717.1684103606964;-20.105896746722955
7;15;12;4;550.1870412558455;-271.1380434090851;583.257266403338;-284.4449826307569
7;15;13;4;566.2478681445059;-305.84373697069645;583.257266403338;-284.4449826307569
7;15;14;4;612.7903808529715;-286.25743601191834;583.257266403338;-284.4449826307569
7;16;0;0;18.85639630562103;688.2627309646936;-13.245101085749342;704.6873041697239
7;16;1;0;3.7914233869367373;735.4506033373744;-13.245101085749342;704.6873041697239
7;16;2;1;272.3981230554346;-531.3369200056618;295.24817160746227;-528.8078222895664
7;16;3;1;300.8616569230216;-502.6172970922879;295.24817160746227;-528.8078222895664
7;16;4;1;287.7316653405121;-549.1828736842538;295.24817160746227;-528.8078222895664
7;16;5;1;319.64776920725603;-513.3691918073348;295.24817160746227;-528.8078222895664
7;16;6;2;-151.00053145547352;768.3526067168539;-134.02566171450826;788.0892716312442
7;16;7;2;-115.72567868253932;803.1629163947108;-134.02566171450826;788.0892716312442
7;16;8;2;-149.67469324652103;807.1635535988255;-134.02566171450826;788.0892716312442
7;16;9;3;733.607749038932;-26.507551311617757;748.4986333523699;-44.973890781063865
7;16;10;3;728.1188666174619;-40.73128336799234;748.4986333523699;-44.973890781063865
7;16;11;3;755.1609110851447;-63.80443219367629;748.4986333523699;-44.973890781063865
7;16;12;4;593.0798716498401;-288.23377109169445;611.3091918065838;-312.95970656718583
7;16;13;4;594.3517937897841;-342.68871330021096;611.3091918065838;-312.95970656718583
7;16;14;4;639.3256099781522;-319.4975961613097;611.3091918065838;-312.95970656718583
7;17;0;0;-7.319495961622868;707.4148889752114;-34.45046366992533;738.6038576159928
7;17;1;0;-12.077729378907405;768.0264348806525;-34.45046366992533;738.6038576159928
7;17;2;1;280.3800171958872;-573.9818651837826;307.419267491823;-566.9111610536917
7;17;3;1;320.7478749438994;-546.0063449484821;307.419267491823;-566.9111610536917
7;17;4;1;296.7631627212239;-594.8434572102485;307.419267491823;-566.9111610536917
7;17;5;1;326.6493499467208;-554.6489860420115;307.419267491823;-566.9111610536917
7;17;6;2;-161.19660549190687;810.3723776383739;-148.21233118523975;825.4889829847857
7;17;7;2;-129.9968057964166;841.4567519851698;-148.21233118523975;825.4889829847857
7;17;8;2;-167.68201974349677;843.8987134171743;-148.21233118523975;825.4889829847857
7;17;9;3;757.784592949896;-55.051229456992296;779.8288563440434;-69.84188481540477
7;17;10;3;746.9881456211098;-66.14346487890587;779.8288563440434;-69.84188481540477
7;17;11;3;800.4262225159958;-93.8188508518115;779.8288563440434;-69.84188481540477
7;17;12;4;611.9943616329546;-328.870493815544;639.3611172098297;-341.47443050361477
7;17;13;4;626.0822257613761;-367.711101670209;639.3611172098297;-341.47443050361477
7;17;14;4;659.7600245383744;-343.5555897799804;639.3611172098297;-341.47443050361477
7;18;0;0;-25.036177809009224;746.5325735684667;-55.65582625410134;772.5204110622616
7;18;1;0;-38.76240314996891;802.4681685097521;-55.65582625410134;772.5204110622616
7;18;2;1;293.73850372422186;-596.0303602783462;319.59036337618375;-605.014499817817
7;18;3;1;337.4898367321688;-577.0150793893777;319.59036337618375;-605.014499817817
7;18;4;1;303.8019854777229;-618.8882003933664;319.59036337618375;-605.014499817817
7;18;5;1;334.5779515349085;-591.8499483088306;319.59036337618375;-605.014499817817
7;18;6;2;-171.37727383121103;850.551177205039;-162.39900065597124;862.8886943383272
7;18;7;2;-141.74080628759586;875.9821129123391;-162.39900065597124;862.8886943383272
7;18;8;2;-184.89042392590233;879.900237026809;-162.39900065597124;862.8886943383272
7;18;9;3;793.114447462205;-74.44340334294797;811.1590793357169;-94.70987884974568
7;18;10;3;792.95777981807;-95.82715148842203;811.1590793357169;-94.70987884974568
7;18;11;3;820.4915535169185;-122.64866065547592;811.1590793357169;-94.70987884974568
7;18;12;4;648.838014025437;-346.4280195855121;667.4130426130755;-369.9891544400437
7;18;13;4;649.1511229356794;-406.4682672984094;667.4130426130755;-369.9891544400437
7;18;14;4;687.1185143996813;-386.00530517901626;667.4130426130755;-369.9891544400437
7;19;0;0;-49.778699624766716;770.4594419081161;-76.86118883827736;806.4369645085304
7;19;1;0;-58.903663510781506;834.713186316511;-76.86118883827736;806.4369645085304
7;19;2;1;313.3551133561098;-644.8017756948984;331.7614592605445;-643.1178385819422
7;19;3;1;336.61289345291544;-620.5041588476502;331.7614592605445;-643.1178385819422
7;19;4;1;319.42348609269396;-665.5519587376394;331.7614592605445;-643.1178385819422
7;19;5;1;349.38269165682163;-620.3183127944659;331.7614592605445;-643.1178385819422
7;19;6;2;-186.6558828512254;887.0629479481182;-176.58567012670272;900.2884056918688
7;19;7;2;-159.53215229225532;911.9678160445345;-176.58567012670272;900.2884056918688
7;19;8;2;-190.6466615733844;915.032789819219;-176.58567012670272;900.2884056918688
7;19;9;3;824.7826146539504;-91.87558655947679;842.4893023273904;-119.57787288408659
7;19;10;3;812.6189111401244;-113.64590974433592;842.4893023273904;-119.57787288408659
7;19;11;3;859.0765938268049;-147.41710974749958;842.4893023273904;-119.57787288408659
7;19;12;4;668.1020052752638;-376.41583181198365;695.4649680163213;-398.50387837647264
7;19;13;4;679.158606822073;-419.50127641507646;695.4649680163213;-398.50387837647264
7;19;14;4;723.6807627810553;-408.6368279180909;695.4649680163213;-398.50387837647264
8;0;0;0;276.32108992645044;170.75779791865455;248.3171779273149;203.24915483883333
8;0;1;0;269.99008578862225;237.54609180234615;248.3171779273149;203.24915483883333
8;0;2;1;311.19860066032726;80.30852718047932;334.0636688886878;79.6890379695216
8;0;3;1;343.8072852406417;98.33701701603984;334.0636688886878;79.6890379695216
8;0;4;1;327.48734206296774;54.57624140067019;334.0636688886878;79.6890379695216
8;0;5;1;353.7932422511111;95.01942721846179;334.0636688886878;79.6890379695216
8;0;6;2;175.6766316412553;57.83143325312486;187.87532284428542;75.42107406832699
8;0;7;2;206.53076848746426;89.99658104877697;187.87532284428542;75.42107406832699
8;0;8;2;173.809237781184;92.36939913083671;187.87532284428542;75.42107406832699
8;0;9;3;78.29025305794485;86.60154413386034;99.34872167037923;73.04035930413693
8;0;10;3;65.64458997040609;69.22435937998098;99.34872167037923;73.04035930413693
8;0;11;3;113.00418270361719;48.9710835593804;99.34872167037923;73.04035930413693
8;0;12;4;110.8639093893858;273.41660500674703;139.36769781330054;252.29301888744632
8;0;13;4;124.05669223971545;220.96816155274422;139.36769781330054;252.29301888744632
8;0;14;4;165.32047449998967;245.8357783218945;139.36769781330054;252.29301888744632
8;1;0;0;249.89174431604346;220.8198434762979;228.25206947517694;237.85249893740203
8;1;1;0;244.87908898058907;263.5246643529674;228.25206947517694;237.85249893740203
8;1;2;1;293.1992029943139;45.02586834058967;322.0081435137815;41.548976250444824
8;1;3;1;329.3306990988531;62.52230696814797;322.0081435137815;41.548976250444824
8;1;4;1;305.6723366128706;23.25307983720223;322.0081435137815;41.548976250444824
8;1;5;1;342.83916446665546;58.78395150765199;322.0081435137815;41.548976250444824
8;1;6;2;202.69276584901493;88.1890923941213;215.4139140785846;104.4318650404837
8;1;7;2;232.82020381704052;112.65591039364793;215.4139140785846;104.4318650404837
8;1;8;2;204.3389423013377;119.6807514648957;215.4139140785846;104.4318650404837
8;1;9;3;30.94607326406127;74.60089047380852;60.9303622838246;61.903498792954565
8;1;10;3;31.47471176058293;67.50250284352852;60.9303622838246;61.903498792954565
8;1;11;3;66.16814581279134;42.29743237275589;60.9303622838246;61.903498792954565
8;1;12;4;92.69085948534563;300.80462736461834;113.25262365045037;282.59158158386555
8;1;13;4;95.09662300795505;270.4454655529195;113.25262365045037;282.59158158386555
8;1;14;4;140.76677021740673;266.9296389050918;113.25262365045037;282.59158158386555
8;2;0;0;232.5813677684427;247.07514036006773;208.18696102303898;272.4558430359706
8;2;1;0;227.95221430060087;302.5224561748477;208.18696102303898;272.4558430359706
8;2;2;1;288.2648969118868;8.196726543587921;309.95261813887515;3.408914531368069
8;2;3;1;307.5998580542838;26.360762219266487;309.95261813887515;3.408914531368069
8;2;4;1;304.3380459198384;-16.715394615410993;309.95261813887515;3.408914531368069
8;2;5;1;331.25813331038967;26.751090556224085;309.95261813887515;3.408914531368069
8;2;6;2;233.62327810629336;118.92927783474296;242.9525053128838;133.4426560126404
8;2;7;2;266.9623137539283;141.94776058372545;242.9525053128838;133.4426560126404
8;2;8;2;227.55872705567856;151.94733312282258;242.9525053128838;133.4426560126404
8;2;9;3;5.296918378070408;66.16701938468934;22.51200289727003;50.7666382817722
8;2;10;3;-17.196957989910924;55.45501910609803;22.51200289727003;50.7666382817722
8;2;11;3;38.25190232367217;28.909507391655872;22.51200289727003;50.7666382817722
8;2;12;4;66.84116690662401;333.526294667595;87.13754948760015;312.8901442802848
8;2;13;4;65.33598013335282;294.24762319304284;87.13754948760015;312.8901442802848
8;2;14;4;108.59803859357153;304.8549538408199;87.13754948760015;312.8901442802848
8;3;0;0;205.51377824204903;282.191109252577;188.121852570901;307.059187134539
8;3;1;0;204.52106523902938;333.98140156691335;188.121852570901;307.059187134539
8;3;2;1;269.25656998768903;-23.162737961329363;297.8970927639688;-34.73114718770868
8;3;3;1;303.6591083391193;-9.140717869109068;297.8970927639688;-34.73114718770868
8;3;4;1;292.48949113523395;-59.83020539710693;297.8970927639688;-34.73114718770868
8;3;5;1;313.91265023551455;-21.034602354023548;297.8970927639688;-34.73114718770868
8;3;6;2;251.90285686797924;141.9498098202377;270.49109654718313;162.45344698479713
8;3;7;2;290.89478763681797;170.9733191718581;270.49109654718313;162.45344698479713
8;3;8;2;249.21334076224258;175.74463371017558;270.49109654718313;162.45344698479713
8;3;9;3;-35.68244378583713;46.70503168900527;-15.906356489284544;39.62977777058984
8;3;10;3;-28.76408174869454;49.85236747463041;-15.906356489284544;39.62977777058984
8;3;11;3;0.4182593364360594;18.020303334306952;-15.906356489284544;39.62977777058984
8;3;12;4;48.56997985139449;363.47199801928014;61.022475324749934;343.18870697670405
8;3;13;4;47.841083809526445;305.13277410550955;61.022475324749934;343.18870697670405
8;3;14;4;89.821884925958;335.01099254128684;61.022475324749934;343.18870697670405
8;4;0;0;195.94068256466423;312.1043232564344;168.05674411876305;341.6625312331074
8;4;1;0;186.58277542188938;371.85374598281396;168.05674411876305;341.6625312331074
8;4;2;1;255.46320257013724;-67.37354835663139;285.8415673890625;-72.87120890678545
8;4;3;1;287.808777365268;-48.59236219472084;285.8415673890625;-72.87120890678545
8;4;4;1;285.05992629568425;-103.49520345481885;285.8415673890625;-72.87120890678545
8;4;5;1;302.0960972406853;-43.913799035738855;285.8415673890625;-72.87120890678545
8;4;6;2;282.79240563531584;174.81763562175365;298.0296877814826;191.46423795695384
8;4;7;2;325.84857545093325;202.34485783325445;298.0296877814826;191.46423795695384
8;4;8;2;286.49357073576164;208.26998139187697;298.0296877814826;191.46423795695384
8;4;9;3;-72.03860954297487;43.05907737245457;-54.32471587583912;28.492917259407463
8;4;10;3;-79.83716358313565;35.20586368438997;-54.32471587583912;28.492917259407463
8;4;11;3;-42.87800944916727;9.996738780745908;-54.32471587583912;28.492917259407463
8;4;12;4;14.649934770736857;390.23692086182155;34.90740116189971;373.4872696731233
8;4;13;4;17.110858767113815;353.1587490127253;34.90740116189971;373.4872696731233
8;4;14;4;65.4101470844927;358.335901837198;34.90740116189971;373.4872696731233
8;5;0;0;162.35650844533373;352.4703798742358;147.9916356666251;376.26587533167583
8;5;1;0;164.00819135284854;412.52423665076367;147.9916356666251;376.26587533167583
8;5;2;1;249.6463853060885;-113.74773929362382;273.7860420141562;-111.01127062586224
8;5;3;1;276.1400621794957;-89.27904304307953;273.7860420141562;-111.01127062586224
8;5;4;1;265.62424916984185;-129.8211710149386;273.7860420141562;-111.01127062586224
8;5;5;1;280.5467020433125;-93.54742412543423;273.7860420141562;-111.01127062586224
8;5;6;2;313.84906575915846;203.44840950623006;325.5682790157821;220.47502892911055
8;5;7;2;335.6576405862816;231.69937608682085;325.5682790157821;220.47502892911055
8;5;8;2;302.92677538724405;235.9567422801588;325.5682790157821;220.47502892911055
8;5;9;3;-112.41832697341634;36.091980143142095;-92.74307526239375;17.356056748225065
8;5;10;3;-121.60142552488546;21.350601722923127;-92.74307526239375;17.356056748225065
8;5;11;3;-81.48794541822994;-15.391725303226671;-92.74307526239375;17.356056748225065
8;5;12;4;-8.13760290945719;420.3824746245596;8.792326999049525;403.78583236954256
8;5;13;4;-8.754528305201397;380.9192500520926;8.792326999049525;403.78583236954256
8;5;14;4;41.496433181226365;400.32234806827;8.792326999049525;403.78583236954256
8;6;0;0;148.29919570726267;385.8314298923214;127.92652721448714;410.86921943024424
8;6;1;0;136.91829573119864;438.4525520464134;127.92652721448714;410.86921943024424
8;6;2;1;233.07059501437166;-139.61075369795395;261.73051663924986;-149.15133234493894
8;6;3;1;264.3383336098459;-125.44232691493335;261.73051663924986;-149.15133234493894
8;6;4;1;255.31082963040376;-170.8050016986961;261.73051663924986;-149.15133234493894
8;6;5;1;271.77801734495216;-132.20721055050996;261.73051663924986;-149.15133234493894
8;6;6;2;333.69368110286433;238.39363410903152;353.10687025008156;249.48581990126726
8;6;7;2;373.8874415495086;260.71937607264084;353.10687025008156;249.48581990126726
8;6;8;2;340.70793993517424;270.23687562090623;353.10687025008156;249.48581990126726
8;6;9;3;-153.12240908935127;19.465124477506496;-131.1614346489484;6.219196237042681
8;6;10;3;-159.98637311296335;7.538680268019387;-131.1614346489484;6.219196237042681
8;6;11;3;-120.12268092247126;-11.0540727591352;-131.1614346489484;6.219196237042681
8;6;12;4;-39.28468419627909;448.9163425565034;-17.32274716380066;434.0843950659618
8;6;13;4;-35.839978908593224;409.850289628264;-17.32274716380066;434.0843950659618
8;6;14;4;5.522595586802248;426.0387051612722;-17.32274716380066;434.0843950659618
8;7;0;0;125.88298642800007;414.2892438451297;107.86141876234932;445.47256352881266
8;7;1;0;135.7170621372894;472.7218093653789;107.86141876234932;445.47256352881266
8;7;2;1;236.8566561179757;-189.5871477475116;249.67499126434336;-187.29139406401558
8;7;3;1;258.85280404087814;-161.87480207894427;249.67499126434336;-187.29139406401558
8;7;4;1;237.2564159684048;-207.55078817762697;249.67499126434336;-187.29139406401558
8;7;5;1;258.31322378230897;-170.39496327618633;249.67499126434336;-187.29139406401558
8;7;6;2;377.3757236718794;267.26999640509433;380.64546148438103;278.4966108734242
8;7;7;2;387.952040694716;291.40671725085593;380.64546148438103;278.4966108734242
8;7;8;2;366.728459451598;290.5278357637014;380.64546148438103;278.4966108734242
8;7;9;3;-187.8973183467625;17.195930664315203;-169.57979403550303;-4.917664274139708
8;7;10;3;-192.76326033748737;-1.6224614934365333;-169.57979403550303;-4.917664274139708
8;7;11;3;-154.22475400248248;-24.397592858299287;-169.57979403550303;-4.917664274139708
8;7;12;4;-64.94950900685679;473.7629893642984;-43.43782132665086;464.38295776238107
8;7;13;4;-56.77272770358529;437.8168349592649;-43.43782132665086;464.38295776238107
8;7;14;4;-14.706424324846067;462.7009505770568;-43.43782132665086;464.38295776238107
8;8;0;0;119.68328690606245;458.4131855904837;87.7963103102115;480.07590762738107
8;8;1;0;98.65350995464989;510.47890522142245;87.7963103102115;480.07590762738107
8;8;2;1;209.28747803960312;-222.98157388499166;237.61946588943675;-225.43145578309222
8;8;3;1;247.9995088871514;-199.41365107661733;237.61946588943675;-225.43145578309222
8;8;4;1;231.65906765093317;-250.48410716171162;237.61946588943675;-225.43145578309222
8;8;5;1;259.91099309325;-199.43207639880717;237.61946588943675;-225.43145578309222
8;8;6;2;403.40078321735206;289.7968665824621;408.1840527186805;307.50740184558117
8;8;7;2;425.0994514396461;316.6719619335014;408.1840527186805;307.50740184558117
8;8;8;2;386.6637961619628;322.65493002319926;408.1840527186805;307.50740184558117
8;8;9;3;-229.47643124126054;-0.4092312870406787;-207.99815342205767;-16.05452478532209
8;8;10;3;-234.59826112339934;-16.556810008552393;-207.99815342205767;-16.05452478532209
8;8;11;3;-193.1844472832771;-41.159553810165335;-207.99815342205767;-16.05452478532209
8;8;12;4;-97.58536960073447;514.848592607504;-69.55289548950108;494.6815204588003
8;8;13;4;-96.17849662912705;479.653507023922;-69.55289548950108;494.6815204588003
8;8;14;4;-39.322786874089026;491.12008282405765;-69.55289548950108;494.6815204588003
8;9;0;0;89.96297884662089;493.8303363180262;67.73120185807367;514.6792517259495
8;9;1;0;83.42509028006917;549.7642969467244;67.73120185807367;514.6792517259495
8;9;2;1;206.4392738102838;-267.5428322007755;225.56394051453015;-263.5715175021689
8;9;3;1;238.49580028116688;-240.91227877243116;225.56394051453015;-263.5715175021689
8;9;4;1;211.74358373200877;-286.69531478189936;225.56394051453015;-263.5715175021689
8;9;5;1;251.67221408563412;-248.48481835365322;225.56394051453015;-263.5715175021689
8;9;6;2;424.9657540732174;322.5880273002819;435.72264395298;336.51819281773817
8;9;7;2;452.634588149881;345.34200467805204;435.72264395298;336.51819281773817
8;9;8;2;423.7845307794738;352.60881959309455;435.72264395298;336.51819281773817
8;9;9;3;-262.9925595378569;-8.977916298970698;-246.4165128086123;-27.19138529650449
8;9;10;3;-271.1906116491072;-23.87637014748711;-246.4165128086123;-27.19138529650449
8;9;11;3;-225.13341890542375;-53.77169752292408;-246.4165128086123;-27.19138529650449
8;9;12;4;-115.52928572782292;550.0684846548154;-95.6679696523513;524.9800831552193
8;9;13;4;-110.03962570291951;496.4947993141396;-95.6679696523513;524.9800831552193
8;9;14;4;-82.17013224057744;517.603530817201;-95.6679696523513;524.9800831552193
8;10;0;0;57.10548157741906;522.4963835361742;47.666093405935854;549.2825958245179
8;10;1;0;58.87741234264752;584.7566920433958;47.666093405935854;549.2825958245179
8;10;2;1;182.4042327591205;-291.25294509256105;213.50841513962354;-301.7115792212458
8;10;3;1;216.81672852529744;-271.8059680502029;213.50841513962354;-301.7115792212458
8;10;4;1;194.24189286554372;-323.0429081308624;213.50841513962354;-301.7115792212458
8;10;5;1;226.17730884222496;-285.0094708658561;213.50841513962354;-301.7115792212458
8;10;6;2;453.8856141780911;354.0442219070671;463.26123518727945;365.52898378989516
8;10;7;2;479.606774494266;379.3453730902388;463.26123518727945;365.52898378989516
8;10;8;2;450.0610644328035;390.6361414643238;463.26123518727945;365.52898378989516
8;10;9;3;-299.41026133057534;-18.638571142515694;-284.8348721951667;-38.32824580768687
8;10;10;3;-324.3186444900455;-38.661097700945774;-284.8348721951667;-38.32824580768687
8;10;11;3;-277.55177216646615;-72.65408891832979;-284.8348721951667;-38.32824580768687
8;10;12;4;-149.85406616659458;579.0307195319612;-121.78304381520152;555.278645851638
8;10;13;4;-135.80865533002316;532.9736682346289;-121.78304381520152;555.278645851638
8;10;14;4;-93.10436307718572;541.9851459355926;-121.78304381520152;555.278645851638
8;11;0;0;48.45076475117933;559.7539051641346;27.600984953798022;583.8859399230863
8;11;1;0;41.90798882077988;614.1383437396931;27.600984953798022;583.8859399230863
8;11;2;1;178.2970397112747;-334.1424978737159;201.45288976471693;-339.85164094032274
8;11;3;1;214.78779535854085;-317.1365243443461;201.45288976471693;-339.85164094032274
8;11;4;1;190.37548818659369;-364.5834062585855;201.45288976471693;-339.85164094032274
8;11;5;1;209.3931765773106;-322.71992137899474;201.45288976471693;-339.85164094032274
8;11;6;2;481.16855414632255;373.8579097410795;490.7998264215789;394.53977476205216
8;11;7;2;508.5866913327121;407.25532302698747;490.7998264215789;394.53977476205216
8;11;8;2;469.526225458509;405.6165883721265;490.7998264215789;394.53977476205216
8;11;9;3;-345.4994392464911;-33.32147762668148;-323.2532315817211;-49.46510631886923
8;11;10;3;-348.9491213382916;-44.20755178919705;-323.2532315817211;-49.46510631886923
8;11;11;3;-307.7118614723867;-76.01736612388657;-323.2532315817211;-49.46510631886923
8;11;12;4;-172.28682450900143;605.27968793201;-147.89811797805163;585.5772085480567
8;11;13;4;-164.25479669507274;558.550848229047;-147.89811797805163;585.5772085480567
8;11;14;4;-112.45560610549124;576.8531972372375;-147.89811797805163;585.5772085480567
8;12;0;0;26.933316866406344;598.5067771691553;7.535876501660166;618.4892840216547
8;12;1;0;25.867993849755596;640.1421039891679;7.535876501660166;618.4892840216547
8;12;2;1;165.3188695172323;-376.6251992056725;189.39736438981032;-377.99170265939966
8;12;3;1;199.11445347879797;-346.0064353983773;189.39736438981032;-377.99170265939966
8;12;4;1;188.03450788679365;-391.78270193760255;189.39736438981032;-377.99170265939966
8;12;5;1;203.47518905868378;-354.6107099656264;189.39736438981032;-377.99170265939966
8;12;6;2;509.2869435260668;410.09069698125694;518.3384176558784;423.55056573420916
8;12;7;2;539.1795143017796;432.526478404004;518.3384176558784;423.55056573420916
8;12;8;2;494.23662062340696;437.18219514485054;518.3384176558784;423.55056573420916
8;12;9;3;-380.5030836010243;-44.39341282553862;-361.67159096827544;-60.601966830051595
8;12;10;3;-390.9572167059573;-57.041380122719;-361.67159096827544;-60.601966830051595
8;12;11;3;-349.6441736659989;-92.80388231366064;-361.67159096827544;-60.601966830051595
8;12;12;4;-204.3638819077287;635.6232571331346;-174.0131921409017;615.8757712444753
8;12;13;4;-188.4884656622896;594.2347197366754;-174.0131921409017;615.8757712444753
8;12;14;4;-151.34289668636362;603.9121831888788;-174.0131921409017;615.8757712444753
8;13;0;0;8.035204593847595;626.183407076803;-12.529231950477689;653.0926281202231
8;13;1;0;-4.888108401312344;682.7108291587695;-12.529231950477689;653.0926281202231
8;13;2;1;156.55430564323623;-407.01080685954713;177.3418390149037;-416.1317643784766
8;13;3;1;178.97045580107573;-397.47697465536226;177.3418390149037;-416.1317643784766
8;13;4;1;179.16726623432768;-438.87950034702624;177.3418390149037;-416.1317643784766
8;13;5;1;192.5564512618561;-407.1410427910787;177.3418390149037;-416.1317643784766
8;13;6;2;531.2651855823932;426.85601900187584;545.8770088901779;452.56135670636615
8;13;7;2;566.4919692123392;464.3855435591703;545.8770088901779;452.56135670636615
8;13;8;2;520.9277654536362;468.9838969111706;545.8770088901779;452.56135670636615
8;13;9;3;-412.2924921994731;-51.96997855737665;-400.0899503548298;-71.73882734123396
8;13;10;3;-430.90271358543106;-66.04723588236173;-400.0899503548298;-71.73882734123396
8;13;11;3;-385.9085663196226;-99.32374276731912;-400.0899503548298;-71.73882734123396
8;13;12;4;-216.19947999153183;672.2680337397076;-200.1282663037518;646.174333940894
8;13;13;4;-214.49306446467307;627.8508210958653;-200.1282663037518;646.174333940894
8;13;14;4;-172.34098728622806;640.6609227088658;-200.1282663037518;646.174333940894
8;14;0;0;-7.359408287669906;657.2152856019405;-32.59434040261554;687.6959722187916
8;14;1;0;-14.221874176916106;714.3164545543214;-32.59434040261554;687.6959722187916
8;14;2;1;137.5122554446618;-456.2360269026303;165.2863136399971;-454.2718260975535
8;14;3;1;172.16698948048372;-422.68253218014326;165.2863136399971;-454.2718260975535
8;14;4;1;149.62050575942956;-479.8917979362045;165.2863136399971;-454.2718260975535
8;14;5;1;168.3815102441594;-433.8095449611728;165.2863136399971;-454.2718260975535
8;14;6;2;563.9668013470163;471.97599774420564;573.4156001244774;481.57214767852315
8;14;7;2;592.2038759088119;491.32874096726107;573.4156001244774;481.57214767852315
8;14;8;2;549.1050713572018;487.15659822303223;573.4156001244774;481.57214767852315
8;14;9;3;-467.55580065595325;-76.95058859173875;-438.50830974138415;-82.87568785241632
8;14;10;3;-454.2705506795038;-67.0702236742545;-438.50830974138415;-82.87568785241632
8;14;11;3;-424.52374641477616;-102.76204772992362;-438.50830974138415;-82.87568785241632
8;14;12;4;-244.2056740369668;701.999793239974;-226.24334046660186;676.4728966373127
8;14;13;4;-231.39839449925137;656.9679685974106;-226.24334046660186;676.4728966373127
8;14;14;4;-190.3079772999784;665.476569868493;-226.24334046660186;676.4728966373127
8;15;0;0;-25.794713723130812;692.8590739108026;-52.659448854753364;722.29931631736
8;15;1;0;-30.87425558087849;750.3940589392423;-52.659448854753364;722.29931631736
8;15;2;1;131.05755851789016;-488.8747861940951;153.2307882650905;-492.41188781663044
8;15;3;1;164.74443478123277;-457.5257831783564;153.2307882650905;-492.41188781663044
8;15;4;1;138.3482619284222;-510.16223620860984;153.2307882650905;-492.41188781663044
8;15;5;1;167.77200950317481;-467.8958036828781;153.2307882650905;-492.41188781663044
8;15;6;2;587.9998206751952;500.6431049600344;600.9541913587768;510.58293865068015
8;15;7;2;616.0470526710718;514.1801724123159;600.9541913587768;510.58293865068015
8;15;8;2;583.1399990209312;528.5808184846284;600.9541913587768;510.58293865068015
8;15;9;3;-499.17521744721904;-83.03619980217681;-476.9266691279385;-94.01254836359868
8;15;10;3;-506.35952836319956;-99.99846617437834;-476.9266691279385;-94.01254836359868
8;15;11;3;-471.1357666305714;-121.6757785725031;-476.9266691279385;-94.01254836359868
8;15;12;4;-272.0727577547439;726.6811794389697;-252.35841462945194;706.7714593337314
8;15;13;4;-262.6595426031053;682.1998206947322;-252.35841462945194;706.7714593337314
8;15;14;4;-228.20924865115808;695.4243180994893;-252.35841462945194;706.7714593337314
8;16;0;0;-53.32083449540403;740.2902362561986;-72.72455730689119;756.9026604159284
8;16;1;0;-61.7638082788798;786.522680845915;-72.72455730689119;756.9026604159284
8;16;2;1;106.96089270437791;-521.2612585049374;141.1752628901839;-530.5519495357071
8;16;3;1;141.94266529598906;-502.85552861098586;141.1752628901839;-530.5519495357071
8;16;4;1;126.30580651399904;-562.4481850011174;141.1752628901839;-530.5519495357071
8;16;5;1;161.62763407488382;-514.0149837755481;141.1752628901839;-530.5519495357071
8;16;6;2;616.0419115964795;524.1495230790679;628.4927825930763;539.5937296228366
8;16;7;2;648.1639268556944;544.3637009654434;628.4927825930763;539.5937296228366
8;16;8;2;614.1842613766123;556.4505237983011;628.4927825930763;539.5937296228366
8;16;9;3;-537.531024066509;-85.51745781325702;-515.3450285144929;-105.14940887478105
8;16;10;3;-530.0154765693441;-105.76086618518151;-515.3450285144929;-105.14940887478105
8;16;11;3;-505.645225692108;-126.56224008568118;-515.3450285144929;-105.14940887478105
8;16;12;4;-300.64161015058045;749.5028484858344;-278.473488792302;737.0700220301501
8;16;13;4;-302.57496616164156;718.8836453154704;-278.473488792302;737.0700220301501
8;16;14;4;-253.10998773614872;730.7891425613439;-278.473488792302;737.0700220301501
8;17;0;0;-69.3362291598629;765.3634962676356;-92.789665759029;791.5060045144968
8;17;1;0;-76.45500341288843;827.0848591430738;-92.789665759029;791.5060045144968
8;17;2;1;107.15695516456724;-560.8597122592619;129.11973751527728;-568.6920112547834
8;17;3;1;132.32388193995453;-542.0897568498314;129.11973751527728;-568.6920112547834
8;17;4;1;126.54929419616934;-602.497951362941;129.11973751527728;-568.6920112547834
8;17;5;1;140.69209828315283;-553.9404490415942;129.11973751527728;-568.6920112547834
8;17;6;2;640.3926050301242;557.3671560512842;656.0313738273758;568.604520594993
8;17;7;2;668.4328646745072;580.6303958366238;656.0313738273758;568.604520594993
8;17;8;2;641.8081298964606;587.151530838112;656.0313738273758;568.604520594993
8;17;9;3;-577.3123749650099;-99.9104499521246;-553.7633879010473;-116.28626938596341
8;17;10;3;-573.5137221109127;-105.03255657294335;-553.7633879010473;-116.28626938596341
8;17;11;3;-540.3886144655451;-144.83294723951113;-553.7633879010473;-116.28626938596341
8;17;12;4;-322.0417742839306;781.0710983697235;-304.5885629551521;767.3685847265688
8;17;13;4;-322.1338629871378;746.2188500041921;-304.5885629551521;767.3685847265688
8;17;14;4;-278.01106371203446;758.7075042268075;-304.5885629551521;767.3685847265688
8;18;0;0;-93.30039986041123;796.4914309302776;-112.85477421116683;826.1093486130652
8;18;1;0;-99.7996102309996;861.6480382348899;-112.85477421116683;826.1093486130652
8;18;2;1;89.90863221894935;-601.760813155753;117.06421214037067;-606.8320729738598
8;18;3;1;129.03647660041202;-583.1547475172686;117.06421214037067;-606.8320729738598
8;18;4;1;108.97946887645733;-630.9750410910603;117.06421214037067;-606.8320729738598
8;18;5;1;134.91822083672335;-591.1652280671376;117.06421214037067;-606.8320729738598
8;18;6;2;671.5682240466616;578.6080480678446;683.5699650616752;597.6153115671494
8;18;7;2;691.6165144725163;610.3981328895119;683.5699650616752;597.6153115671494
8;18;8;2;666.3473511089713;614.2743659074167;683.5699650616752;597.6153115671494
8;18;9;3;-610.1524571134612;-111.97337435790814;-592.1817472876016;-127.42312989714577
8;18;10;3;-618.6903382368635;-119.92119979275111;-592.1817472876016;-127.42312989714577
8;18;11;3;-578.8212761796951;-150.85817334869824;-592.1817472876016;-127.42312989714577
8;18;12;4;-356.3328738427553;813.4102101531078;-330.7036371180022;797.6671474229875
8;18;13;4;-347.9959369117383;770.8185904537246;-330.7036371180022;797.6671474229875
8;18;14;4;-304.25512837903153;793.2003853989119;-330.7036371180022;797.6671474229875
8;19;0;0;-106.74667336595101;834.5163734865365;-132.9198826633047;860.7126927116336
8;19;1;0;-119.60197208897958;891.4408960300722;-132.9198826633047;860.7126927116336
8;19;2;1;84.69343622206992;-646.4089432965787;105.00868676546406;-644.9721346929362
8;19;3;1;111.0654254738249;-625.1858305792617;105.00868676546406;-644.9721346929362
8;19;4;1;94.46171566175514;-674.6233711454075;105.00868676546406;-644.9721346929362
8;19;5;1;131.94922872571067;-627.750261625425;105.00868676546406;-644.9721346929362
8;19;6;2;703.7171721628539;609.2831131442789;711.1085562959747;626.6261025393059
8;19;7;2;730.5486598984322;631.7586897942545;711.1085562959747;626.6261025393059
8;19;8;2;703.3687379778105;639.3693418404687;711.1085562959747;626.6261025393059
8;19;9;3;-648.3760599934899;-126.81525335082448;-630.600106674156;-138.55999040832813
8;19;10;3;-657.6137756684208;-126.68471705860364;-630.600106674156;-138.55999040832813
8;19;11;3;-625.5157846400813;-171.02648792491942;-630.600106674156;-138.55999040832813
8;19;12;4;-381.298637859935;851.1821071516043;-356.81871128085226;827.9657101194061
8;19;13;4;-374.5009837733789;799.0986835462684;-356.81871128085226;827.9657101194061
8;19;14;4;-337.86411785685266;820.5690929946879;-356.81871128085226;827.9657101194061
9;0;0;0;172.39542957242884;124.70256122268046;150.54819439695564;155.74696243122054
9;0;1;0;168.77458766112963;184.525528773804;150.54819439695564;155.74696243122054
9;0;2;1;290.1328578473852;117.07584182969278;312.8172607765541;113.28610559345931
9;0;3;1;314.6263477635585;147.6918934883791;312.8172607765541;113.28610559345931
9;0;4;1;297.3089995687213;88.42123337585635;312.8172607765541;113.28610559345931
9;0;5;1;331.74068135632905;142.75410916778307;312.8172607765541;113.28610559345931
9;0;6;2;143.49021816717934;158.03412618479484;160.23855903382827;181.18007520693874
9;0;7;2;177.77905669753875;199.7980678481851;160.23855903382827;181.18007520693874
9;0;8;2;154.33055084670698;192.99132249436548;160.23855903382827;181.18007520693874
9;0;9;3;255.13920503503755;130.7865542931171;280.2932844085075;121.80618345418743
9;0;10;3;260.5643472190651;121.24274178195901;280.2932844085075;121.80618345418743
9;0;11;3;289.5571853550492;96.65868360021476;280.2932844085075;121.80618345418743
9;0;12;4;156.8870989804031;281.65561008792963;177.6808729456203;265.37501850128257
9;0;13;4;164.15624772488724;244.87847270840606;177.6808729456203;265.37501850128257
9;0;14;4;208.33681108735004;260.1647289525199;177.6808729456203;265.37501850128257
9;1;0;0;204.00289795674166;114.53636256071228;185.75032857200057;136.75196968254772
9;1;1;0;207.69284486143064;173.15618639538394;185.75032857200057;136.75196968254772
9;1;2;1;245.6095585949406;131.44702459752497;276.00462995282646;128.93315681201
9;1;3;1;291.0309258721978;150.74099562315402;276.00462995282646;128.93315681201
9;1;4;1;268.2458898065166;108.5052622804513;276.00462995282646;128.93315681201
9;1;5;1;291.33633461943185;148.59106470453455;276.00462995282646;128.93315681201
9;1;6;2;164.5096648029968;203.9797344171236;173.32141048752038;218.98006195085992
9;1;7;2;194.5875489849488;233.71416410143095;173.32141048752038;218.98006195085992
9;1;8;2;159.75447506280193;227.06388670594632;173.32141048752038;218.98006195085992
9;1;9;3;274.9406100281776;103.87584478243458;296.5810414510844;85.2725144552766
9;1;10;3;267.67246127487465;80.83977672034764;296.5810414510844;85.2725144552766
9;1;11;3;308.740039821284;56.18812971148181;296.5810414510844;85.2725144552766
9;1;12;4;150.08873989061127;326.3009573269988;177.48267588014693;305.37452747230935
9;1;13;4;157.70838014071867;276.61511416944376;177.48267588014693;305.37452747230935
9;1;14;4;198.01933046251037;302.4591054607194;177.48267588014693;305.37452747230935
9;2;0;0;244.33361104032124;91.44570073567404;220.9524627470455;117.75697693387482
9;2;1;0;234.17196511899795;138.60434688386826;220.9524627470455;117.75697693387482
9;2;2;1;209.71178689863268;140.72818620798202;239.19199912909895;144.5802080305607
9;2;3;1;249.83678188181077;162.41009818934572;239.19199912909895;144.5802080305607
9;2;4;1;226.22754157329146;120.51010893513855;239.19199912909895;144.5802080305607
9;2;5;1;255.39568793420847;173.54535302855962;239.19199912909895;144.5802080305607
9;2;6;2;168.54522752181973;234.16964681491734;186.4042619412125;256.7800486947811
9;2;7;2;212.35863970828245;269.3879692384523;186.4042619412125;256.7800486947811
9;2;8;2;172.7011330032252;272.6177403835921;186.4042619412125;256.7800486947811
9;2;9;3;285.88871391263996;63.7702082599978;312.8687984936613;48.73884545636578
9;2;10;3;282.2257171892391;54.82107921883223;312.8687984936613;48.73884545636578
9;2;11;3;333.2110988746815;26.96417130203709;312.8687984936613;48.73884545636578
9;2;12;4;153.53824225251785;358.3095648417863;177.28447881467355;345.37403644333614
9;2;13;4;168.41046722316506;313.48342660387544;177.28447881467355;345.37403644333614
9;2;14;4;204.37997628657865;342.2276402311355;177.28447881467355;345.37403644333614
9;3;0;0;274.53786583967576;69.93657939524824;256.15459692209043;98.76198418520187
9;3;1;0;278.49033105493396;128.9128922995386;256.15459692209043;98.76198418520187
9;3;2;1;172.10388625438742;170.71534408182677;202.37936830537157;160.2272592491114
9;3;3;1;219.3531504448898;183.1787556731337;202.37936830537157;160.2272592491114
9;3;4;1;193.44795388583265;137.27313882499698;202.37936830537157;160.2272592491114
9;3;5;1;224.27928850012373;179.65250702320955;202.37936830537157;160.2272592491114
9;3;6;2;193.34235575797007;275.2535894746798;199.4871133949046;294.5800354387023
9;3;7;2;219.49642036652278;303.1959740926982;199.4871133949046;294.5800354387023
9;3;8;2;183.66254756991978;305.86522716233554;199.4871133949046;294.5800354387023
9;3;9;3;300.9978727690227;30.75065236627212;329.1565555362382;12.205176457454957
9;3;10;3;294.49964616580894;16.368335448611866;329.1565555362382;12.205176457454957
9;3;11;3;337.25016214566335;-15.507114895344404;329.1565555362382;12.205176457454957
9;3;12;4;148.87659558439825;406.7587471399703;177.08628174920017;385.3735454143629
9;3;13;4;174.71148016327538;364.5903567114239;177.08628174920017;385.3735454143629
9;3;14;4;201.37854196702818;373.6733533839242;177.08628174920017;385.3735454143629
9;4;0;0;311.85911373555984;54.99246416746524;291.3567310971351;79.76699143652891
9;4;1;0;319.51471759340956;114.59623480141353;291.3567310971351;79.76699143652891
9;4;2;1;140.54570802141777;177.46305316431597;165.5667374816442;175.8743104676621
9;4;3;1;170.48378585211552;196.9495899420133;165.5667374816442;175.8743104676621
9;4;4;1;166.79768012952735;157.99870293588145;165.5667374816442;175.8743104676621
9;4;5;1;183.67712141867491;197.89289451124742;165.5667374816442;175.8743104676621
9;4;6;2;195.40842416753253;309.3083835373187;212.56996484859673;332.38002218262346
9;4;7;2;223.91521367594518;339.42534726267377;212.56996484859673;332.38002218262346
9;4;8;2;201.16075891501873;354.59343060025503;212.56996484859673;332.38002218262346
9;4;9;3;321.9111272493193;-6.731267467262006;345.44431257881513;-24.32849254145586
9;4;10;3;319.84964310542443;-16.389176856326717;345.44431257881513;-24.32849254145586
9;4;11;3;360.27483618894917;-47.14514501834099;345.44431257881513;-24.32849254145586
9;4;12;4;156.54502641191087;449.72985898172067;176.8880846837268;425.3730543853897
9;4;13;4;166.9557617641676;398.4643818814431;176.8880846837268;425.3730543853897
9;4;14;4;203.11491212891738;418.93259838165216;176.8880846837268;425.3730543853897
9;5;0;0;345.26112615069707;36.60631791744081;326.55886527217973;60.77199868785597
9;5;1;0;348.3601892152889;86.02590284105297;326.55886527217973;60.77199868785597
9;5;2;1;106.8625431650417;191.3489212288377;128.75410665791682;191.5213616862128
9;5;3;1;140.52889436199828;222.89744613759373;128.75410665791682;191.5213616862128
9;5;4;1;125.13668184329423;167.75752583630785;128.75410665791682;191.5213616862128
9;5;5;1;148.14784233684895;223.52568486820664;128.75410665791682;191.5213616862128
9;5;6;2;215.43266387319363;357.6234692718194;225.65281630228884;370.18000892654464
9;5;7;2;237.5774115049404;376.6254361849635;225.65281630228884;370.18000892654464
9;5;8;2;214.41459938177178;385.41989424989316;225.65281630228884;370.18000892654464
9;5;9;3;337.5741896109538;-46.1748795569249;361.73206962139204;-60.862161540366685
9;5;10;3;334.458116019189;-57.007767835104474;361.73206962139204;-60.862161540366685
9;5;11;3;368.4292085551171;-90.89067629317788;361.73206962139204;-60.862161540366685
9;5;12;4;150.51179379713705;488.7096754321143;176.6898876182534;465.3725633564165
9;5;13;4;170.43614162475347;445.75609096878213;176.6898876182534;465.3725633564165
9;5;14;4;210.79324899371758;462.30047654483405;176.6898876182534;465.3725633564165
9;6;0;0;388.988559642166;14.723410026897708;361.7609994472244;41.777005939183084
9;6;1;0;381.6091749153481;77.13837843092512;361.7609994472244;41.777005939183084
9;6;2;1;74.07919976940578;210.19918352925174;91.9414758341893;207.1684129047635
9;6;3;1;103.99643429652042;226.6208034364218;91.9414758341893;207.1684129047635
9;6;4;1;85.47399865702471;184.98772108943845;91.9414758341893;207.1684129047635
9;6;5;1;108.51868756300202;227.57770141576273;91.9414758341893;207.1684129047635
9;6;6;2;224.7032442770102;391.6213422721664;238.73566775598096;407.9799956704658
9;6;7;2;260.40707867364296;423.75946308198405;238.73566775598096;407.9799956704658
9;6;8;2;226.9834627000429;421.5962456154276;238.73566775598096;407.9799956704658
9;6;9;3;360.25077564917746;-78.22655560866679;378.01982666396896;-97.39583053927751
9;6;10;3;345.3454630436734;-94.07359142512082;378.01982666396896;-97.39583053927751
9;6;11;3;391.00505484339527;-112.46093625411024;378.01982666396896;-97.39583053927751
9;6;12;4;150.43476870810056;525.6496549082539;176.49169055278003;505.3720723274433
9;6;13;4;154.98337102966488;481.81425602004737;176.49169055278003;505.3720723274433
9;6;14;4;208.94621961181855;496.64781069409037;176.49169055278003;505.3720723274433
9;7;0;0;411.0931114683875;-6.907506645731603;396.963133622269;22.7820131905102
9;7;1;0;420.1058548190251;50.5437077677147;396.963133622269;22.7820131905102
9;7;2;1;26.640704277013327;234.32819500133468;55.12884501046179;222.8154641233142
9;7;3;1;65.6601408098962;246.94609993669127;55.12884501046179;222.8154641233142
9;7;4;1;47.98242978285355;200.46355952324183;55.12884501046179;222.8154641233142
9;7;5;1;69.97164130010722;238.90156250849356;55.12884501046179;222.8154641233142
9;7;6;2;250.25161923814895;427.3777614722907;251.81851920967307;445.779982414387
9;7;7;2;264.5534753027834;450.1268797973046;251.81851920967307;445.779982414387
9;7;8;2;231.7551213493643;450.81185345294824;251.81851920967307;445.779982414387
9;7;9;3;381.902177002048;-118.07901830706545;394.30758370654587;-133.9294995381883
9;7;10;3;363.35619845111177;-132.39101772643212;394.30758370654587;-133.9294995381883
9;7;11;3;401.22286548976086;-158.71243411216466;394.30758370654587;-133.9294995381883
9;7;12;4;153.76867473339956;558.8638438316873;176.29349348730665;545.3715812984696
9;7;13;4;155.26222053653447;528.8693217278546;176.29349348730665;545.3715812984696
9;7;14;4;200.28706789796266;540.2601638168069;176.29349348730665;545.3715812984696
9;8;0;0;454.4938692225859;-23.72747576385262;432.1652677973137;3.787020441837313
9;8;1;0;451.8401660144283;21.203220774244926;432.1652677973137;3.787020441837313
9;8;2;1;-3.40667969931048;239.25058120412677;18.31621418673427;238.4625153418649
9;8;3;1;28.807874825708023;260.9960901992013;18.31621418673427;238.4625153418649
9;8;4;1;8.146902105652993;216.4935421994383;18.31621418673427;238.4625153418649
9;8;5;1;30.16392304539945;259.34115662304714;18.31621418673427;238.4625153418649
9;8;6;2;255.65334565093934;474.5496183028692;264.9013706633652;483.5799691583082
9;8;7;2;278.402497980035;489.3210573154692;264.9013706633652;483.5799691583082
9;8;8;2;251.3119315164283;495.80468299459073;264.9013706633652;483.5799691583082
9;8;9;3;398.57025784694076;-151.6453073473612;410.5953407491228;-170.463168537099
9;8;10;3;388.28378256979084;-160.89664979234823;410.5953407491228;-170.463168537099
9;8;11;3;423.01168984911527;-196.3791776081703;410.5953407491228;-170.463168537099
9;8;12;4;154.3255333077928;598.3335682082196;176.09529642183327;585.3710902694958
9;8;13;4;162.3958635570244;548.0815331621911;176.09529642183327;585.3710902694958
9;8;14;4;205.9632563127398;580.3187615125971;176.09529642183327;585.3710902694958
9;9;0;0;487.5945956344364;-47.385783019860284;467.3674019723583;-15.207972306835575
9;9;1;0;480.5500733984396;12.976708697066938;467.3674019723583;-15.207972306835575
9;9;2;1;-41.645795106270164;248.61320607417275;-18.49641663699324;254.1095665604156
9;9;3;1;-6.82099037979152;273.5486970731766;-18.49641663699324;254.1095665604156
9;9;4;1;-25.350474886727334;235.1521747724671;-18.49641663699324;254.1095665604156
9;9;5;1;3.439476836902916;274.27034134115837;-18.49641663699324;254.1095665604156
9;9;6;2;269.0781042167285;499.6688038180269;277.9842221170573;521.3799559022294
9;9;7;2;296.5743575632965;533.0015062705638;277.9842221170573;521.3799559022294
9;9;8;2;262.7587121252683;535.0435650913389;277.9842221170573;521.3799559022294
9;9;9;3;407.1927503049714;-199.91405194428802;426.8830977916997;-206.99683753600968
9;9;10;3;398.8282768307726;-207.25358317621294;426.8830977916997;-206.99683753600968
9;9;11;3;436.89977081608504;-235.020868714515;426.8830977916997;-206.99683753600968
9;9;12;4;149.3498292609535;642.2645621588383;175.8970993563599;625.370599240522
9;9;13;4;161.69415085961504;595.8422180681638;175.8970993563599;625.370599240522
9;9;14;4;207.85922114941152;616.260244236205;175.8970993563599;625.370599240522
9;10;0;0;535.189342637129;-56.835199607474465;502.56953614740297;-34.202965055508464
9;10;1;0;523.8662953899496;-13.680173828302362;502.56953614740297;-34.202965055508464
9;10;2;1;-80.42549359991341;281.6228397727349;-55.309047460720755;269.7566177789663
9;10;3;1;-52.564253204386304;289.5024041551163;-55.309047460720755;269.7566177789663
9;10;4;1;-65.15744725593534;244.78208680880337;-55.309047460720755;269.7566177789663
9;10;5;1;-44.58282012537054;288.92759976312755;-55.309047460720755;269.7566177789663
9;10;6;2;279.8487810257633;544.7745632125399;291.0670735707494;559.1799426461506
9;10;7;2;303.5564549936511;570.060712214312;291.0670735707494;559.1799426461506
9;10;8;2;283.2555640017698;574.1734055492412;291.0670735707494;559.1799426461506
9;10;9;3;424.2360300639181;-218.070089031285;443.1708548342766;-243.53050653492036
9;10;10;3;416.1795025425463;-244.99946137297397;443.1708548342766;-243.53050653492036
9;10;11;3;444.6923601066659;-274.81508844389447;443.1708548342766;-243.53050653492036
9;10;12;4;159.89961909064706;678.4005070239187;175.6989022908865;665.3701082115482
9;10;13;4;161.046625788994;646.2725365444112;175.6989022908865;665.3701082115482
9;10;14;4;201.708570951984;654.610943020098;175.6989022908865;665.3701082115482
9;11;0;0;561.099397729445;-76.32816877994182;537.7716703224477;-53.19795780418135
9;11;1;0;558.6089092155606;-24.677969437873415;537.7716703224477;-53.19795780418135
9;11;2;1;-120.65427094591317;286.2482693409034;-92.12167828444827;285.403668997517
9;11;3;1;-85.0530141527359;310.2219063765887;-92.12167828444827;285.403668997517
9;11;4;1;-101.76494936791197;256.8380488077432;-92.12167828444827;285.403668997517
9;11;5;1;-70.79631650942227;298.99259754806343;-92.12167828444827;285.403668997517
9;11;6;2;297.0211442940728;580.0973506234186;304.14992502444153;596.9799293900718
9;11;7;2;329.73663983105195;606.705027774941;304.14992502444153;596.9799293900718
9;11;8;2;289.6086048451104;601.0879631932479;304.14992502444153;596.9799293900718
9;11;9;3;442.82499252948196;-262.1530833062027;459.4586118768535;-280.0641755338311
9;11;10;3;433.45170382481376;-270.0194054244094;459.4586118768535;-280.0641755338311
9;11;11;3;477.9787442381501;-298.68849835878507;459.4586118768535;-280.0641755338311
9;11;12;4;154.49435743995838;720.9628743496245;175.50070522541313;705.3696171825744
9;11;13;4;153.67506668350663;672.7404236737307;175.50070522541313;705.3696171825744
9;11;14;4;207.46986603450577;691.9055469519003;175.50070522541313;705.3696171825744
9;12;0;0;592.106244156853;-100.03045204944185;572.9738044974923;-72.19295055285427
9;12;1;0;593.2906055792963;-46.61333854394089;572.9738044974923;-72.19295055285427
9;12;2;1;-163.95662905907625;305.4502993085416;-128.93430910817577;301.0507202160677
9;12;3;1;-128.0593023371777;326.3889010238807;-128.93430910817577;301.0507202160677
9;12;4;1;-139.00790914386442;279.6512345208336;-128.93430910817577;301.0507202160677
9;12;5;1;-114.15063597794297;322.6612462337604;-128.93430910817577;301.0507202160677
9;12;6;2;301.69548560917735;611.5122643755215;317.23277647813364;634.779916133993
9;12;7;2;326.36504037627793;653.4233665672236;317.23277647813364;634.779916133993
9;12;8;2;292.9334644999363;648.4368907201642;317.23277647813364;634.779916133993
9;12;9;3;452.8029488246866;-302.6881636310573;475.74636891943044;-316.59784453274176
9;12;10;3;443.3845458084818;-314.36146491050044;475.74636891943044;-316.59784453274176
9;12;11;3;493.1316558267794;-336.37776772747884;475.74636891943044;-316.59784453274176
9;12;12;4;164.73519202875224;765.1905992580454;175.30250815993975;745.3691261536006
9;12;13;4;141.7614195967657;718.4458299016796;175.30250815993975;745.3691261536006
9;12;14;4;208.59527425927206;740.0645148928612;175.30250815993975;745.3691261536006
9;13;0;0;633.6324746478372;-119.2160932960831;608.175938672537;-91.18794330152723
9;13;1;0;622.6088683999872;-56.947391682786666;608.175938672537;-91.18794330152723
9;13;2;1;-182.9969421871298;316.47208815180005;-165.74693993190314;316.6977714346184
9;13;3;1;-160.28842172512984;348.5046338992245;-165.74693993190314;316.6977714346184
9;13;4;1;-176.7237300599377;294.8734517782506;-165.74693993190314;316.6977714346184
9;13;5;1;-147.78119469334112;329.6018068766961;-165.74693993190314;316.6977714346184
9;13;6;2;312.9197790861225;652.6693157954172;330.31562793182576;672.5799028779142
9;13;7;2;350.34596639457783;691.8659522111994;330.31562793182576;672.5799028779142
9;13;8;2;311.3122893675107;686.4524659449527;330.31562793182576;672.5799028779142
9;13;9;3;465.4971015506487;-336.5381651650396;492.03412596200735;-353.13151353165244
9;13;10;3;464.02930561592893;-347.1393370239169;492.03412596200735;-353.13151353165244
9;13;11;3;505.80531175361443;-385.3530949215801;492.03412596200735;-353.13151353165244
9;13;12;4;155.33984266892773;796.4498261054514;175.10431109446637;785.3686351246268
9;13;13;4;158.3034094225085;759.7314384225282;175.10431109446637;785.3686351246268
9;13;14;4;200.52486761876486;777.3029641862515;175.10431109446637;785.3686351246268
9;14;0;0;668.6352612504267;-133.40684754354038;643.3780728475816;-110.18293605020018
9;14;1;0;654.1715624844383;-76.91905945497392;643.3780728475816;-110.18293605020018
9;14;2;1;-233.79612345287038;336.60148166294044;-202.55957075563052;332.3448226531691
9;14;3;1;-195.59393668955553;353.77942809527605;-202.55957075563052;332.3448226531691
9;14;4;1;-213.12089955668299;309.61039208799065;-202.55957075563052;332.3448226531691
9;14;5;1;-187.3290265003483;354.55204740375973;-202.55957075563052;332.3448226531691
9;14;6;2;333.5003945977352;692.5893075878604;343.3984793855179;710.3798896218353
9;14;7;2;361.8284074288817;720.861449227985;343.3984793855179;710.3798896218353
9;14;8;2;325.8208571173368;723.596470248361;343.3984793855179;710.3798896218353
9;14;9;3;489.7491934463651;-380.01638468233887;508.32188300458427;-389.66518253056313
9;14;10;3;478.86635211711;-388.38709750059644;508.32188300458427;-389.66518253056313
9;14;11;3;520.0427483610537;-411.7276235709573;508.32188300458427;-389.66518253056313
9;14;12;4;148.66758297778074;841.8157852750082;174.906114028993;825.3681440956531
9;14;13;4;151.8404159643139;801.0124581363598;174.906114028993;825.3681440956531
9;14;14;4;212.2472870346271;815.2634703566207;174.906114028993;825.3681440956531
9;15;0;0;696.9598335437014;-154.1636701591293;678.5802070226263;-129.17792879887313
9;15;1;0;689.8113362238723;-108.30456633596734;678.5802070226263;-129.17792879887313
9;15;2;1;-258.0501008972362;356.2189836484087;-239.3722015793579;347.9918738717198
9;15;3;1;-229.80325001705654;379.83019706954883;-239.3722015793579;347.9918738717198
9;15;4;1;-244.64013011492932;321.86945643923997;-239.3722015793579;347.9918738717198
9;15;5;1;-222.0399503117839;369.7482912115573;-239.3722015793579;347.9918738717198
9;15;6;2;337.17519237144774;732.4485350374141;356.48133083921;748.1798763657565
9;15;7;2;369.74686372094067;759.3840490689211;356.48133083921;748.1798763657565
9;15;8;2;336.0317700205761;776.1537743532182;356.48133083921;748.1798763657565
9;15;9;3;502.2330068427555;-413.9618401823514;524.6096400471612;-426.1988515294738
9;15;10;3;498.7964016537369;-422.04562290284815;524.6096400471612;-426.1988515294738
9;15;11;3;534.7089350767326;-448.4829130628698;524.6096400471612;-426.1988515294738
9;15;12;4;148.5088868730554;891.3753555861554;174.7079169635196;865.3676530666793
9;15;13;4;152.85591239100833;842.9285730625619;174.7079169635196;865.3676530666793
9;15;14;4;201.90484847210126;862.1464557562629;174.7079169635196;865.3676530666793
9;16;0;0;746.5694396794862;-174.23922122704528;713.7823411976709;-148.17292154754594
9;16;1;0;731.6149401788316;-115.62454965121474;713.7823411976709;-148.17292154754594
9;16;2;1;-303.28463539857415;356.73936709602583;-276.1848324030854;363.6389250902705
9;16;3;1;-259.5349014726903;384.00441768769787;-276.1848324030854;363.6389250902705
9;16;4;1;-291.39541121133914;340.2671241275;-276.1848324030854;363.6389250902705
9;16;5;1;-242.29985035598858;377.6460980588713;-276.1848324030854;363.6389250902705
9;16;6;2;352.78977285031846;770.5383876818895;369.5641822929021;785.9798631096777
9;16;7;2;389.58697479304567;793.5650195585937;369.5641822929021;785.9798631096777
9;16;8;2;352.0453952342828;797.3695550168743;369.5641822929021;785.9798631096777
9;16;9;3;523.7137199402739;-445.4650388563308;540.8973970897381;-462.7325205283845
9;16;10;3;518.0494201172664;-467.1668007630391;540.8973970897381;-462.7325205283845
9;16;11;3;552.5925445870984;-483.4530316352464;540.8973970897381;-462.7325205283845
9;16;12;4;155.3122826911821;921.9233272938122;174.50971989804623;905.3671620377055
9;16;13;4;148.15889383487468;877.4005631452801;174.50971989804623;905.3671620377055
9;16;14;4;203.6838073483991;896.4082442601505;174.50971989804623;905.3671620377055
9;17;0;0;773.9106626971492;-191.48568602129808;748.9844753727156;-167.16791429621875
9;17;1;0;770.0478196380917;-132.91222623714415;748.9844753727156;-167.16791429621875
9;17;2;1;-333.13513440359276;384.12337581616566;-312.99746322681307;379.2859763088212
9;17;3;1;-295.6377944205511;402.4605737759259;-312.99746322681307;379.2859763088212
9;17;4;1;-320.72781103962507;360.03047897703334;-312.99746322681307;379.2859763088212
9;17;5;1;-288.1871352578079;394.7411548180129;-312.99746322681307;379.2859763088212
9;17;6;2;369.2257854577552;801.0545031540569;382.6470337465942;823.7798498535989
9;17;7;2;411.8754420519707;832.7345856039892;382.6470337465942;823.7798498535989
9;17;8;2;367.893117023794;836.266098244067;382.6470337465942;823.7798498535989
9;17;9;3;528.8351172373509;-487.0200208267248;557.185154132315;-499.2661895272952
9;17;10;3;532.7000282285444;-494.08149656959216;557.185154132315;-499.2661895272952
9;17;11;3;568.4156805695771;-517.0133744952896;557.185154132315;-499.2661895272952
9;17;12;4;154.5217113979857;968.8795764062503;174.31152283257285;945.3666710087317
9;17;13;4;158.09536447711363;924.3702531949401;174.31152283257285;945.3666710087317
9;17;14;4;202.87292281369326;940.8414074904638;174.31152283257285;945.3666710087317
9;18;0;0;804.1229384446119;-213.17299805278964;784.1866095477602;-186.16290704489157
9;18;1;0;799.6249460864675;-161.46564708341754;784.1866095477602;-186.16290704489157
9;18;2;1;-374.0900047521617;407.89661820565794;-349.8100940505407;394.9330275273719
9;18;3;1;-339.2081700195594;429.72581905664674;-349.8100940505407;394.9330275273719
9;18;4;1;-353.46800821787735;381.88706633378;-349.8100940505407;394.9330275273719
9;18;5;1;-335.7304222768754;408.5796669160242;-349.8100940505407;394.9330275273719
9;18;6;2;377.38552194815713;854.1205359216425;395.72988520028633;861.57983659752
9;18;7;2;401.5850520217858;873.6423026181512;395.72988520028633;861.57983659752
9;18;8;2;387.59995290056736;877.806387162053;395.72988520028633;861.57983659752
9;18;9;3;546.7307013483471;-530.184778509436;573.4729111748919;-535.7998585262062
9;18;10;3;550.6574828672227;-533.0355255201671;573.4729111748919;-535.7998585262062
9;18;11;3;586.2599142674061;-558.2796736588801;573.4729111748919;-535.7998585262062
9;18;12;4;156.3563061863752;1003.4858584945486;174.11332576709947;985.3661799797579
9;18;13;4;159.29942778701812;968.4851074481578;174.11332576709947;985.3661799797579
9;18;14;4;201.64574945619572;987.0190650566329;174.11332576709947;985.3661799797579
9;19;0;0;844.8212791099535;-233.31805584992563;819.3887437228049;-205.15789979356438
9;19;1;0;839.1120743640529;-172.19051154253856;819.3887437228049;-205.15789979356438
9;19;2;1;-410.75853935213047;405.73771915605175;-386.6227248742684;410.5800787459226
9;19;3;1;-378.1543446498674;438.5411973850686;-386.6227248742684;410.5800787459226
9;19;4;1;-406.5638265635128;380.9916436840219;-386.6227248742684;410.5800787459226
9;19;5;1;-376.55831713668067;425.93235145582497;-386.6227248742684;410.5800787459226
9;19;6;2;394.76693903213413;883.4100860867966;408.81273665397845;899.3798233414412
9;19;7;2;429.97105564690264;919.7715302486555;408.81273665397845;899.3798233414412
9;19;8;2;391.5371260851763;919.185814214134;408.81273665397845;899.3798233414412
9;19;9;3;560.1836746413691;-552.7968923594814;589.7606682174688;-572.3335275251175
9;19;10;3;555.7205059313782;-567.3359771753572;589.7606682174688;-572.3335275251175
9;19;11;3;591.3359396483905;-596.1252655398639;589.7606682174688;-572.3335275251175
9;19;12;4;159.4306447784239;1043.6302624230395;173.9151287016261;1025.3656889507843
9;19;13;4;159.46694353102768;1002.2670905503144;173.9151287016261;1025.3656889507843
9;19;14;4;207.28338060941712;1016.4988285671852;173.9151287016261;1025.3656889507843
10;0;0;0;245.48877750547942;324.13729716809405;212.40980292104263;344.676501445915
10;0;1;0;236.8098596968343;373.16474477316547;212.40980292104263;344.676501445915
10;0;2;1;419.2304475297721;430.32136360793214;445.1579395573192;428.81714906111836
10;0;3;1;445.7982794215612;463.9684789706524;445.1579395573192;428.81714906111836
10;0;4;1;437.3636658687243;406.1595074519274;445.1579395573192;428.81714906111836
10;0;5;1;467.94555985141074;451.7271051023041;445.1579395573192;428.81714906111836
10;0;6;2;421.5539036850259;318.30199783971824;428.6910674367204;327.2363031501916
10;0;7;2;447.74303697449204;340.2917163003338;428.6910674367204;327.2363031501916
10;0;8;2;412.8917900997963;336.93878726488816;428.6910674367204;327.2363031501916
10;0;9;3;212.95406140862116;286.1305235883403;230.56775282626552;265.2298752567839
10;0;10;3;199.80467952864146;265.54290684750583;230.56775282626552;265.2298752567839
10;0;11;3;247.09358057866424;225.52342258177868;230.56775282626552;265.2298752567839
10;0;12;4;365.66650696340275;251.65438467619475;388.61162407230563;223.00218286142405
10;0;13;4;373.6670479250478;204.15152613079397;388.61162407230563;223.00218286142405
10;0;14;4;419.0398158235524;221.84040399279337;388.61162407230563;223.00218286142405
10;1;0;0;208.37860488995497;288.3302171953057;192.3314326282482;310.08085075994853
10;1;1;0;212.15728303932883;330.49558107060705;192.3314326282482;310.08085075994853
10;1;2;1;389.89953640202486;440.47678459925305;405.2312085537234;431.2370976900156
10;1;3;1;416.677804940114;454.8923554252683;405.2312085537234;431.2370976900156
10;1;4;1;393.2526919952891;412.75931130252576;405.2312085537234;431.2370976900156
10;1;5;1;421.9730796694953;454.22339941891335;405.2312085537234;431.2370976900156
10;1;6;2;421.2553793520762;344.5639385505822;433.6206970720611;366.93137528337184
10;1;7;2;458.7857643810536;371.63215280969564;433.6206970720611;366.93137528337184
10;1;8;2;419.62191132968934;376.6365044638675;433.6206970720611;366.93137528337184
10;1;9;3;200.97315928611883;318.92785894000167;218.19779893674;303.2691213162292
10;1;10;3;193.42836717552623;301.8211468397565;218.19779893674;303.2691213162292
10;1;11;3;233.8444145337415;281.2727056324319;218.19779893674;303.2691213162292
10;1;12;4;360.10397232261573;197.7538770082462;382.0154947173803;183.54979285101928
10;1;13;4;366.53714289275536;163.13923748598228;382.0154947173803;183.54979285101928
10;1;14;4;406.38528850167535;177.32009838275127;382.0154947173803;183.54979285101928
10;2;0;0;193.20770140863738;254.16610503550913;172.25306233545376;275.48520007398207
10;2;1;0;186.47615481933013;305.93649091768077;172.25306233545376;275.48520007398207
10;2;2;1;346.38883637642215;435.0418155618466;365.30447755012756;433.6570463189129
10;2;3;1;368.30037436002016;452.09261749405124;365.30447755012756;433.6570463189129
10;2;4;1;357.77102244344354;419.66556049350044;365.30447755012756;433.6570463189129
10;2;5;1;389.3669762252407;452.9675693836741;365.30447755012756;433.6570463189129
10;2;6;2;423.89544216935275;388.62307839607416;438.5503267074018;406.6264474165521
10;2;7;2;454.622767960684;413.13389800594274;438.5503267074018;406.6264474165521
10;2;8;2;411.9850463968217;421.9654227582488;438.5503267074018;406.6264474165521
10;2;9;3;186.17752793554868;356.53995548954293;205.8278450472145;341.3083673756745
10;2;10;3;175.61040159559414;350.9423731214019;205.8278450472145;341.3083673756745
10;2;11;3;216.23610516856766;321.76977640017606;205.8278450472145;341.3083673756745
10;2;12;4;354.81566766847357;160.05689554908017;375.419365362455;144.0974028406145
10;2;13;4;357.83834893719205;119.68361399570207;375.419365362455;144.0974028406145
10;2;14;4;406.7521467859965;131.62600568989345;375.419365362455;144.0974028406145
10;3;0;0;170.30138047540882;218.06029856153614;152.17469204265933;240.88954938801547
10;3;1;0;167.79949318723536;275.83113936766665;152.17469204265933;240.88954938801547
10;3;2;1;295.5576801793438;441.54022971881653;325.37774654653174;436.07699494781014
10;3;3;1;338.24941756209813;459.929529591499;325.37774654653174;436.07699494781014
10;3;4;1;312.47026871810556;419.0019832290396;325.37774654653174;436.07699494781014
10;3;5;1;329.3510792525563;458.009999962907;325.37774654653174;436.07699494781014
10;3;6;2;422.0501024591044;420.5341460934085;443.47995634274247;446.32151954973233
10;3;7;2;467.2671615038833;454.2317187679943;443.47995634274247;446.32151954973233
10;3;8;2;432.74231913288804;466.79624531904216;443.47995634274247;446.32151954973233
10;3;9;3;177.94254298087165;398.1665020004659;193.457891157689;379.3476134351198
10;3;10;3;170.398270941425;392.5422178187569;193.457891157689;379.3476134351198
10;3;11;3;193.7530766621775;347.30899069686114;193.457891157689;379.3476134351198
10;3;12;4;341.14932786489237;137.88425458614802;368.82323600752966;104.64501283020974
10;3;13;4;354.70723977247064;73.0966668311866;368.82323600752966;104.64501283020974
10;3;14;4;402.8906939030233;99.08006233679325;368.82323600752966;104.64501283020974
10;4;0;0;148.3297373257235;181.66477531911409;132.0963217498649;206.29389870204872
10;4;1;0;142.9360117276804;242.38150935709086;132.0963217498649;206.29389870204872
10;4;2;1;259.1022217068568;451.4981280584798;285.4510155429359;438.4969435767074
10;4;3;1;296.7572431095195;468.9502187887311;285.4510155429359;438.4969435767074
10;4;4;1;275.51941756080043;415.75129129168005;285.4510155429359;438.4969435767074
10;4;5;1;295.75092746282724;454.2232358343314;285.4510155429359;438.4969435767074
10;4;6;2;435.64200235737644;466.29376353196665;448.40958597808316;486.0165916829126
10;4;7;2;466.32352995493255;491.27496400070066;448.40958597808316;486.0165916829126
10;4;8;2;427.0834277711778;492.46932580527135;448.40958597808316;486.0165916829126
10;4;9;3;157.9300540124044;434.2710357956623;181.0879372681635;417.3868594945651
10;4;10;3;156.9691454393388;426.9742377147871;181.0879372681635;417.3868594945651
10;4;11;3;203.34376052088498;390.88623282704276;181.0879372681635;417.3868594945651
10;4;12;4;334.0712337829204;75.4917409804174;362.22710665260433;65.19262281980497
10;4;13;4;351.2647263345698;34.65574264000242;362.22710665260433;65.19262281980497
10;4;14;4;387.55788624642804;56.962391010892546;362.22710665260433;65.19262281980497
10;5;0;0;133.61632058685072;146.3555052184096;112.01795145707035;171.69824801608198
10;5;1;0;127.54492523859311;200.77747718317391;112.01795145707035;171.69824801608198
10;5;2;1;220.01943337901952;450.52570569822603;245.5242845393401;440.91689220560465
10;5;3;1;261.4375918090217;467.8297926793999;245.5242845393401;440.91689220560465
10;5;4;1;237.24299927679837;413.14810791603827;245.5242845393401;440.91689220560465
10;5;5;1;262.4243497937655;461.68073753065295;245.5242845393401;440.91689220560465
10;5;6;2;437.7519940447214;509.29019916650043;453.33921561342385;525.7116638160928
10;5;7;2;470.38550177475076;534.6718620265395;453.33921561342385;525.7116638160928
10;5;8;2;434.2116465345118;533.9817974683403;453.33921561342385;525.7116638160928
10;5;9;3;147.23127544004421;481.6235274213266;168.717983378638;455.4261055540104
10;5;10;3;145.45200601517723;452.83784661633484;168.717983378638;455.4261055540104
10;5;11;3;178.81366183714906;446.55669560456926;168.717983378638;455.4261055540104
10;5;12;4;329.9134963174384;52.628828224712336;355.630977297679;25.740232809400133
10;5;13;4;328.97358407186766;1.385703842406206;355.630977297679;25.740232809400133
10;5;14;4;382.0078544845604;4.527182686417156;355.630977297679;25.740232809400133
10;6;0;0;122.45028065267911;110.39309383046512;91.93958116427578;137.10259733011523
10;6;1;0;112.77526006200416;165.8366344204267;91.93958116427578;137.10259733011523
10;6;2;1;173.65736201733773;443.9407788083721;205.59755353574428;443.3368408345019
10;6;3;1;212.04829174335356;477.39724370809137;205.59755353574428;443.3368408345019
10;6;4;1;195.8843647055609;413.99240744872696;205.59755353574428;443.3368408345019
10;6;5;1;219.60908185464086;458.82165657618583;205.59755353574428;443.3368408345019
10;6;6;2;433.68717025248736;550.8432546455622;458.26884524876453;565.4067359492731
10;6;7;2;487.6274442628977;567.2077701454732;458.26884524876453;565.4067359492731
10;6;8;2;445.3587091029983;582.1285508841377;458.26884524876453;565.4067359492731
10;6;9;3;135.7867107277548;514.6598777443036;156.3480294891125;493.4653516134557
10;6;10;3;121.34770343370693;509.2509937932359;156.3480294891125;493.4653516134557
10;6;11;3;165.89213555454737;463.6624477090513;156.3480294891125;493.4653516134557
10;6;12;4;324.7729242602077;4.770691704068105;349.0348479427537;-13.712157201004675
10;6;13;4;336.8817259299551;-36.54455682701979;349.0348479427537;-13.712157201004675
10;6;14;4;375.1211383930101;-16.98790385793006;349.0348479427537;-13.712157201004675
10;7;0;0;99.80571401874236;69.43596584915106;71.8612108714812;102.5069466441486
10;7;1;0;87.20735796884041;122.10695457626255;71.8612108714812;102.5069466441486
10;7;2;1;146.08152499556692;446.21374763900366;165.67082253214846;445.7567894633992
10;7;3;1;167.42015275825085;467.69350522333866;165.67082253214846;445.7567894633992
10;7;4;1;159.10038244939884;425.10673624108796;165.67082253214846;445.7567894633992
10;7;5;1;179.69393636413395;474.32771325978837;165.67082253214846;445.7567894633992
10;7;6;2;454.439684675453;584.5491727893393;463.1984748841052;605.1018080824533
10;7;7;2;487.519687252589;618.5501415022106;463.1984748841052;605.1018080824533
10;7;8;2;449.30050297170044;619.1594115104565;463.1984748841052;605.1018080824533
10;7;9;3;126.62822731833764;545.6650908447147;143.978075599587;531.504597672901
10;7;10;3;117.10212742950328;535.9935985974994;143.978075599587;531.504597672901
10;7;11;3;158.00955543539646;494.274870742664;143.978075599587;531.504597672901
10;7;12;4;318.2512088992401;-34.05954149964404;342.43871858782836;-53.1645472114095
10;7;13;4;329.704275894032;-76.25126628567494;342.43871858782836;-53.1645472114095
10;7;14;4;376.7922382807522;-64.29809144022292;342.43871858782836;-53.1645472114095
10;8;0;0;75.60707575577193;39.50577508638083;51.78284057868663;67.911295958182
10;8;1;0;71.55624305710552;100.25563188981555;51.78284057868663;67.911295958182
10;8;2;1;94.59904173102402;449.33597503695137;125.74409152855264;448.17673809229643
10;8;3;1;128.5483596059339;469.6609974273545;125.74409152855264;448.17673809229643
10;8;4;1;119.2975178935905;430.2912426613889;125.74409152855264;448.17673809229643
10;8;5;1;144.44334733474267;468.6393096541626;125.74409152855264;448.17673809229643
10;8;6;2;459.3596605806402;631.4260944296367;468.1281045194459;644.7968802156336
10;8;7;2;491.9228079795548;648.8298972162039;468.1281045194459;644.7968802156336
10;8;8;2;447.8064628618871;661.3610905306435;468.1281045194459;644.7968802156336
10;8;9;3;113.25815948045455;577.8118721107138;131.60812171006148;569.5438437323463
10;8;10;3;103.90380948506086;572.2146591389933;131.60812171006148;569.5438437323463
10;8;11;3;137.3405469718785;545.9242704334032;131.60812171006148;569.5438437323463
10;8;12;4;323.37094765294125;-68.88980405927975;335.84258923290304;-92.61693722181428
10;8;13;4;310.4781440802455;-119.27395986972164;335.84258923290304;-92.61693722181428
10;8;14;4;361.2293666662265;-106.51417136552615;335.84258923290304;-92.61693722181428
10;9;0;0;45.89610574497478;3.5046712712791726;31.704470285892057;33.31564527221533
10;9;1;0;46.03491806931634;57.37323153683664;31.704470285892057;33.31564527221533
10;9;2;1;62.109628934036266;455.86359795449476;85.81736052495683;450.5966867211937
10;9;3;1;86.47565386901644;470.47117265003385;85.81736052495683;450.5966867211937
10;9;4;1;76.32135767029733;425.43120412731736;85.81736052495683;450.5966867211937
10;9;5;1;98.01748139180907;469.05996567568735;85.81736052495683;450.5966867211937
10;9;6;2;461.48430026975586;658.125258900076;473.0577341547866;684.4919523488138
10;9;7;2;490.09718673750484;696.2395005744982;473.0577341547866;684.4919523488138
10;9;8;2;454.35571400410873;690.2204446966521;473.0577341547866;684.4919523488138
10;9;9;3;98.85079404724836;629.4032817039663;119.23816782053586;607.5830897917916
10;9;10;3;93.22121610529062;618.0687981694655;119.23816782053586;607.5830897917916
10;9;11;3;133.7138301235463;589.0059747398144;119.23816782053586;607.5830897917916
10;9;12;4;311.4371478783802;-118.16135470271853;329.2464598779777;-132.06932723221905
10;9;13;4;316.9079221851788;-153.14250298142633;329.2464598779777;-132.06932723221905
10;9;14;4;356.0313247917542;-138.69651747200632;329.2464598779777;-132.06932723221905
10;10;0;0;38.90719572519546;-29.911189329778423;11.626099993097489;-1.2800054137513195
10;10;1;0;36.99136233446319;30.2801692261042;11.626099993097489;-1.2800054137513195
10;10;2;1;22.39394710170802;454.53087011420524;45.89062952136101;453.01663535009095
10;10;3;1;47.69962539329781;476.0023700557125;45.89062952136101;453.01663535009095
10;10;4;1;32.91846062064262;430.9899612878235;45.89062952136101;453.01663535009095
10;10;5;1;58.39146385723633;478.3370836656594;45.89062952136101;453.01663535009095
10;10;6;2;469.48157945333634;705.0835109902013;477.9873637901273;724.1870244819941
10;10;7;2;496.4904604227153;735.4651776651616;477.9873637901273;724.1870244819941
10;10;8;2;460.8767802727939;736.7644160420746;477.9873637901273;724.1870244819941
10;10;9;3;77.19250233497439;658.0771378782263;106.86821393101022;645.6223358512369
10;10;10;3;78.56761484634092;650.4260143685124;106.86821393101022;645.6223358512369
10;10;11;3;119.99857011275611;612.9069670323767;106.86821393101022;645.6223358512369
10;10;12;4;299.6669190319669;-146.14752897816513;322.6503305230524;-171.52171724262382
10;10;13;4;310.554949782808;-193.53616814848385;322.6503305230524;-171.52171724262382
10;10;14;4;347.25960607443295;-174.3653262494212;322.6503305230524;-171.52171724262382
10;11;0;0;15.453962367099688;-62.54774216995696;-8.45227029969707;-35.87565609971797
10;11;1;0;-1.6187906087490642;-0.2300846302787427;-8.45227029969707;-35.87565609971797
10;11;2;1;-10.564202160063278;461.7975194880063;5.9638985177652115;455.4365839789882
10;11;3;1;6.789860366790388;486.3719770787374;5.9638985177652115;455.4365839789882
10;11;4;1;-1.0325711829354889;425.22740031394903;5.9638985177652115;455.4365839789882
10;11;5;1;23.29319151500982;475.3826724552756;5.9638985177652115;455.4365839789882
10;11;6;2;472.34824220305086;741.768639580531;482.916993425468;763.8820966151743
10;11;7;2;503.59262410317916;780.7201231913449;482.916993425468;763.8820966151743
10;11;8;2;474.5522541498962;769.5162861852231;482.916993425468;763.8820966151743
10;11;9;3;72.91264370503913;693.5850765906307;94.49826004148457;683.6615819106822
10;11;10;3;71.22367101076568;697.0045310742091;94.49826004148457;683.6615819106822
10;11;11;3;111.21079796890318;654.0810433348917;94.49826004148457;683.6615819106822
10;11;12;4;295.7340198738425;-186.95687456611137;316.05420116812707;-210.9741072530286
10;11;13;4;313.81895237955143;-236.2794673928046;316.05420116812707;-210.9741072530286
10;11;14;4;355.10836572020565;-221.232755408971;316.05420116812707;-210.9741072530286
10;12;0;0;-10.167197092762684;-92.77429990094782;-28.530640592491636;-70.47130678568463
10;12;1;0;-10.91245010873282;-49.85329357144862;-28.530640592491636;-70.47130678568463
10;12;2;1;-54.64124822645229;470.40269521357544;-33.962832485830575;457.85653260788547
10;12;3;1;-23.924000017601035;483.8292743255321;-33.962832485830575;457.85653260788547
10;12;4;1;-41.1621847346782;428.396516039357;-33.962832485830575;457.85653260788547
10;12;5;1;-16.14172284176485;475.5330869603192;-33.962832485830575;457.85653260788547
10;12;6;2;480.4463514795703;792.27638581144;487.84662306080867;803.5771687483546
10;12;7;2;517.1595245239342;819.3137682951882;487.84662306080867;803.5771687483546
10;12;8;2;471.32229857976176;817.8567869486066;487.84662306080867;803.5771687483546
10;12;9;3;55.5060078431465;730.398732664721;82.12830615195892;721.7008279701275
10;12;10;3;51.34983349274863;724.9949879336883;82.12830615195892;721.7008279701275
10;12;11;3;89.50314545177382;702.2835982319426;82.12830615195892;721.7008279701275
10;12;12;4;289.1522958007468;-233.16103969381547;309.45807181320174;-250.42649726343336
10;12;13;4;298.6509552483254;-283.4710402538435;309.45807181320174;-250.42649726343336
10;12;14;4;336.3576830312525;-261.64928136401693;309.45807181320174;-250.42649726343336
10;13;0;0;-26.028064184696152;-125.77252472684641;-48.60901088528621;-105.06695747165124
10;13;1;0;-28.872948396311518;-73.4841307063407;-48.60901088528621;-105.06695747165124
10;13;2;1;-94.45424316234418;474.2280918076221;-73.8895634894264;460.27648123678273
10;13;3;1;-63.05661098452504;481.9528186442086;-73.8895634894264;460.27648123678273
10;13;4;1;-73.57436925471553;431.1706817867472;-73.8895634894264;460.27648123678273
10;13;5;1;-57.49866694011339;472.14698664526645;-73.8895634894264;460.27648123678273
10;13;6;2;476.19553060693727;827.6754533705092;492.77625269614936;843.2722408815348
10;13;7;2;513.6523883558513;860.491755965855;492.77625269614936;843.2722408815348
10;13;8;2;482.35760759661036;849.5100238952257;492.77625269614936;843.2722408815348
10;13;9;3;52.98578551393214;776.6891982121418;69.75835226243328;759.7400740295728
10;13;10;3;48.25063029999115;763.6226653014367;69.75835226243328;759.7400740295728
10;13;11;3;82.59466088261307;735.9689484105584;69.75835226243328;759.7400740295728
10;13;12;4;273.9727524503031;-278.21524396600955;302.8619424582764;-289.87888727383813
10;13;13;4;281.4837742032186;-308.9639301931178;302.8619424582764;-289.87888727383813
10;13;14;4;343.20335544480787;-293.23443960469115;302.8619424582764;-289.87888727383813
10;14;0;0;-52.18723825660818;-165.97466919018228;-68.68738117808078;-139.66260815761788
10;14;1;0;-58.55566533098633;-105.6964600992975;-68.68738117808078;-139.66260815761788
10;14;2;1;-135.22886417964196;468.85268134708116;-113.81629449302221;462.69642986568
10;14;3;1;-107.10784571978408;486.1361043626202;-113.81629449302221;462.69642986568
10;14;4;1;-119.22901076681524;443.82078129367255;-113.81629449302221;462.69642986568
10;14;5;1;-91.71150934998224;472.0326562527651;-113.81629449302221;462.69642986568
10;14;6;2;480.5983803572195;863.4540545716742;497.70588233149005;882.967313014715
10;14;7;2;513.9204921442326;901.8782564981688;497.70588233149005;882.967313014715
10;14;8;2;487.89057543156343;891.5677306655548;497.70588233149005;882.967313014715
10;14;9;3;28.922308995015108;807.1539651856156;57.38839837290763;797.7793200890181
10;14;10;3;20.17223704972711;796.2682125702033;57.38839837290763;797.7793200890181
10;14;11;3;67.32028311325494;776.8582520712241;57.38839837290763;797.7793200890181
10;14;12;4;276.31062252104556;-311.00891073651354;296.2658131033511;-329.3312772842429
10;14;13;4;274.9475232122631;-350.8173782844051;296.2658131033511;-329.3312772842429
10;14;14;4;318.27426672356717;-337.78860315478175;296.2658131033511;-329.3312772842429
10;15;0;0;-70.10010580238205;-198.4768839031994;-88.76575147087536;-174.25825884358463
10;15;1;0;-76.04189183465459;-142.1579790477839;-88.76575147087536;-174.25825884358463
10;15;2;1;-180.5867824609226;466.80270060320805;-153.74302549661803;465.11637849457725
10;15;3;1;-142.54400112313695;492.895560183382;-153.74302549661803;465.11637849457725
10;15;4;1;-169.4634234474223;444.3826381439913;-153.74302549661803;465.11637849457725
10;15;5;1;-129.64422407687746;482.3253579384883;-153.74302549661803;465.11637849457725
10;15;6;2;495.4709700100097;907.074565913609;502.63551196683073;922.6623851478953
10;15;7;2;528.8558988740375;934.7425236092986;502.63551196683073;922.6623851478953
10;15;8;2;484.6792374269711;929.3320481055122;502.63551196683073;922.6623851478953
10;15;9;3;25.467434407421184;847.7801604344896;45.018444483381984;835.8185661484634
10;15;10;3;12.722700455630171;846.7446994792241;45.018444483381984;835.8185661484634
10;15;11;3;50.952895661013514;808.4494994516749;45.018444483381984;835.8185661484634
10;15;12;4;267.184117690129;-351.10836167131185;289.66968374842577;-368.78366729464767
10;15;13;4;268.3780627086213;-391.55715683567087;289.66968374842577;-368.78366729464767
10;15;14;4;320.20352078696317;-379.7559806798209;289.66968374842577;-368.78366729464767
10;16;0;0;-78.54523477146394;-229.07612725228697;-108.84412176366993;-208.85390952955137
10;16;1;0;-101.33515568664046;-194.98069295367972;-108.84412176366993;-208.85390952955137
10;16;2;1;-223.1612942764025;471.9850409870035;-193.66975650021385;467.5363271234745
10;16;3;1;-180.4830460323797;487.7026270601216;-193.66975650021385;467.5363271234745
10;16;4;1;-202.4529400845585;448.5232773525536;-193.66975650021385;467.5363271234745
10;16;5;1;-185.01387560253426;489.543149263535;-193.66975650021385;467.5363271234745
10;16;6;2;497.7219848446665;947.007149715324;507.5651416021714;962.3574572810755
10;16;7;2;526.293992577105;969.0330587203032;507.5651416021714;962.3574572810755
10;16;8;2;489.6145426583494;975.6431227760897;507.5651416021714;962.3574572810755
10;16;9;3;24.292570972632735;890.268065839564;32.64849059385634;873.8578122079088
10;16;10;3;15.317543376055427;875.5280154104776;32.64849059385634;873.8578122079088
10;16;11;3;46.81980479350223;847.1958656602659;32.64849059385634;873.8578122079088
10;16;12;4;259.98321442461025;-383.5570779945771;283.07355439350044;-408.23605730505244
10;16;13;4;273.06400584146235;-425.38603271153863;283.07355439350044;-408.23605730505244
10;16;14;4;314.75108207279146;-410.9650670441266;283.07355439350044;-408.23605730505244
10;17;0;0;-110.39460619990275;-272.2557667214872;-128.9224920564645;-243.44956021551812
10;17;1;0;-108.48567689485171;-209.47923072854334;-128.9224920564645;-243.44956021551812
10;17;2;1;-265.1177692961954;468.4832112388859;-233.59648750380967;469.95627575237177
10;17;3;1;-218.7015181440166;487.8669589130233;-233.59648750380967;469.95627575237177
10;17;4;1;-237.01975282350392;448.996607650417;-233.59648750380967;469.95627575237177
10;17;5;1;-220.13658181874717;485.35731308800905;-233.59648750380967;469.95627575237177
10;17;6;2;501.52075890385936;989.3422188705928;512.4947712375122;1002.0525294142558
10;17;7;2;527.2528623132725;1012.4175356967177;512.4947712375122;1002.0525294142558
10;17;8;2;494.49188346398506;1016.1641774349738;512.4947712375122;1002.0525294142558
10;17;9;3;4.171554311797049;924.2344519040479;20.27853670433069;911.897058267354
10;17;10;3;-11.464623234859388;917.0701178333326;20.27853670433069;911.897058267354
10;17;11;3;28.411692472479373;891.2241601625528;20.27853670433069;911.897058267354
10;17;12;4;255.88807036189277;-433.4213048942963;276.4774250385751;-447.6884473154572
10;17;13;4;255.79506706900477;-478.6706050400606;276.4774250385751;-447.6884473154572
10;17;14;4;311.68508094343963;-454.5945740453975;276.4774250385751;-447.6884473154572
10;18;0;0;-122.31333687007698;-316.2085182039289;-149.00086234925894;-278.04521090148467
10;18;1;0;-124.01481273037649;-249.54722732362328;-149.00086234925894;-278.04521090148467
10;18;2;1;-296.2449323076923;464.9511926181999;-273.5232185074055;472.376224381269
10;18;3;1;-267.36335825641544;493.97811539710335;-273.5232185074055;472.376224381269
10;18;4;1;-278.7137328932346;445.8455794870985;-273.5232185074055;472.376224381269
10;18;5;1;-248.08666352344656;496.82507387807374;-273.5232185074055;472.376224381269
10;18;6;2;507.2699062995934;1024.5483642081817;517.4244008728529;1041.7476015474356
10;18;7;2;532.7047816355564;1046.755397670922;517.4244008728529;1041.7476015474356
10;18;8;2;500.37441416379653;1056.3957954506843;517.4244008728529;1041.7476015474356
10;18;9;3;-17.010315382630427;963.3280659801537;7.908582814805044;949.9363043267994
10;18;10;3;-20.33417289444334;955.3504250563777;7.908582814805044;949.9363043267994
10;18;11;3;12.404969129773217;923.2722501146721;7.908582814805044;949.9363043267994
10;18;12;4;255.85192934646543;-473.99641995130327;269.8812956836498;-487.140837325862
10;18;13;4;248.43425597223018;-509.8986921197224;269.8812956836498;-487.140837325862
10;18;14;4;291.920677088263;-494.9955958788714;269.8812956836498;-487.140837325862
10;19;0;0;-152.98023909193523;-331.8344489067184;-169.07923264205337;-312.6408615874511
10;19;1;0;-151.44405487421446;-295.59877536203646;-169.07923264205337;-312.6408615874511
10;19;2;1;-335.61211526198707;479.6625225778331;-313.4499495110013;474.7961730101663
10;19;3;1;-305.4837770682803;501.0778835491874;-313.4499495110013;474.7961730101663
10;19;4;1;-312.1070644495125;461.9532171202638;-313.4499495110013;474.7961730101663
10;19;5;1;-297.8641973400319;497.2724263121007;-313.4499495110013;474.7961730101663
10;19;6;2;504.67219810016616;1066.5995256948056;522.3540305081935;1081.4426736806147
10;19;7;2;543.3082083938806;1092.9460047190423;522.3540305081935;1081.4426736806147
10;19;8;2;498.65408826623286;1096.4359741971102;522.3540305081935;1081.4426736806147
10;19;9;3;-22.07642914285251;1009.0238092529358;-4.461371074720599;987.9755503862447
10;19;10;3;-30.412144702693038;990.8745210159816;-4.461371074720599;987.9755503862447
10;19;11;3;-0.8419805727161833;964.6466359207599;-4.461371074720599;987.9755503862447
10;19;12;4;237.92334728394113;-511.59993755954315;263.2851663287245;-526.5932273362668
10;19;13;4;243.28475109044504;-551.6697599238618;263.2851663287245;-526.5932273362668
10;19;14;4;287.61314241009603;-536.0524646803048;263.2851663287245;-526.5932273362668
11;0;0;0;312.4746696060085;260.47092233295217;290.6819583363399;290.9966498527414
11;0;1;0;307.68870949564564;316.32695426766685;290.6819583363399;290.9966498527414
11;0;2;1;283.2042353216997;440.22253350199867;303.2918897404369;442.2760335274395
11;0;3;1;315.547534185999;469.4092423000685;303.2918897404369;442.2760335274395
11;0;4;1;296.9647262593908;417.7869198932913;303.2918897404369;442.2760335274395
11;0;5;1;318.7240147801646;466.82682667462643;303.2918897404369;442.2760335274395
11;0;6;2;148.22583895476768;288.0877125909199;160.04035014124315;306.10607154508193
11;0;7;2;175.16092708018584;314.0936401245405;160.04035014124315;306.10607154508193
11;0;8;2;154.7407261764442;319.23427006978903;160.04035014124315;306.10607154508193
11;0;9;3;289.98772081020525;323.7928864383569;306.9241177399865;303.70397400828017
11;0;10;3;274.9821398406808;312.56889705883196;306.9241177399865;303.70397400828017
11;0;11;3;323.75978702346146;278.980518474054;306.9241177399865;303.70397400828017
11;0;12;4;128.78608041705698;390.28861716305585;149.43484735709424;370.40505210393775
11;0;13;4;130.38868863704283;354.41507329946865;149.43484735709424;370.40505210393775
11;0;14;4;181.39056294837974;365.3298803424938;149.43484735709424;370.40505210393775
11;1;0;0;279.06353136054565;235.44304323484573;266.1678608705291;259.38875486688784
11;1;1;0;283.37914689623483;295.1120947571736;266.1678608705291;259.38875486688784
11;1;2;1;258.1443518878816;411.5519249442159;279.089352626612;410.42894265160066
11;1;3;1;288.86458252774037;432.7120674523556;279.089352626612;410.42894265160066
11;1;4;1;280.5341723702464;381.38701090980686;279.089352626612;410.42894265160066
11;1;5;1;293.1429887835141;426.1597444661319;279.089352626612;410.42894265160066
11;1;6;2;174.4541005755594;266.1788680295554;190.65448904541444;280.3616644018573
11;1;7;2;211.65631350023068;303.0205287632027;190.65448904541444;280.3616644018573
11;1;8;2;169.7092662489866;296.61177158340854;190.65448904541444;280.3616644018573
11;1;9;3;290.38541881533797;355.51696980895724;317.9282399090365;342.16056375943515
11;1;10;3;289.7709139217324;351.19093150710916;317.9282399090365;342.16056375943515
11;1;11;3;322.84631383200986;324.66044811896194;317.9282399090365;342.16056375943515
11;1;12;4;170.60515905075772;372.9906197794502;188.64713379322828;362.50590072859467
11;1;13;4;173.01322179478572;335.5640420875792;188.64713379322828;362.50590072859467
11;1;14;4;214.19438213007854;353.68232807008866;188.64713379322828;362.50590072859467
11;2;0;0;268.0019207469818;196.67158769814571;241.65376340471852;227.7808598810345
11;2;1;0;257.9907730827184;257.5490588668845;241.65376340471852;227.7808598810345
11;2;2;1;233.58845363349968;373.20922691958293;254.88681551278714;378.58185177576183
11;2;3;1;258.33991310954286;393.45740816310126;254.88681551278714;378.58185177576183
11;2;4;1;247.69391291918453;359.7239861529646;254.88681551278714;378.58185177576183
11;2;5;1;265.1724759000523;391.7755134894286;254.88681551278714;378.58185177576183
11;2;6;2;202.4652882912042;238.0128762523723;221.26862794958572;254.6172572586327
11;2;7;2;240.72316769629168;267.34287085323746;221.26862794958572;254.6172572586327
11;2;8;2;199.82264206734692;265.5748396340886;221.26862794958572;254.6172572586327
11;2;9;3;302.5678422378389;387.8415718768695;328.9323620780865;380.61715351059013
11;2;10;3;294.73149546619396;382.14864251295256;328.9323620780865;380.61715351059013
11;2;11;3;342.7495544422619;357.4210314972211;328.9323620780865;380.61715351059013
11;2;12;4;213.96609015862313;377.9655759873884;227.8594202293623;354.6067493532516
11;2;13;4;216.52378581072358;331.1018729663268;227.8594202293623;354.6067493532516
11;2;14;4;254.8385512945002;344.0860330381467;227.8594202293623;354.6067493532516
11;3;0;0;242.8602947846142;165.68934985735132;217.13966593890802;196.1729648951812
11;3;1;0;232.82143393934643;229.15703847044566;217.13966593890802;196.1729648951812
11;3;2;1;213.80218997813336;346.7372778979054;230.684278398962;346.734760899923
11;3;3;1;237.72973398358795;372.91250076813765;230.684278398962;346.734760899923
11;3;4;1;219.86224355989145;328.35522100387925;230.684278398962;346.734760899923
11;3;5;1;252.95567051665637;366.0742323669844;230.684278398962;346.734760899923
11;3;6;2;235.31865437182512;208.24630978223865;251.882766853757;228.87285011540834
11;3;7;2;266.82803329731126;243.88901385833196;251.882766853757;228.87285011540834
11;3;8;2;232.93655176041;238.80395753023384;251.882766853757;228.87285011540834
11;3;9;3;315.8219906202604;440.5015873512925;339.9364842471365;419.0737432617451
11;3;10;3;309.5849575743576;426.8222238563791;339.9364842471365;419.0737432617451
11;3;11;3;359.71199291915707;397.16008605513724;339.9364842471365;419.0737432617451
11;3;12;4;248.43474772301232;362.76130683717963;267.0717066654963;346.7075979779085
11;3;13;4;246.85208159877425;318.5185535619095;267.0717066654963;346.7075979779085
11;3;14;4;290.2344642400994;339.5505186392199;267.0717066654963;346.7075979779085
11;4;0;0;217.2852317001608;146.6595362382066;192.62556847309753;164.5650699093279
11;4;1;0;210.0442824122368;199.47430618564667;192.62556847309753;164.5650699093279
11;4;2;1;181.22616130225956;319.8942698229467;206.48174128513685;314.8876700240842
11;4;3;1;208.6903301954619;340.10778854637795;206.48174128513685;314.8876700240842
11;4;4;1;193.4344037115103;295.5702126417977;206.48174128513685;314.8876700240842
11;4;5;1;219.77372404956853;336.2438355090683;206.48174128513685;314.8876700240842
11;4;6;2;269.12048618911786;174.35070389413133;282.49690575792806;203.128442972184
11;4;7;2;309.9560385913589;219.65822642498372;282.49690575792806;203.128442972184
11;4;8;2;273.49710384308986;220.55961072282773;282.49690575792806;203.128442972184
11;4;9;3;335.27286620407074;471.0745166526744;350.9406064161865;457.5303330129001
11;4;10;3;323.0620949556991;466.0741783521766;350.9406064161865;457.5303330129001
11;4;11;3;369.32791672617043;437.8129023879576;350.9406064161865;457.5303330129001
11;4;12;4;285.05205909665517;359.3390365623968;306.28399310163036;338.8084466025654
11;4;13;4;287.3103739621749;312.9107736770456;306.28399310163036;338.8084466025654
11;4;14;4;337.7732869053096;332.97866678607517;306.28399310163036;338.8084466025654
11;5;0;0;190.8968871236536;107.18929468001119;168.11147100728704;132.95717492347458
11;5;1;0;192.30729278597525;161.96164972269656;168.11147100728704;132.95717492347458
11;5;2;1;154.18460685182214;293.6456102659078;182.2792041713117;283.04057914824534
11;5;3;1;193.55266310734467;308.1341103095556;182.2792041713117;283.04057914824534
11;5;4;1;173.8768300984184;258.58201171801244;182.2792041713117;283.04057914824534
11;5;5;1;200.2161798843804;302.944290888996;182.2792041713117;283.04057914824534
11;5;6;2;303.1738520611753;157.10936114065092;313.11104466209906;177.38403582895964
11;5;7;2;335.121135626921;182.08081611013415;313.11104466209906;177.38403582895964
11;5;8;2;298.95353019655806;190.27003818634702;313.11104466209906;177.38403582895964
11;5;9;3;341.7474636812464;505.57553531180326;361.9447285852365;495.98692276405507
11;5;10;3;327.6692164506499;497.502064347674;361.9447285852365;495.98692276405507
11;5;11;3;374.2737243260791;479.0314104945929;361.9447285852365;495.98692276405507
11;5;12;4;323.343030393508;346.7735918703937;345.4962795377644;330.90929522722234
11;5;13;4;323.13415389873694;300.48284519877683;345.4962795377644;330.90929522722234
11;5;14;4;372.06323656181473;319.41969001291693;345.4962795377644;330.90929522722234
11;6;0;0;165.09128403191067;83.18193930246738;143.59737354147654;101.34927993762115
11;6;1;0;158.21516170565107;123.21005568514789;143.59737354147654;101.34927993762115
11;6;2;1;129.07555964134158;254.69322652111833;158.07666705748656;251.19348827240657
11;6;3;1;163.08141671649096;275.38212920073914;158.07666705748656;251.19348827240657
11;6;4;1;154.77987393240852;229.47646586368091;158.07666705748656;251.19348827240657
11;6;5;1;171.99809727958993;261.05701369606095;158.07666705748656;251.19348827240657
11;6;6;2;335.7749046455374;127.95983801028231;343.72518356627006;151.6396286857353
11;6;7;2;362.385249883423;165.91618529367236;343.72518356627006;151.6396286857353
11;6;8;2;328.533326668968;163.58281864868798;343.72518356627006;151.6396286857353
11;6;9;3;349.2212756016744;544.0320598258581;372.94885075428647;534.44351251521
11;6;10;3;359.14537949362483;544.1941770184516;372.94885075428647;534.44351251521
11;6;11;3;384.80167277606006;509.3771614584562;372.94885075428647;534.44351251521
11;6;12;4;357.23101074791555;346.1218717517085;384.70856597389843;323.01014385187926
11;6;13;4;368.3148394340835;301.3013151186505;384.70856597389843;323.01014385187926
11;6;14;4;412.3967483105731;313.3223191334217;384.70856597389843;323.01014385187926
11;7;0;0;140.54881461730787;46.469021846236984;119.08327607566599;69.7413849517677
11;7;1;0;141.69004609621305;106.23255219396667;119.08327607566599;69.7413849517677
11;7;2;1;106.21087725281828;227.57037816519107;133.87412994366142;219.34639739656802
11;7;3;1;143.74704130458386;241.12801649915195;133.87412994366142;219.34639739656802
11;7;4;1;121.31369619695528;191.23578363068071;133.87412994366142;219.34639739656802
11;7;5;1;151.07294134167907;236.9859088756087;133.87412994366142;219.34639739656802
11;7;6;2;361.80607406397775;109.51127287877542;374.33932247044106;125.89522154251092
11;7;7;2;390.9784188903764;138.95451571879073;374.33932247044106;125.89522154251092
11;7;8;2;366.42892629480974;138.87019252815534;374.33932247044106;125.89522154251092
11;7;9;3;362.1992396468791;582.9874090933248;383.95297292333646;572.900102266365
11;7;10;3;355.9050462517019;580.6167866974586;383.95297292333646;572.900102266365
11;7;11;3;391.8081051026686;553.3921038808966;383.95297292333646;572.900102266365
11;7;12;4;404.49964246826625;332.99630237636694;423.92085241003247;315.1109924765362
11;7;13;4;411.12431708500185;294.25004646977806;423.92085241003247;315.1109924765362
11;7;14;4;456.1187969154654;304.34966245925983;423.92085241003247;315.1109924765362
11;8;0;0;116.1678903165354;9.47593452043339;94.56917860985536;38.13348996591425
11;8;1;0;106.41646838124151;64.92661837189875;94.56917860985536;38.13348996591425
11;8;2;1;88.40271013203298;189.72535017149616;109.67159282983627;187.49930652072948
11;8;3;1;128.39685642767472;213.83081131918007;109.67159282983627;187.49930652072948
11;8;4;1;107.59103206538266;167.98321048080504;109.67159282983627;187.49930652072948
11;8;5;1;123.63537594538086;204.7092290894368;109.67159282983627;187.49930652072948
11;8;6;2;395.9143700557099;81.5648002812598;404.95346137461206;100.15081439928643
11;8;7;2;427.08586928453184;107.4842249471071;404.95346137461206;100.15081439928643
11;8;8;2;389.91602122404583;105.29402469227742;404.95346137461206;100.15081439928643
11;8;9;3;377.182771878237;623.9361894293297;394.95709509238645;611.35669201752
11;8;10;3;372.93951102574005;616.951917859571;394.95709509238645;611.35669201752
11;8;11;3;415.535716605847;586.600107574888;394.95709509238645;611.35669201752
11;8;12;4;431.7307165012086;324.9549284465366;463.1331388461665;307.2118411011931
11;8;13;4;451.38508579359933;279.6810660708293;463.1331388461665;307.2118411011931
11;8;14;4;494.3987835919523;303.5106348550757;463.1331388461665;307.2118411011931
11;9;0;0;93.70497087200752;-19.816056298478635;70.05508114404472;6.525594980060833
11;9;1;0;84.24724060553746;29.00546601033306;70.05508114404472;6.525594980060833
11;9;2;1;69.08384880129785;154.24259116577898;85.46905571601113;155.65221564489093
11;9;3;1;92.40461576008913;175.78006002052308;85.46905571601113;155.65221564489093
11;9;4;1;71.99225811986044;142.60503053596346;85.46905571601113;155.65221564489093
11;9;5;1;106.01230731121525;178.6630673607407;85.46905571601113;155.65221564489093
11;9;6;2;425.3573051116087;53.85957793666063;435.56760027878306;74.40640725606194
11;9;7;2;449.1682435782663;84.05653438826785;435.56760027878306;74.40640725606194
11;9;8;2;426.304850957152;89.03577110705324;435.56760027878306;74.40640725606194
11;9;9;3;382.81114602895656;669.7495771361899;405.96121726143645;649.813281768675
11;9;10;3;383.4947549456679;648.7162558346354;405.96121726143645;649.813281768675
11;9;11;3;411.30240375275235;627.6312592414015;405.96121726143645;649.813281768675
11;9;12;4;467.9835166188011;317.4695329365865;502.34542528230054;299.31268972585
11;9;13;4;489.6566593704805;279.05704100165775;502.34542528230054;299.31268972585
11;9;14;4;532.0146898802523;298.199187247921;502.34542528230054;299.31268972585
11;10;0;0;73.7757654791413;-54.34215702159576;45.540983678234085;-25.082300005792586
11;10;1;0;55.75733886963652;2.9985059048415597;45.540983678234085;-25.082300005792586
11;10;2;1;45.60209579980851;122.44187450707034;61.266518602186;123.80512476905238
11;10;3;1;72.30351427082844;159.0258208289701;61.266518602186;123.80512476905238
11;10;4;1;40.111344835250755;96.4244944904477;61.266518602186;123.80512476905238
11;10;5;1;69.87130015219998;139.64555392816928;61.266518602186;123.80512476905238
11;10;6;2;452.47407026761977;38.075527375490964;466.18173918295406;48.66200011283745
11;10;7;2;487.8143789026727;66.74571990504754;466.18173918295406;48.66200011283745
11;10;8;2;445.00951313123915;58.79869392597711;466.18173918295406;48.66200011283745
11;10;9;3;397.4097380495664;704.7625968779915;416.96533943048644;688.26987151983
11;10;10;3;400.72145682886924;691.1561553677087;416.96533943048644;688.26987151983
11;10;11;3;433.6664432041266;662.88258533095;416.96533943048644;688.26987151983
11;10;12;4;525.7548191772161;310.07737542526866;541.5577117184346;291.41353835050694
11;10;13;4;521.2076077514348;265.8655706113619;541.5577117184346;291.41353835050694
11;10;14;4;569.7763226153352;281.7607694537386;541.5577117184346;291.41353835050694
11;11;0;0;36.58052380334859;-91.12315871434181;21.026886212423467;-56.690194991646024
11;11;1;0;43.07353383732086;-26.816537887669103;21.026886212423467;-56.690194991646024
11;11;2;1;10.48592788608229;91.510200290035;37.06398148836092;91.95803389321384
11;11;3;1;47.70138291896326;117.51318108702105;37.06398148836092;91.95803389321384
11;11;4;1;30.451041586979628;68.2277356261528;37.06398148836092;91.95803389321384
11;11;5;1;53.96068260166795;116.05968419999303;37.06398148836092;91.95803389321384
11;11;6;2;477.6206421640529;-0.57613441718137;496.79587808712506;22.917592969612954
11;11;7;2;516.6232228008035;39.75484114101408;496.79587808712506;22.917592969612954
11;11;8;2;483.3793255736247;39.405341097982976;496.79587808712506;22.917592969612954
11;11;9;3;402.4180450160181;745.1919058218488;427.96946159953643;726.7264612709849
11;11;10;3;398.3766277181673;724.1627550383079;427.96946159953643;726.7264612709849
11;11;11;3;445.08292355977176;699.3169114353847;427.96946159953643;726.7264612709849
11;11;12;4;563.4428572932619;303.5879621064433;580.7699981545686;283.51438697516386
11;11;13;4;563.4784920929756;262.5184385294711;580.7699981545686;283.51438697516386
11;11;14;4;610.6810148728047;279.6762183208502;580.7699981545686;283.51438697516386
11;12;0;0;21.619404163009314;-110.42124143847487;-3.487211253387138;-88.29808997749947
11;12;1;0;8.780578953160983;-62.6804187338636;-3.487211253387138;-88.29808997749947
11;12;2;1;1.0705294438269561;62.066620717921765;12.86144437453585;60.11094301737529
11;12;3;1;24.211291252940875;75.16633234153748;12.86144437453585;60.11094301737529
11;12;4;1;12.740488523851203;41.81369341186321;12.86144437453585;60.11094301737529
11;12;5;1;28.738567526773984;84.20656245962145;12.86144437453585;60.11094301737529
11;12;6;2;508.7966883627776;-12.454273409169893;527.4100169912964;-2.8268141736115338
11;12;7;2;547.509886402623;1.791302351911657;527.4100169912964;-2.8268141736115338
11;12;8;2;519.654120032653;17.600997881017577;527.4100169912964;-2.8268141736115338
11;12;9;3;413.13903299622854;788.2172917620726;438.9735837685864;765.1830510221399
11;12;10;3;410.5218581204669;768.3507617035605;438.9735837685864;765.1830510221399
11;12;11;3;441.01316560867673;743.9900824241166;438.9735837685864;765.1830510221399
11;12;12;4;597.5193588647068;300.3339760639705;619.9822845907026;275.6152355998208
11;12;13;4;602.082022935513;256.18679067629427;619.9822845907026;275.6152355998208
11;12;14;4;654.4354577894633;267.59880503464717;619.9822845907026;275.6152355998208
11;13;0;0;-6.481955419996715;-139.34001218595878;-28.00130871919774;-119.90598496335292
11;13;1;0;-17.180005211829645;-93.90202714132457;-28.00130871919774;-119.90598496335292
11;13;2;1;-34.17692085504383;33.33280753592315;-11.341092739289223;28.263852141536745
11;13;3;1;0.8619920274172239;52.973695245948356;-11.341092739289223;28.263852141536745
11;13;4;1;-12.789092382634216;9.15062154699001;-11.341092739289223;28.263852141536745
11;13;5;1;2.949836192935777;52.556259233533;-11.341092739289223;28.263852141536745
11;13;6;2;554.0658777261034;-42.47898192916251;558.024155895468;-28.571221316836024
11;13;7;2;579.9349270550744;-13.433053001038658;558.024155895468;-28.571221316836024
11;13;8;2;540.5756975267012;-17.2641713076513;558.024155895468;-28.571221316836024
11;13;9;3;429.64292560398474;824.6453918469243;449.9777059376364;803.6396407732949
11;13;10;3;436.66075334814263;799.6352722128786;449.9777059376364;803.6396407732949
11;13;11;3;462.0675082493398;779.3867487299021;449.9777059376364;803.6396407732949
11;13;12;4;637.2840481907164;289.2481929621412;659.1945710268367;267.7160842244777
11;13;13;4;642.7189204860322;243.1511491570658;659.1945710268367;267.7160842244777
11;13;14;4;697.3339315350267;262.0884118768527;659.1945710268367;267.7160842244777
11;14;0;0;-26.53173955996285;-185.06232929285076;-52.51540618500837;-151.51387994920626
11;14;1;0;-34.39527336485671;-118.44962846462573;-52.51540618500837;-151.51387994920626
11;14;2;1;-61.546173253907654;2.7340828068643854;-35.5436298531143;-3.5832387343018137
11;14;3;1;-30.782269582743876;19.519398962934503;-35.5436298531143;-3.5832387343018137
11;14;4;1;-36.080264556341746;-22.335342073761453;-35.5436298531143;-3.5832387343018137
11;14;5;1;-27.430243451725023;21.260530379175137;-35.5436298531143;-3.5832387343018137
11;14;6;2;575.6074420391839;-78.30660498182144;588.6382947996395;-54.315628460060516
11;14;7;2;604.1193077341039;-41.267205683380176;588.6382947996395;-54.315628460060516
11;14;8;2;577.5131427192553;-38.335907323486495;588.6382947996395;-54.315628460060516
11;14;9;3;440.0197709513748;852.4597013684191;460.9818281066864;842.0962305244499
11;14;10;3;443.491712072804;847.8125532358525;460.9818281066864;842.0962305244499
11;14;11;3;473.687752801561;825.1606042646973;460.9818281066864;842.0962305244499
11;14;12;4;683.300892524078;281.830796773845;698.4068574629707;259.8169328491346
11;14;13;4;682.3132103014818;238.21443415851908;698.4068574629707;259.8169328491346
11;14;14;4;725.5708034319524;250.721316343541;698.4068574629707;259.8169328491346
11;15;0;0;-48.3782082348159;-207.8197105162451;-77.02950365081901;-183.12177493505956
11;15;1;0;-56.005072129703215;-158.1967469103244;-77.02950365081901;-183.12177493505956
11;15;2;1;-91.7385283222733;-28.117210479584017;-59.74616696693937;-35.43032961014037
11;15;3;1;-51.55005728594031;-14.721084415744453;-59.74616696693937;-35.43032961014037
11;15;4;1;-73.91490801732017;-50.911461758376014;-59.74616696693937;-35.43032961014037
11;15;5;1;-42.2295118572041;-12.434563250444736;-59.74616696693937;-35.43032961014037
11;15;6;2;598.1368985355645;-99.70998145855025;619.2524337038111;-80.060035603285
11;15;7;2;626.1685925873841;-71.60264923256045;619.2524337038111;-80.060035603285
11;15;8;2;617.7076824422697;-62.13512086580926;619.2524337038111;-80.060035603285
11;15;9;3;446.1046424639526;891.6243083927989;471.9859502757364;880.5528202756049
11;15;10;3;455.36339326548045;879.4041395897299;471.9859502757364;880.5528202756049
11;15;11;3;481.1761502127978;870.8256464168526;471.9859502757364;880.5528202756049
11;15;12;4;712.9000432660105;275.13393920445134;737.6191438991048;251.9177814737917
11;15;13;4;719.7900106979333;220.753879883274;737.6191438991048;251.9177814737917
11;15;14;4;773.7360062125571;246.572132611035;737.6191438991048;251.9177814737917
11;16;0;0;-71.57297034555516;-247.46595525941044;-101.54360111662965;-214.72966992091287
11;16;1;0;-76.79823474110098;-183.46232263199036;-101.54360111662965;-214.72966992091287
11;16;2;1;-114.28323117086543;-58.48265397385802;-83.94870408076449;-67.27742048597892
11;16;3;1;-82.00469307794752;-46.03129069488132;-83.94870408076449;-67.27742048597892
11;16;4;1;-86.09265776107884;-96.56924823353387;-83.94870408076449;-67.27742048597892
11;16;5;1;-60.347073530975166;-46.68606793315607;-83.94870408076449;-67.27742048597892
11;16;6;2;635.9308476966705;-126.65036507235997;649.8665726079827;-105.8044427465095
11;16;7;2;670.2434837271562;-101.65680795142757;649.8665726079827;-105.8044427465095
11;16;8;2;633.5433503498272;-83.89660453495188;649.8665726079827;-105.8044427465095
11;16;9;3;460.6852983783472;936.1212363638296;482.9900724447864;919.0094100267598
11;16;10;3;455.2585748583973;927.9510799022772;482.9900724447864;919.0094100267598
11;16;11;3;493.69281209775795;904.2182273955988;482.9900724447864;919.0094100267598
11;16;12;4;751.31846300453;261.5688480442135;776.8314303352388;244.0186300984489
11;16;13;4;756.8272696614442;208.62547916312477;776.8314303352388;244.0186300984489
11;16;14;4;814.6546139003691;234.41366915801143;776.8314303352388;244.0186300984489
11;17;0;0;-103.95838683698136;-271.0998588352873;-126.05769858244028;-246.33756490676618
11;17;1;0;-108.06848654102673;-218.03056189971716;-126.05769858244028;-246.33756490676618
11;17;2;1;-129.8509199701983;-97.95878041955791;-108.15124119458963;-99.12451136181747
11;17;3;1;-96.97341194078147;-74.32470931631558;-108.15124119458963;-99.12451136181747
11;17;4;1;-119.08622280964764;-126.86320590326616;-108.15124119458963;-99.12451136181747
11;17;5;1;-94.12790325824886;-83.54603336055855;-108.15124119458963;-99.12451136181747
11;17;6;2;678.0214155747485;-151.07761340802477;680.4807115121542;-131.54884988973396
11;17;7;2;697.5975292902812;-125.22536425095167;680.4807115121542;-131.54884988973396
11;17;8;2;665.7174530968535;-111.3326258666451;680.4807115121542;-131.54884988973396
11;17;9;3;475.51480655158304;971.9503404150292;493.9941946138364;957.4659997779148
11;17;10;3;466.5875472498704;964.0883479738953;493.9941946138364;957.4659997779148
11;17;11;3;501.73191897172126;945.6139475125921;493.9941946138364;957.4659997779148
11;17;12;4;790.2530955751289;259.25818304125943;816.0437167713728;236.1194787231061
11;17;13;4;799.5013870044793;217.60262308952838;816.0437167713728;236.1194787231061
11;17;14;4;840.5342031110556;232.52520731012456;816.0437167713728;236.1194787231061
11;18;0;0;-130.04223271364123;-297.33965263035867;-150.57179604825077;-277.9454598926197
11;18;1;0;-133.66521751419967;-258.8139437425679;-150.57179604825077;-277.9454598926197
11;18;2;1;-156.6086617984161;-133.21815319334652;-132.35377830841477;-130.97160223765601
11;18;3;1;-137.5216032169855;-107.94147713181808;-132.35377830841477;-130.97160223765601
11;18;4;1;-149.62137870402546;-156.38617257712946;-132.35377830841477;-130.97160223765601
11;18;5;1;-111.4902174313698;-98.74538645063393;-132.35377830841477;-130.97160223765601
11;18;6;2;701.6524257774711;-173.16318295487636;711.0948504163258;-157.2932570329583
11;18;7;2;726.6402120349952;-145.86950301814807;711.0948504163258;-157.2932570329583
11;18;8;2;702.1468434417415;-146.2849656390712;711.0948504163258;-157.2932570329583
11;18;9;3;478.002069482797;1011.9600186980457;504.9983167828864;995.9225895290698
11;18;10;3;487.68310896675;999.0199636280582;504.9983167828864;995.9225895290698
11;18;11;3;521.4209030062395;965.5894863418622;504.9983167828864;995.9225895290698
11;18;12;4;841.8586650817314;241.52766884735556;855.2560032075069;228.22032734776332
11;18;13;4;836.7908223971398;206.78897061572985;855.2560032075069;228.22032734776332
11;18;14;4;890.461765425153;223.00284122894155;855.2560032075069;228.22032734776332
11;19;0;0;-156.9673095451522;-333.05739473703244;-175.08589351406127;-309.5533548784733
11;19;1;0;-166.69935391755797;-287.2864925593774;-175.08589351406127;-309.5533548784733
11;19;2;1;-182.0871409817871;-166.42871113843523;-156.55631542223992;-162.81869311349456
11;19;3;1;-144.12612018428064;-137.13321036073881;-156.55631542223992;-162.81869311349456
11;19;4;1;-164.8956703273584;-186.3305177086792;-156.55631542223992;-162.81869311349456
11;19;5;1;-140.84734418816186;-149.4052975721778;-156.55631542223992;-162.81869311349456
11;19;6;2;732.3153246696439;-198.36254951405846;741.7089893204974;-183.03766417618266
11;19;7;2;759.8660074112656;-170.4145752016005;741.7089893204974;-183.03766417618266
11;19;8;2;729.3800744762606;-162.55464243582588;741.7089893204974;-183.03766417618266
11;19;9;3;491.4350311873354;1047.0783604616015;516.0024389519366;1034.3791792802244
11;19;10;3;486.23378521629786;1037.5109511185751;516.0024389519366;1034.3791792802244
11;19;11;3;529.1456720414117;1002.736615463834;516.0024389519366;1034.3791792802244
11;19;12;4;868.3740048077331;231.4289195320188;894.4682896436409;220.32117597242052
11;19;13;4;871.5131391783233;196.76655712906157;894.4682896436409;220.32117597242052
11;19;14;4;922.0266294700383;215.61086435948278;894.4682896436409;220.32117597242052
12;0;0;0;284.8127283767715;36.20584977128822;268.2503986178717;59.861119125236996
12;0;1;0;287.93405924181957;94.17765602858678;268.2503986178717;59.861119125236996
12;0;2;1;256.18972431369383;130.95851086423212;279.33825742578506;129.20834327496908
12;0;3;1;284.06610694963484;154.17273171434005;279.33825742578506;129.20834327496908
12;0;4;1;264.86878356079734;96.91583242223186;279.33825742578506;129.20834327496908
12;0;5;1;294.319518645621;146.95062485634378;279.33825742578506;129.20834327496908
12;0;6;2;221.8900598421464;354.29489487778085;239.2795502459174;369.22009043603896
12;0;7;2;253.43989584590807;385.0051541082395;239.2795502459174;369.22009043603896
12;0;8;2;225.86136039079287;386.094096018379;239.2795502459174;369.22009043603896
12;0;9;3;123.71623693701716;397.6403443609728;148.8676569275973;384.0691244196194
12;0;10;3;112.10233157445298;382.00848526989284;148.8676569275973;384.0691244196194
12;0;11;3;166.34872132295925;364.3576198259607;148.8676569275973;384.0691244196194
12;0;12;4;103.0619019761603;456.4149339214768;126.80806296510036;437.79687887221365
12;0;13;4;109.23278975072104;412.4059802286502;126.80806296510036;437.79687887221365
12;0;14;4;150.0207772221071;432.7437079444871;126.80806296510036;437.79687887221365
12;1;0;0;327.6798880608576;25.5818681584704;308.1578768246028;57.142078268745024
12;1;1;0;328.04334275998485;94.74897309767078;308.1578768246028;57.142078268745024
12;1;2;1;284.52068439767424;160.34163387804912;305.5925661992211;159.38633642940306
12;1;3;1;318.91359062120284;179.92491255732747;305.5925661992211;159.38633642940306
12;1;4;1;297.88254663600856;137.6775988393089;305.5925661992211;159.38633642940306
12;1;5;1;316.1884670142014;177.80649864206563;305.5925661992211;159.38633642940306
12;1;6;2;239.6059396081793;391.2218133232679;255.4414133599738;405.80962692780804
12;1;7;2;258.6039776417432;411.5875668439007;255.4414133599738;405.80962692780804
12;1;8;2;241.05150730466244;420.9189139471557;255.4414133599738;405.80962692780804
12;1;9;3;124.22779966951441;351.6551470180969;152.8498371089089;344.2678400056264
12;1;10;3;130.7138678069672;354.4111570379643;152.8498371089089;344.2678400056264
12;1;11;3;163.51894341977518;338.8929704749509;152.8498371089089;344.2678400056264
12;1;12;4;149.2105294848944;462.4222768453652;166.29182524590357;444.20254169139406
12;1;13;4;148.2435231205326;415.9879122142017;166.29182524590357;444.20254169139406
12;1;14;4;194.73936457494125;440.6982070772183;166.29182524590357;444.20254169139406
12;2;0;0;370.4605401779964;37.16608394081844;348.06535503133387;54.42303741225305
12;2;1;0;353.9804956564599;82.77571315564674;348.06535503133387;54.42303741225305
12;2;2;1;299.6314253202233;191.84955443196782;331.84687497265713;189.56432958383704
12;2;3;1;332.78770802320105;220.3096417813543;331.84687497265713;189.56432958383704
12;2;4;1;324.2437749294091;163.46855373036993;331.84687497265713;189.56432958383704
12;2;5;1;343.66749720994227;208.48400703206187;331.84687497265713;189.56432958383704
12;2;6;2;263.61881061979284;419.17211017028546;271.6032764740305;442.3991634195771
12;2;7;2;298.6336273868175;451.01678961225946;271.6032764740305;442.3991634195771
12;2;8;2;252.61578765248177;460.09230036097733;271.6032764740305;442.3991634195771
12;2;9;3;133.54691513326298;321.0636841151364;156.8320172902205;304.4665555916334
12;2;10;3;128.95405447515955;308.4704404210675;156.8320172902205;304.4665555916334
12;2;11;3;170.25996389902875;284.53259266470855;156.8320172902205;304.4665555916334
12;2;12;4;174.47829303292283;473.00082411024914;205.77558752670677;450.60820451057447
12;2;13;4;192.39520586690833;423.51840651137326;205.77558752670677;450.60820451057447
12;2;14;4;234.80081990236377;434.175140854959;205.77558752670677;450.60820451057447
12;3;0;0;406.6962850760853;19.22365407861584;387.97283323806494;51.70399655576108
12;3;1;0;407.2961142836504;83.95293009905194;387.97283323806494;51.70399655576108
12;3;2;1;339.31622966097206;226.01374136471907;358.10118374609317;219.742322738271
12;3;3;1;361.7822715386252;242.75208587563174;358.10118374609317;219.742322738271
12;3;4;1;346.41828130386523;188.42790229609986;358.10118374609317;219.742322738271
12;3;5;1;374.2170563913257;248.5424874625391;358.10118374609317;219.742322738271
12;3;6;2;276.446465933106;461.62115611745907;287.7651395880872;478.9886999113462
12;3;7;2;305.8815349947114;482.4444899804642;287.7651395880872;478.9886999113462
12;3;8;2;273.04485325705593;502.98996457934066;287.7651395880872;478.9886999113462
12;3;9;3;133.8415031774903;284.9202372123735;160.8141974715321;264.66527117764036
12;3;10;3;125.2590978820575;268.6256264933563;160.8141974715321;264.66527117764036
12;3;11;3;176.217415039933;242.92926352139435;160.8141974715321;264.66527117764036
12;3;12;4;224.12873273528058;472.9468649425834;245.25934980750998;457.0138673297549
12;3;13;4;234.60408832914237;436.56012687475345;245.25934980750998;457.0138673297549
12;3;14;4;283.02755594497484;445.75930214842595;245.25934980750998;457.0138673297549
12;4;0;0;452.9276446578513;27.529590726222466;427.880311444796;48.98495569926911
12;4;1;0;452.99808549282244;79.54304346675463;427.880311444796;48.98495569926911
12;4;2;1;371.2229517442502;254.60905178323637;384.3554925195292;249.920315892705
12;4;3;1;391.225831676;272.3811629009152;384.3554925195292;249.920315892705
12;4;4;1;378.9509023493715;230.92422131854184;384.3554925195292;249.920315892705
12;4;5;1;408.98667586054603;266.9280682960806;384.3554925195292;249.920315892705
12;4;6;2;289.02691853718466;499.64360909758807;303.9270027021439;515.5782364031153
12;4;7;2;320.4845101687201;529.5104778568425;303.9270027021439;515.5782364031153
12;4;8;2;285.964128883629;535.5467961944736;303.9270027021439;515.5782364031153
12;4;9;3;139.26711504771723;248.47558818345118;164.79637765284372;224.86398676364735
12;4;10;3;138.53985189864215;228.22189636158154;164.79637765284372;224.86398676364735
12;4;11;3;168.40315984831196;208.06455036553595;164.79637765284372;224.86398676364735
12;4;12;4;264.248887787252;479.83046008512616;284.74311208831296;463.4195301489353
12;4;13;4;277.6154864052181;432.2589272677719;284.74311208831296;463.4195301489353
12;4;14;4;310.31057783093576;450.1276789996324;284.74311208831296;463.4195301489353
12;5;0;0;483.0984055890319;23.675432327888508;467.7877896515271;46.265914842777136
12;5;1;0;487.5723164916794;68.31108223462707;467.7877896515271;46.265914842777136
12;5;2;1;389.5843377123912;280.4994669203518;410.60980129296524;280.0983090471392
12;5;3;1;415.44415883058053;299.6223893544314;410.60980129296524;280.0983090471392
12;5;4;1;400.5301691379737;259.05234815715363;410.60980129296524;280.0983090471392
12;5;5;1;425.4829525055768;308.7068467464451;410.60980129296524;280.0983090471392
12;5;6;2;300.4380720039962;532.2331192622323;320.0888658162006;552.1677728948849
12;5;7;2;345.6555848299982;568.2494461616241;320.0888658162006;552.1677728948849
12;5;8;2;296.90475838573286;569.5357176934205;320.0888658162006;552.1677728948849
12;5;9;3;152.052668281514;197.88555661871933;168.77855783415532;185.06270234965433
12;5;10;3;144.7666652235471;189.60631755807958;168.77855783415532;185.06270234965433
12;5;11;3;173.19742126032202;160.58574350182957;168.77855783415532;185.06270234965433
12;5;12;4;305.8129755861953;487.40926863698377;324.2268743691159;469.8251929681157
12;5;13;4;302.91248314573323;447.31621900623946;324.2268743691159;469.8251929681157
12;5;14;4;350.0867077563005;466.2303537508516;324.2268743691159;469.8251929681157
12;6;0;0;529.9155638386318;16.843896652908764;507.69526785825815;43.54687398628516
12;6;1;0;519.7788456741774;71.4132205891743;507.69526785825815;43.54687398628516
12;6;2;1;410.71570038884204;306.4612952531704;436.8641100664013;310.27630220157346
12;6;3;1;455.2245573988758;340.08753560415727;436.8641100664013;310.27630220157346
12;6;4;1;423.58073931262714;283.1397568671549;436.8641100664013;310.27630220157346
12;6;5;1;455.5502670214368;335.0813524215747;436.8641100664013;310.27630220157346
12;6;6;2;324.7474045057342;570.9605932585669;336.2507289302573;588.7573093866546
12;6;7;2;350.9666446788176;603.4232651382358;336.2507289302573;588.7573093866546
12;6;8;2;323.3564456573286;608.5768584152152;336.2507289302573;588.7573093866546
12;6;9;3;149.64532667100065;166.29702917544682;172.76073801546693;145.2614179356613
12;6;10;3;141.92197699861256;151.92828763812102;172.76073801546693;145.2614179356613
12;6;11;3;183.25031963926577;127.19940805334633;172.76073801546693;145.2614179356613
12;6;12;4;346.55640992639525;492.1949743278225;363.7106366499188;476.2308557872961
12;6;13;4;336.2668373941992;447.75919363464595;363.7106366499188;476.2308557872961
12;6;14;4;398.8151913035236;466.8229123873391;363.7106366499188;476.2308557872961
12;7;0;0;561.7215586851654;21.701517158349887;547.6027460649897;40.82783312979319
12;7;1;0;576.7175745988264;66.03591894564538;547.6027460649897;40.82783312979319
12;7;2;1;436.12171785166265;343.74320534178645;463.1184188398373;340.4542953560077
12;7;3;1;460.1932857892691;365.68568257163804;463.1184188398373;340.4542953560077
12;7;4;1;450.56484850670347;317.7373452117865;463.1184188398373;340.4542953560077
12;7;5;1;477.08932443369446;353.41291824528383;463.1184188398373;340.4542953560077
12;7;6;2;335.3690134963827;611.9490219491803;352.412592044314;625.3468458784242
12;7;7;2;366.47772192199625;635.7175948842214;352.412592044314;625.3468458784242
12;7;8;2;326.3797462909488;649.1600855419883;352.412592044314;625.3468458784242
12;7;9;3;154.145921762255;121.0738093526458;176.74291819677853;105.4601335216683
12;7;10;3;159.7718041729339;104.28836453233411;176.74291819677853;105.4601335216683
12;7;11;3;194.25483375596596;84.13043268429135;176.74291819677853;105.4601335216683
12;7;12;4;381.3829678376149;506.48315461649497;403.1943989307217;482.6365186064765
12;7;13;4;389.8517541514966;464.34201941828286;403.1943989307217;482.6365186064765
12;7;14;4;428.8395578758561;475.1277377094374;403.1943989307217;482.6365186064765
12;8;0;0;619.5381438645982;17.366309469855118;587.5102242717213;38.10879227330122
12;8;1;0;594.929931156187;70.42998565706172;587.5102242717213;38.10879227330122
12;8;2;1;465.50257164935357;376.4114480825841;489.37272761327336;370.632288510442
12;8;3;1;489.9409263083817;391.44870201299284;489.37272761327336;370.632288510442
12;8;4;1;481.42381660993976;340.7686198316565;489.37272761327336;370.632288510442
12;8;5;1;505.97164650719066;390.4823329136932;489.37272761327336;370.632288510442
12;8;6;2;352.0797738431846;651.2385470321177;368.5744551583707;661.9363823701939
12;8;7;2;391.22919709561904;673.0694238716566;368.5744551583707;661.9363823701939
12;8;8;2;360.78091386391503;674.1675796435399;368.5744551583707;661.9363823701939
12;8;9;3;149.7407688003854;80.78695722568204;180.72509837809014;65.65884910767528
12;8;10;3;158.63063224429024;73.15254786418072;180.72509837809014;65.65884910767528
12;8;11;3;188.30173310601282;38.552681180529085;180.72509837809014;65.65884910767528
12;8;12;4;423.3476482916938;508.2786629150088;442.67816121152464;489.0421814256569
12;8;13;4;416.22154885132085;468.092991030455;442.67816121152464;489.0421814256569
12;8;14;4;469.89605159747543;484.63234048763115;442.67816121152464;489.0421814256569
12;9;0;0;647.374598764791;16.39536583376181;627.417702478453;35.38975141680925
12;9;1;0;649.4578572180018;84.43185235546714;627.417702478453;35.38975141680925
12;9;2;1;494.4215360954355;404.9788005315296;515.6270363867095;400.81028166487624
12;9;3;1;525.8199240315735;426.06896838745143;515.6270363867095;400.81028166487624
12;9;4;1;501.5003462262565;371.9546372967942;515.6270363867095;400.81028166487624
12;9;5;1;540.0114437287694;420.93022102621234;515.6270363867095;400.81028166487624
12;9;6;2;377.47984545861584;681.5297987868211;384.7363182724274;698.5259188619635
12;9;7;2;397.1511236682302;704.2540013842596;384.7363182724274;698.5259188619635
12;9;8;2;374.07559149373645;720.2869146152705;384.7363182724274;698.5259188619635
12;9;9;3;162.37426397944262;36.31530293801099;184.70727855940174;25.857564693682193
12;9;10;3;154.94707598709687;24.792583296213117;184.70727855940174;25.857564693682193
12;9;11;3;193.1375162513137;11.582076503692335;184.70727855940174;25.857564693682193
12;9;12;4;452.1323669624686;516.9739453708045;482.16192349232756;495.4478442448373
12;9;13;4;469.4506620026708;478.641210626722;482.16192349232756;495.4478442448373
12;9;14;4;518.8342065671139;482.1592846527978;482.16192349232756;495.4478442448373
12;10;0;0;685.2792637954907;4.946754657264412;667.3251806851846;32.670710560317275
12;10;1;0;690.82404889163;62.13735759850345;667.3251806851846;32.670710560317275
12;10;2;1;518.7471360197769;434.454899235212;541.8813451601461;430.9882748193105
12;10;3;1;553.2646779100802;451.490569041664;541.8813451601461;430.9882748193105
12;10;4;1;537.7543392653025;412.1348362789963;541.8813451601461;430.9882748193105
12;10;5;1;555.9010512660708;452.6036239636986;541.8813451601461;430.9882748193105
12;10;6;2;387.58911908055904;720.9857269308651;400.8981813864841;735.1154553537332
12;10;7;2;424.04866498737425;747.7588362182986;400.8981813864841;735.1154553537332
12;10;8;2;377.3187615912908;747.6686378313472;400.8981813864841;735.1154553537332
12;10;9;3;170.20443201703904;-11.806743108299727;188.68945874071335;-13.943719720310883
12;10;10;3;159.57281820055718;-10.198055852978861;188.68945874071335;-13.943719720310883
12;10;11;3;201.2577582108657;-39.26875520104231;188.68945874071335;-13.943719720310883
12;10;12;4;506.94450222879476;523.7019163101911;521.6456857731305;501.8535070640177
12;10;13;4;515.5675804244305;483.36521687193124;521.6456857731305;501.8535070640177
12;10;14;4;542.2190077871021;491.37723248295737;521.6456857731305;501.8535070640177
12;11;0;0;730.969135148343;6.534069222417463;707.2326588919162;29.951669703825303
12;11;1;0;720.7753379991569;62.66840350456303;707.2326588919162;29.951669703825303
12;11;2;1;532.3348630086016;458.4149070609645;568.1356539335827;461.16626797374477
12;11;3;1;575.3747696879641;477.61700000644873;568.1356539335827;461.16626797374477
12;11;4;1;553.8637029446106;433.1612147430277;568.1356539335827;461.16626797374477
12;11;5;1;582.7381986124228;481.3979746773509;568.1356539335827;461.16626797374477
12;11;6;2;410.06998441023586;745.5603690963238;417.0600445005408;771.7049918455028
12;11;7;2;428.8902553849811;776.6053122690515;417.0600445005408;771.7049918455028
12;11;8;2;405.66296605466215;783.3716720433189;417.0600445005408;771.7049918455028
12;11;9;3;180.34351419438616;-45.82572788459666;192.67163892202495;-53.74500413430397
12;11;10;3;170.97050893405293;-51.06414273982255;192.67163892202495;-53.74500413430397
12;11;11;3;208.81980101480806;-81.51200638912769;192.67163892202495;-53.74500413430397
12;11;12;4;526.1888250831386;526.8106888665405;561.1294480539334;508.2591698831981
12;11;13;4;541.5071319420364;483.2152433696974;561.1294480539334;508.2591698831981
12;11;14;4;590.0130537945695;502.8541927461408;561.1294480539334;508.2591698831981
12;12;0;0;767.6019317805731;12.824740108780945;747.1401370986479;27.23262884733333
12;12;1;0;760.5775287312135;62.14221286818297;747.1401370986479;27.23262884733333
12;12;2;1;576.9474841479898;500.96671156301556;594.3899627070193;491.344261128179
12;12;3;1;604.7202519191665;522.0830117669909;594.3899627070193;491.344261128179
12;12;4;1;579.6058420856244;475.00496014448584;594.3899627070193;491.344261128179
12;12;5;1;607.3811984104575;514.999068535447;594.3899627070193;491.344261128179
12;12;6;2;418.46757374650696;799.031322397152;433.2219076145975;808.2945283372725
12;12;7;2;452.9342896248546;819.2273217750133;433.2219076145975;808.2945283372725
12;12;8;2;412.9520152670846;820.9668819572689;433.2219076145975;808.2945283372725
12;12;9;3;172.96258930527128;-81.28803994757784;196.65381910333656;-93.546288548297
12;12;10;3;170.78221850627173;-76.9151749189252;196.65381910333656;-93.546288548297
12;12;11;3;211.21827962659756;-118.36679987991033;196.65381910333656;-93.546288548297
12;12;12;4;582.4996450858733;528.6881233815595;600.6132103347363;514.6648327023786
12;12;13;4;578.7105996426237;491.4405638190862;600.6132103347363;514.6648327023786
12;12;14;4;624.3044573307964;509.7494228533508;600.6132103347363;514.6648327023786
12;13;0;0;804.3750691264945;3.2532303449665037;787.0476153053795;24.51358799084136
12;13;1;0;799.580004866969;52.716973521405706;787.0476153053795;24.51358799084136
12;13;2;1;593.0167505760667;527.3553220817364;620.6442714804559;521.5222542826133
12;13;3;1;637.3287444059129;551.6078104651217;620.6442714804559;521.5222542826133
12;13;4;1;618.2165950601176;496.368673692152;620.6442714804559;521.5222542826133
12;13;5;1;647.2737264369167;538.2930030214267;620.6442714804559;521.5222542826133
12;13;6;2;436.3794385021476;826.2905240709575;449.3837707286542;844.8840648290421
12;13;7;2;469.9933605525389;855.1232746805383;449.3837707286542;844.8840648290421
12;13;8;2;435.3423462919423;857.041641733573;449.3837707286542;844.8840648290421
12;13;9;3;180.22928474593886;-117.37614961500275;200.63599928464816;-133.34757296229003
12;13;10;3;177.9360830621809;-141.54642971308817;200.63599928464816;-133.34757296229003
12;13;11;3;217.71569006018797;-155.02687155018867;200.63599928464816;-133.34757296229003
12;13;12;4;616.9632633582698;537.9919243211239;640.0969726155392;521.070495521559
12;13;13;4;619.3277415403603;500.6505925730443;640.0969726155392;521.070495521559
12;13;14;4;667.1788935451216;516.8242915563504;640.0969726155392;521.070495521559
12;14;0;0;850.9960039026158;8.067789748086398;826.9550935121111;21.794547134349386
12;14;1;0;845.1339635150508;51.489266450791455;826.9550935121111;21.794547134349386
12;14;2;1;625.1708415091936;558.1000247750285;646.8985802538925;551.7002474370476
12;14;3;1;663.3275500347024;570.0117136434848;646.8985802538925;551.7002474370476
12;14;4;1;646.7135522340529;529.3256251511772;646.8985802538925;551.7002474370476
12;14;5;1;659.4576462048092;567.0824162784539;646.8985802538925;551.7002474370476
12;14;6;2;452.2174695025172;864.9237294367402;465.5456338427109;881.4736013208118
12;14;7;2;485.64856993447785;894.0586777943747;465.5456338427109;881.4736013208118
12;14;8;2;458.5142081347811;893.75082667325;465.5456338427109;881.4736013208118
12;14;9;3;186.61531267007913;-154.31594800222;204.61817946595977;-173.14885737628305
12;14;10;3;178.10666289776697;-180.6220387841247;204.61817946595977;-173.14885737628305
12;14;11;3;212.01351243209245;-201.81897070182276;204.61817946595977;-173.14885737628305
12;14;12;4;656.9864009860908;552.2261656623973;679.5807348963422;527.4761583407394
12;14;13;4;671.3682396013338;496.64913251253626;679.5807348963422;527.4761583407394
12;14;14;4;703.0187805523765;524.055719543921;679.5807348963422;527.4761583407394
12;15;0;0;883.8452708430478;-9.69410910579838;866.8625717188428;19.075506277857414
12;15;1;0;883.774094246548;45.48521675027484;866.8625717188428;19.075506277857414
12;15;2;1;649.8513258317611;585.639296991639;673.1528890273291;581.8782405914818
12;15;3;1;678.9178073442736;612.1575159765498;673.1528890273291;581.8782405914818
12;15;4;1;673.6953741061016;559.8557647144664;673.1528890273291;581.8782405914818
12;15;5;1;690.8883965289697;598.1471603060505;673.1528890273291;581.8782405914818
12;15;6;2;475.0178395837946;902.0854160118411;481.7074969567676;918.0631378125814
12;15;7;2;501.94587357261804;928.5922191077807;481.7074969567676;918.0631378125814
12;15;8;2;459.85758607532;930.9944844386528;481.7074969567676;918.0631378125814
12;15;9;3;184.56793149278244;-193.4682287249653;208.60035964727138;-212.95014179027606
12;15;10;3;176.9867619623846;-193.6298651765165;208.60035964727138;-212.95014179027606
12;15;11;3;218.96654267417733;-237.75710147757832;208.60035964727138;-212.95014179027606
12;15;12;4;694.8007349858885;553.0279579317179;719.0644971771451;533.8818211599198
12;15;13;4;711.9524227587228;510.4183807305448;719.0644971771451;533.8818211599198
12;15;14;4;743.589861650421;532.3473875258445;719.0644971771451;533.8818211599198
12;16;0;0;932.1878388943895;-10.00305461185478;906.7700499255744;16.356465421365442
12;16;1;0;921.4285848364706;55.12237690861259;906.7700499255744;16.356465421365442
12;16;2;1;680.0116341514937;612.8894902776532;699.4071978007657;612.0562337459161
12;16;3;1;704.7606707632838;641.8227426879049;699.4071978007657;612.0562337459161
12;16;4;1;694.3715081341799;593.8442651677952;699.4071978007657;612.0562337459161
12;16;5;1;723.8344844254818;628.6975025754579;699.4071978007657;612.0562337459161
12;16;6;2;487.186468803245;933.4054988017297;497.8693600708243;954.6526743043511
12;16;7;2;520.9408971245656;960.3577339611556;497.8693600708243;954.6526743043511
12;16;8;2;478.3455497553916;962.8262088878189;497.8693600708243;954.6526743043511
12;16;9;3;184.90717142540035;-240.14132164725507;212.58253982858298;-252.75142620426908
12;16;10;3;186.91169358503515;-252.19010144522338;212.58253982858298;-252.75142620426908
12;16;11;3;220.13278667038844;-275.02330302143645;212.58253982858298;-252.75142620426908
12;16;12;4;729.8583908556714;555.0951359783601;758.548259457948;540.2874839791002
12;16;13;4;749.3668676115326;523.3166032867108;758.548259457948;540.2874839791002
12;16;14;4;788.6137306777729;531.5929517172733;758.548259457948;540.2874839791002
12;17;0;0;968.963867053831;-10.075799710638652;946.6775281323061;13.63742456487347
12;17;1;0;967.4790051269553;37.10227354532598;946.6775281323061;13.63742456487347
12;17;2;1;698.4191095873307;646.9067389938207;725.6615065742023;642.2342269003503
12;17;3;1;728.0806658722755;660.9094587286045;725.6615065742023;642.2342269003503
12;17;4;1;714.0982980194874;620.8292573953094;725.6615065742023;642.2342269003503
12;17;5;1;746.2961460507644;656.0790384678949;725.6615065742023;642.2342269003503
12;17;6;2;497.16673123704004;971.7822724667901;514.0312231848809;991.2422107961207
12;17;7;2;531.681749308138;996.4603119865503;514.0312231848809;991.2422107961207
12;17;8;2;496.0673275664214;1010.2717065870871;514.0312231848809;991.2422107961207
12;17;9;3;191.60053809838146;-283.95566002221767;216.5647200098946;-292.5527106182621
12;17;10;3;188.43265095412426;-291.6020434158861;216.5647200098946;-292.5527106182621
12;17;11;3;231.01223960047017;-316.7402613519705;216.5647200098946;-292.5527106182621
12;17;12;4;768.0638457003705;577.5647124921785;798.0320217387509;546.6931467982806
12;17;13;4;782.1499036057508;517.640781237061;798.0320217387509;546.6931467982806
12;17;14;4;823.9067844875152;547.2728035342178;798.0320217387509;546.6931467982806
12;18;0;0;997.7708255106276;-17.08465733503065;986.5850063390377;10.918383708381498
12;18;1;0;1009.3605805441424;41.6363400000011;986.5850063390377;10.918383708381498
12;18;2;1;729.4334651945795;675.5284169908712;751.915815347639;672.4122200547846
12;18;3;1;759.7018520083858;698.1028538108442;751.915815347639;672.4122200547846
12;18;4;1;746.9027871701555;644.3927543341226;751.915815347639;672.4122200547846
12;18;5;1;779.370062933397;693.2851808197124;751.915815347639;672.4122200547846
12;18;6;2;519.7565249606286;1009.8613081047283;530.193086298937;1027.8317472878903
12;18;7;2;554.156935281891;1039.1203890477443;530.193086298937;1027.8317472878903
12;18;8;2;509.18854894067795;1045.6644075127354;530.193086298937;1027.8317472878903
12;18;9;3;190.18907986124304;-320.93913355681;220.5469001912062;-332.3539950322551
12;18;10;3;202.41687787076427;-323.0554106346267;220.5469001912062;-332.3539950322551
12;18;11;3;222.64401230330395;-351.96480642393095;220.5469001912062;-332.3539950322551
12;18;12;4;821.3784854342704;578.4398229863846;837.5157840195538;553.098809617461
12;18;13;4;825.7071538980722;533.3282574623483;837.5157840195538;553.098809617461
12;18;14;4;869.8342777146825;551.604290068057;837.5157840195538;553.098809617461
12;19;0;0;1042.6204635760535;-18.483228926822804;1026.4924845457692;8.199342851889526
12;19;1;0;1038.5210534405999;39.71173193310629;1026.4924845457692;8.199342851889526
12;19;2;1;758.6674315725999;707.4945951945351;778.1701241210756;702.5902132092189
12;19;3;1;798.4097785526196;727.5904212129769;778.1701241210756;702.5902132092189
12;19;4;1;776.8426415907961;677.6920879847819;778.1701241210756;702.5902132092189
12;19;5;1;789.9649859292599;710.8968668357086;778.1701241210756;702.5902132092189
12;19;6;2;528.8262494423586;1062.1366158748099;546.3549494129932;1064.42128377966
12;19;7;2;560.3665677797702;1070.9530043337977;546.3549494129932;1064.42128377966
12;19;8;2;528.1321694050645;1076.896164514653;546.3549494129932;1064.42128377966
12;19;9;3;200.1059647191699;-356.90900635784783;224.5290803725178;-372.15527944624813
12;19;10;3;202.00380502527213;-367.0493114420459;224.5290803725178;-372.15527944624813
12;19;11;3;246.13614837382215;-394.27814555852945;224.5290803725178;-372.15527944624813
12;19;12;4;856.4953629018326;583.0990906377224;876.9995463003568;559.5044724366414
12;19;13;4;858.8206117799579;536.4955496496638;876.9995463003568;559.5044724366414
12;19;14;4;909.1046676538673;545.7268056739961;876.9995463003568;559.5044724366414
13;0;0;0;396.521483475595;102.93984031699812;369.5022406803572;125.27217004736441
13;0;1;0;381.1192207699557;156.89732377290005;369.5022406803572;125.27217004736441
13;0;2;1;86.20807609277107;167.38458901686548;106.35317153634465;166.30501645867258
13;0;3;1;120.17650003372796;190.73201082955006;106.35317153634465;166.30501645867258
13;0;4;1;104.83652063424826;140.55688016743233;106.35317153634465;166.30501645867258
13;0;5;1;123.24698906930587;180.56174141247897;106.35317153634465;166.30501645867258
13;0;6;2;208.14879597405056;58.510132386152954;219.0799569812909;77.39909531624662
13;0;7;2;244.32292248146464;94.09771963549022;219.0799569812909;77.39909531624662
13;0;8;2;210.44451220803717;83.80580043832371;219.0799569812909;77.39909531624662
13;0;9;3;130.8217685431204;405.0879257782517;150.2439147108256;390.9935293508876
13;0;10;3;133.67860112017325;388.897359635062;150.2439147108256;390.9935293508876
13;0;11;3;162.66210377200895;361.80856242164464;150.2439147108256;390.9935293508876
13;0;12;4;104.19245779430729;326.8190765855395;119.63104104227318;304.7443630444984
13;0;13;4;102.75084765923071;281.2998616105503;119.63104104227318;304.7443630444984
13;0;14;4;134.0658943758253;296.16839789716863;119.63104104227318;304.7443630444984
13;1;0;0;380.6259799262318;51.26521342250936;360.4618592201741;86.3071664793628
13;1;1;0;372.32704205200577;112.08413652842995;360.4618592201741;86.3071664793628
13;1;2;1;118.3866365212954;193.6127087275969;143.09433218225016;182.1191593185232
13;1;3;1;152.01244410481;200.35198453045416;143.09433218225016;182.1191593185232
13;1;4;1;139.30153616975497;166.68625082225702;143.09433218225016;182.1191593185232
13;1;5;1;167.8611993046475;193.22986080149747;143.09433218225016;182.1191593185232
13;1;6;2;244.9342660939487;64.81711540146324;255.37713738953093;94.2072687569177
13;1;7;2;271.89440345062815;91.13689126460825;255.37713738953093;94.2072687569177
13;1;8;2;247.82869232346198;112.74369753072337;255.37713738953093;94.2072687569177
13;1;9;3;96.62530053811828;406.6085109589853;110.31292992289879;388.6448161145906
13;1;10;3;84.81544749058925;396.33225192861534;110.31292992289879;388.6448161145906
13;1;11;3;115.77498498161657;357.19726706441924;110.31292992289879;388.6448161145906
13;1;12;4;116.15929066720363;284.48170839580825;137.49701768590177;268.95600071022375
13;1;13;4;119.73473243343983;253.86755845513;137.49701768590177;268.95600071022375
13;1;14;4;162.14465212563704;252.8545636386283;137.49701768590177;268.95600071022375
13;2;0;0;378.3461727392002;25.87380032732689;351.42147775999103;47.3421629113612
13;2;1;0;371.65840096843993;67.38156439370741;351.42147775999103;47.3421629113612
13;2;2;1;148.25067488640929;203.58865202224877;179.83549282815565;197.93330217837382
13;2;3;1;189.36398770323183;219.51943994003244;179.83549282815565;197.93330217837382
13;2;4;1;173.33145984038052;184.05808040808438;179.83549282815565;197.93330217837382
13;2;5;1;197.3811606557043;216.13141489529573;179.83549282815565;197.93330217837382
13;2;6;2;278.75284432180933;93.20302762195382;291.6743177977709;111.01544219758878
13;2;7;2;310.73093267595266;121.21886554442779;291.6743177977709;111.01544219758878
13;2;8;2;283.6785352074838;126.82566722005522;291.6743177977709;111.01544219758878
13;2;9;3;47.925025731586864;391.1826304972413;70.38194513497204;386.29610287829354
13;2;10;3;38.35205790556115;382.31960037868356;70.38194513497204;386.29610287829354
13;2;11;3;85.61920627985532;361.1367475622484;70.38194513497204;386.29610287829354
13;2;12;4;135.05973787541177;246.02370271221753;155.36299432953035;233.16763837594928
13;2;13;4;135.64855257437858;207.28752827486122;155.36299432953035;233.16763837594928
13;2;14;4;185.90227937218737;232.4646180320405;155.36299432953035;233.16763837594928
13;3;0;0;364.697659335695;-13.691864146945623;342.38109629980795;8.377159343359573
13;3;1;0;358.8914253707085;37.8198245875629;342.38109629980795;8.377159343359573
13;3;2;1;197.64230361150743;217.05195918671373;216.57665347406115;213.74744503822444
13;3;3;1;221.22626078415567;238.34219953293453;216.57665347406115;213.74744503822444
13;3;4;1;211.4092384415509;191.53037350532077;216.57665347406115;213.74744503822444
13;3;5;1;235.30613222981478;224.81310778244526;216.57665347406115;213.74744503822444
13;3;6;2;325.6051825476129;104.91346104220439;327.97149820601095;127.82361563825987
13;3;7;2;355.08115231492184;147.33926024144938;327.97149820601095;127.82361563825987
13;3;8;2;306.33236467350383;142.7019546276095;327.97149820601095;127.82361563825987
13;3;9;3;4.899599118161671;393.61208002913014;30.450960347045232;383.9473896419965
13;3;10;3;-2.1263024346498263;388.818738068527;30.450960347045232;383.9473896419965
13;3;11;3;47.03633687559666;362.2033342476964;30.450960347045232;383.9473896419965
13;3;12;4;158.50903645388317;222.14779488706733;173.22897097315894;197.3792760416749
13;3;13;4;158.31017932733477;166.99107684601722;173.22897097315894;197.3792760416749
13;3;14;4;187.51530763785527;183.56325268437385;173.22897097315894;197.3792760416749
13;4;0;0;358.3471642109959;-52.17134179402803;333.34071483962487;-30.58784422464206
13;4;1;0;352.03312617295444;0.06287310145207048;333.34071483962487;-30.58784422464206
13;4;2;1;225.91690565712432;233.7920785607737;253.31781411996664;229.56158789807506
13;4;3;1;269.2205973993854;249.3217729874957;253.31781411996664;229.56158789807506
13;4;4;1;243.30401089702283;209.7555241506553;253.31781411996664;229.56158789807506
13;4;5;1;273.5585516257511;249.00919658941518;253.31781411996664;229.56158789807506
13;4;6;2;344.24384209418986;125.4479923826453;364.268678614251;144.6317890789308
13;4;7;2;380.2960192465452;160.47628956808228;364.268678614251;144.6317890789308
13;4;8;2;352.151408205532;159.17143316838883;364.268678614251;144.6317890789308
13;4;9;3;-23.704986805006726;395.51873168830775;-9.480024440881584;381.59867640569945
13;4;10;3;-32.49442671115466;388.2587128940205;-9.480024440881584;381.59867640569945
13;4;11;3;3.132547547847977;347.9873662235973;-9.480024440881584;381.59867640569945
13;4;12;4;168.544731861217;180.14379055973163;191.09494761678752;161.59091370740052
13;4;13;4;179.17092006399304;131.93614031629684;191.09494761678752;161.59091370740052
13;4;14;4;218.68582047542762;151.49879323658385;191.09494761678752;161.59091370740052
13;5;0;0;341.5780791810088;-102.1176894163721;324.3003333794418;-69.55284779264368
13;5;1;0;338.7090396694562;-38.671955771227665;324.3003333794418;-69.55284779264368
13;5;2;1;266.9213151060657;245.40662456549367;290.0589747658724;245.37573075792568
13;5;3;1;303.5571329108421;279.3817057173461;290.0589747658724;245.37573075792568
13;5;4;1;280.8824479224361;229.85159541668426;290.0589747658724;245.37573075792568
13;5;5;1;306.57473278953273;254.57341527681567;290.0589747658724;245.37573075792568
13;5;6;2;396.00283771256716;153.87168738068252;400.565859022491;161.43996251960175
13;5;7;2;426.5002715972946;167.12559626552076;400.565859022491;161.43996251960175
13;5;8;2;394.86806258188335;183.16170927993514;400.565859022491;161.43996251960175
13;5;9;3;-68.96567927247993;394.2060615108856;-49.411009228808396;379.2499631694024
13;5;10;3;-71.80151149329312;379.1255786250979;-49.411009228808396;379.2499631694024
13;5;11;3;-29.27009507124602;350.4534027708438;-49.411009228808396;379.2499631694024
13;5;12;4;188.36839697501173;147.92107820377143;208.9609242604161;125.80255137312612
13;5;13;4;199.34377272253334;100.92472428527596;208.9609242604161;125.80255137312612
13;5;14;4;235.93242572371736;113.3118503359767;208.9609242604161;125.80255137312612
13;6;0;0;337.20286077837454;-142.7997870206404;315.2599519192587;-108.51785136064528
13;6;1;0;318.5345339231577;-82.44418727984865;315.2599519192587;-108.51785136064528
13;6;2;1;301.3361866460071;270.59651033423097;326.8001354117782;261.1898736177762
13;6;3;1;338.191048013275;284.18133498232595;326.8001354117782;261.1898736177762
13;6;4;1;326.14665007746913;236.16060404754805;326.8001354117782;261.1898736177762
13;6;5;1;346.0245324719831;282.68121482174286;326.8001354117782;261.1898736177762
13;6;6;2;421.71604485086016;162.86297947628384;436.863039430731;178.2481359602727
13;6;7;2;450.26765948357036;182.0612310615735;436.863039430731;178.2481359602727
13;6;8;2;420.5758909625741;186.20075592218484;436.863039430731;178.2481359602727
13;6;9;3;-116.63618408636862;390.281852002558;-89.34199401673517;376.90124993310536
13;6;10;3;-115.14658084181329;392.75039053952264;-89.34199401673517;376.90124993310536
13;6;11;3;-81.51013131666913;342.020555366609;-89.34199401673517;376.90124993310536
13;6;12;4;201.76152954519873;107.5764046449916;226.8269009040447;90.0141890388516
13;6;13;4;206.99501759141324;64.79476849049253;226.8269009040447;90.0141890388516
13;6;14;4;256.61201891980096;79.32497372397799;226.8269009040447;90.0141890388516
13;7;0;0;333.91714925634574;-169.06582626772328;306.2195704590756;-147.48285492864696
13;7;1;0;326.24212214535476;-117.91130964690174;306.2195704590756;-147.48285492864696
13;7;2;1;334.82945931348013;278.7402117325774;363.54129605768395;277.0040164776265
13;7;3;1;370.383991030368;302.89700288393914;363.54129605768395;277.0040164776265
13;7;4;1;358.0216991145642;259.3971422587968;363.54129605768395;277.0040164776265
13;7;5;1;383.26566630604066;298.51234121276696;363.54129605768395;277.0040164776265
13;7;6;2;452.407328615603;180.7522085806539;473.16021983897105;195.05630940094363
13;7;7;2;489.9289829615855;197.60238517053847;473.16021983897105;195.05630940094363
13;7;8;2;457.3349406786931;206.3818244764411;473.16021983897105;195.05630940094363
13;7;9;3;-152.38743167304978;392.26540352295495;-129.27297880466193;374.5525366968083
13;7;10;3;-159.75383882098015;375.31348231500226;-129.27297880466193;374.5525366968083
13;7;11;3;-114.57314336487822;345.48435522397614;-129.27297880466193;374.5525366968083
13;7;12;4;221.5821975124862;77.25327882998249;244.69287754767328;54.225826704577074
13;7;13;4;229.36716845927452;28.577309045864666;244.69287754767328;54.225826704577074
13;7;14;4;266.33250744896037;41.66026598341113;244.69287754767328;54.225826704577074
13;8;0;0;315.7570861026489;-207.98340745670873;297.1791889988925;-186.4478584966487
13;8;1;0;309.87609865413674;-165.0032607473226;297.1791889988925;-186.4478584966487
13;8;2;1;385.8031631174222;294.53832481390236;400.28245670358973;292.81815933747686
13;8;3;1;409.58961798852624;326.2007443740541;400.28245670358973;292.81815933747686
13;8;4;1;387.83180318552115;271.1833117998443;400.28245670358973;292.81815933747686
13;8;5;1;418.030615771547;311.48661152368345;400.28245670358973;292.81815933747686
13;8;6;2;499.533035014492;190.33444550386395;509.45740024721107;211.86448284161457
13;8;7;2;528.7935326887416;234.069655795765;509.45740024721107;211.86448284161457
13;8;8;2;489.3104139569856;223.85221509453348;509.45740024721107;211.86448284161457
13;8;9;3;-201.77602627697016;378.55559971390886;-169.20396359258882;372.2038234605113
13;8;10;3;-195.54336301041064;386.6562882224231;-169.20396359258882;372.2038234605113
13;8;11;3;-149.71617317790435;353.53546235804106;-169.20396359258882;372.2038234605113
13;8;12;4;249.0547334691637;47.957542267160456;262.55885419130175;18.43746437030255
13;8;13;4;246.2390270152089;-10.307264300455815;262.55885419130175;18.43746437030255
13;8;14;4;296.54334637093376;16.859929566787898;262.55885419130175;18.43746437030255
13;9;0;0;317.2763483839017;-241.95570763996545;288.13880753870944;-225.41286206465045
13;9;1;0;298.2389987794196;-195.40391756720507;288.13880753870944;-225.41286206465045
13;9;2;1;413.9407690524275;311.28804817672415;437.0236173494955;308.6323021973272
13;9;3;1;453.1257084875004;331.37532559854384;437.0236173494955;308.6323021973272
13;9;4;1;426.9908938310562;281.9869130922652;437.0236173494955;308.6323021973272
13;9;5;1;451.3053887557536;321.9997603332342;437.0236173494955;308.6323021973272
13;9;6;2;530.5660908062529;212.42782599291056;545.7545806554506;228.67265628228552
13;9;7;2;562.3640113875064;238.4341611681648;545.7545806554506;228.67265628228552
13;9;8;2;527.1394217754913;249.82054558893554;545.7545806554506;228.67265628228552
13;9;9;3;-229.1458123218588;387.15955240337894;-209.1349483805157;369.85511022421423
13;9;10;3;-237.50490422927382;383.56354382366897;-209.1349483805157;369.85511022421423
13;9;11;3;-193.2978341327987;343.35894893364565;-209.1349483805157;369.85511022421423
13;9;12;4;256.28882798525444;-6.527376689132433;280.42483083493005;-17.35089796397197
13;9;13;4;260.7344714811828;-39.891196138308146;280.42483083493005;-17.35089796397197
13;9;14;4;311.91862674905616;-23.76998626856863;280.42483083493005;-17.35089796397197
13;10;0;0;296.9364102043841;-289.77767372942765;279.09842607852636;-264.3778656326522
13;10;1;0;292.6808962511251;-233.6833961924184;279.09842607852636;-264.3778656326522
13;10;2;1;453.8253355196841;325.7821652099789;473.7647779954013;324.4464450571775
13;10;3;1;478.6565729478545;347.789425421321;473.7647779954013;324.4464450571775
13;10;4;1;467.26163265243855;300.6602048008365;473.7647779954013;324.4464450571775
13;10;5;1;498.0189081916031;334.25706016593807;473.7647779954013;324.4464450571775
13;10;6;2;563.0252795991453;229.79547600835693;582.05176106369;245.48082972295646
13;10;7;2;593.0234189611273;257.3575866851321;582.05176106369;245.48082972295646
13;10;8;2;567.0657181121042;262.4120446798529;582.05176106369;245.48082972295646
13;10;9;3;-271.69681552480876;382.0129369194936;-249.0659331684426;367.5063969879172
13;10;10;3;-277.76171321904184;372.9383862230204;-249.0659331684426;367.5063969879172
13;10;11;3;-235.70972148838567;339.2931460535942;-249.0659331684426;367.5063969879172
13;10;12;4;271.38655778189514;-26.38505574159985;298.29080747855835;-53.13926029824649
13;10;13;4;284.1801606026718;-75.99313015235533;298.29080747855835;-53.13926029824649
13;10;14;4;326.7813353408591;-56.586108391445016;298.29080747855835;-53.13926029824649
13;11;0;0;294.55453216734253;-327.33410014772534;270.0580446183433;-303.3428692006539
13;11;1;0;277.6228394585401;-275.8302712704666;270.0580446183433;-303.3428692006539
13;11;2;1;480.9724575015133;339.1690778308348;510.50593864130707;340.26058791702786
13;11;3;1;516.043692722755;360.9375574486894;510.50593864130707;340.26058791702786
13;11;4;1;500.5015008508032;323.77935599145485;510.50593864130707;340.26058791702786
13;11;5;1;531.1978872490711;364.9111651589457;510.50593864130707;340.26058791702786
13;11;6;2;608.2250143721459;246.61982360951234;618.3489414719295;262.2890031636275
13;11;7;2;643.6020585576431;270.1614829641667;618.3489414719295;262.2890031636275
13;11;8;2;607.9947840761002;289.18203413569444;618.3489414719295;262.2890031636275
13;11;9;3;-311.78980469392235;378.12082572998867;-288.99691795636926;365.15768375162014
13;11;10;3;-318.05236210189975;377.2572743985264;-288.99691795636926;365.15768375162014
13;11;11;3;-280.81387239703423;341.6600900270191;-288.99691795636926;365.15768375162014
13;11;12;4;300.9104856121491;-75.40138343803832;316.15678412218665;-88.92762263252101
13;11;13;4;310.63550710336585;-116.99750237205504;316.15678412218665;-88.92762263252101
13;11;14;4;341.3150112962814;-94.0425074810135;316.15678412218665;-88.92762263252101
13;12;0;0;283.74021643069705;-369.1646383663088;261.0176631581602;-342.30787276865567
13;12;1;0;271.3856936320583;-320.8582120899112;261.0176631581602;-342.30787276865567
13;12;2;1;521.2390399288765;353.65227349466437;547.2470992872123;356.0747307768782
13;12;3;1;550.9893128491334;379.3206614343787;547.2470992872123;356.0747307768782
13;12;4;1;537.5042142890712;338.6863039891411;547.2470992872123;356.0747307768782
13;12;5;1;566.5033659477682;381.85197930580364;547.2470992872123;356.0747307768782
13;12;6;2;640.1147386724017;262.14040261861777;654.646121880169;279.09717660429874
13;12;7;2;674.2128780928466;280.8150969023156;654.646121880169;279.09717660429874
13;12;8;2;644.8505877454422;292.87365530631763;654.646121880169;279.09717660429874
13;12;9;3;-344.2900672431347;369.89486914938186;-328.92790274429586;362.8089705153231
13;12;10;3;-347.94834779990794;366.14541832270197;-328.92790274429586;362.8089705153231
13;12;11;3;-309.84688237563887;340.71936661745633;-328.92790274429586;362.8089705153231
13;12;12;4;311.77703681771993;-111.67788986258543;334.02276076581495;-124.71598496679553
13;12;13;4;315.04850831503194;-150.06069892900612;334.02276076581495;-124.71598496679553
13;12;14;4;368.68154215530564;-127.13371743013028;334.02276076581495;-124.71598496679553
13;13;0;0;273.60498082190884;-410.9553064531771;251.9772816979771;-381.2728763366574
13;13;1;0;270.8514997030383;-347.76189338933983;251.9772816979771;-381.2728763366574
13;13;2;1;557.8971372857336;380.4783871366317;583.9882599331175;371.88887363672853
13;13;3;1;594.6618267235892;397.67897351674685;583.9882599331175;371.88887363672853
13;13;4;1;577.1075397718038;349.64168985978273;583.9882599331175;371.88887363672853
13;13;5;1;606.9944402621657;389.3921115691845;583.9882599331175;371.88887363672853
13;13;6;2;675.1549085467965;283.49437285834443;690.9433022884084;295.90535004496996
13;13;7;2;705.5882740941026;308.6547734042642;690.9433022884084;295.90535004496996
13;13;8;2;678.8935841236442;316.5112725519617;690.9433022884084;295.90535004496996
13;13;9;3;-393.8440994946274;375.246171114288;-368.85888753222247;360.46025727902605
13;13;10;3;-399.5263121782233;362.8381715931826;-368.85888753222247;360.46025727902605
13;13;11;3;-364.6608483659048;332.12371698235484;-368.85888753222247;360.46025727902605
13;13;12;4;331.89982195727214;-135.6156189128515;351.88873740944325;-160.5043473010699
13;13;13;4;326.4133919168467;-188.12674724947036;351.88873740944325;-160.5043473010699
13;13;14;4;381.660088148144;-175.85851869554358;351.88873740944325;-160.5043473010699
13;14;0;0;255.0999200637511;-450.3357843875786;242.93690023779402;-420.23787990465917
13;14;1;0;253.7815690688354;-389.39107194958916;242.93690023779402;-420.23787990465917
13;14;2;1;600.1573451327906;390.8249160986265;620.7294205790228;387.70301649657887
13;14;3;1;633.3378544821861;423.3166315987515;620.7294205790228;387.70301649657887
13;14;4;1;616.3914444743416;364.1385132502976;620.7294205790228;387.70301649657887
13;14;5;1;643.0107682466036;406.7241326015607;620.7294205790228;387.70301649657887
13;14;6;2;710.4647351037692;290.971614043535;727.2404826966479;312.7135234856412
13;14;7;2;750.0326640128992;329.4864627573756;727.2404826966479;312.7135234856412
13;14;8;2;712.0336957230014;324.6029647310534;727.2404826966479;312.7135234856412
13;14;9;3;-432.2393044196812;379.8730993851949;-408.7898723201491;358.111544042729
13;14;10;3;-433.8251293849355;358.69588728735465;-408.7898723201491;358.111544042729
13;14;11;3;-405.2984356198843;325.4113089889378;-408.7898723201491;358.111544042729
13;14;12;4;351.3620630971358;-183.47938132569388;369.75471405307155;-196.2927096353443
13;14;13;4;351.5323424838498;-233.14164067046386;369.75471405307155;-196.2927096353443
13;14;14;4;394.31935667772535;-199.64223646315185;369.75471405307155;-196.2927096353443
13;15;0;0;253.4663993633525;-481.41909234906603;233.89651877761094;-459.2028834726609
13;15;1;0;252.1965626054311;-431.6056470454406;233.89651877761094;-459.2028834726609
13;15;2;1;629.9545714062567;413.9180882077477;657.470581224928;403.5171593564292
13;15;3;1;660.0876385389384;427.2321725302095;657.470581224928;403.5171593564292
13;15;4;1;657.0869193781617;380.98176417052167;657.470581224928;403.5171593564292
13;15;5;1;670.2394108710349;416.72105093982924;657.470581224928;403.5171593564292
13;15;6;2;757.9223806780668;322.829198662329;763.5376631048873;329.5216969263124
13;15;7;2;786.9319675920215;328.2288011535181;763.5376631048873;329.5216969263124
13;15;8;2;755.0892682776481;346.5367471902777;763.5376631048873;329.5216969263124
13;15;9;3;-470.11029039911125;363.3186389240036;-448.7208571080757;355.76283080643196
13;15;10;3;-474.458383421003;356.3838623827338;-448.7208571080757;355.76283080643196
13;15;11;3;-432.8287474411639;334.80302782336724;-448.7208571080757;355.76283080643196
13;15;12;4;357.8114940941863;-214.0991700253697;387.62069069669985;-232.08107196961868
13;15;13;4;374.3744399252508;-263.05417296709857;387.62069069669985;-232.08107196961868
13;15;14;4;425.6819567732425;-233.69418853873256;387.62069069669985;-232.08107196961868
13;16;0;0;246.3801090277283;-517.8519542087288;224.85613731742785;-498.16788704066266
13;16;1;0;233.7079768121675;-460.3716252054019;224.85613731742785;-498.16788704066266
13;16;2;1;664.1031257747749;420.74452421075813;694.2117418708332;419.33130221627954
13;16;3;1;705.4774184184699;432.96127746884036;694.2117418708332;419.33130221627954
13;16;4;1;691.2329370823022;386.03147381226034;694.2117418708332;419.33130221627954
13;16;5;1;726.3492805890713;437.2053147508837;694.2117418708332;419.33130221627954
13;16;6;2;783.123868623816;337.45428501407224;799.8348435131268;346.32987036698364
13;16;7;2;823.4810646921725;352.49507070568364;799.8348435131268;346.32987036698364
13;16;8;2;777.1496256450081;360.956092960802;799.8348435131268;346.32987036698364
13;16;9;3;-499.55270498780726;362.112908270269;-488.6518418960023;353.4141175701349
13;16;10;3;-522.5334256364519;365.5132236681308;-488.6518418960023;353.4141175701349
13;16;11;3;-474.23939278285985;323.31813392200957;-488.6518418960023;353.4141175701349
13;16;12;4;381.1976615872195;-253.31599682699272;405.48666734032815;-267.8694343038932
13;16;13;4;377.85378663455333;-290.35429678100877;405.48666734032815;-267.8694343038932
13;16;14;4;439.0919019955973;-275.43678305604124;405.48666734032815;-267.8694343038932
13;17;0;0;240.84483463926253;-563.3537891063713;215.81575585724477;-537.1328906086644
13;17;1;0;227.98223414605877;-512.9464284936306;215.81575585724477;-537.1328906086644
13;17;2;1;710.6134565126158;442.7668137840842;730.9529025167384;435.1454450761299
13;17;3;1;732.2659171675101;457.1760862889097;730.9529025167384;435.1454450761299
13;17;4;1;733.456134774761;403.34800816841766;730.9529025167384;435.1454450761299
13;17;5;1;744.2010377539211;455.5808140973476;730.9529025167384;435.1454450761299
13;17;6;2;831.6227886418219;347.890276245812;836.1320239213662;363.13804380765487
13;17;7;2;854.4819979417542;375.70768218648647;836.1320239213662;363.13804380765487
13;17;8;2;819.7129160963723;373.8920864428697;836.1320239213662;363.13804380765487
13;17;9;3;-557.5795885518198;360.48489211058654;-528.5828266839292;351.0654043338379
13;17;10;3;-550.1456442654098;359.4663115197079;-528.5828266839292;351.0654043338379
13;17;11;3;-523.7058823685678;328.8265815723475;-528.5828266839292;351.0654043338379
13;17;12;4;400.8426974733106;-290.19979834143874;423.35264398395645;-303.65779663816784
13;17;13;4;410.7519634649418;-323.83791619159433;423.35264398395645;-303.65779663816784
13;17;14;4;459.05851342626215;-308.804235400736;423.35264398395645;-303.65779663816784
13;18;0;0;230.63122036067685;-604.7750850526913;206.77537439706168;-576.0978941766662
13;18;1;0;228.18274976441353;-530.4690535288937;206.77537439706168;-576.0978941766662
13;18;2;1;743.6782945295884;450.8765980922266;767.6940631626436;450.9595879359802
13;18;3;1;788.6614714141567;478.3119455019689;767.6940631626436;450.9595879359802
13;18;4;1;754.3674950180783;427.2857204847007;767.6940631626436;450.9595879359802
13;18;5;1;789.3055833270877;465.1057861395692;767.6940631626436;450.9595879359802
13;18;6;2;855.6683788994909;358.90493360717466;872.4292043296057;379.9462172483261
13;18;7;2;894.0476235021223;390.6879462776279;872.4292043296057;379.9462172483261
13;18;8;2;854.7575091382429;392.056414241542;872.4292043296057;379.9462172483261
13;18;9;3;-585.8355378696228;360.27829707259986;-568.5138114718563;348.71669109754083
13;18;10;3;-590.708046652946;352.86511809855415;-568.5138114718563;348.71669109754083
13;18;11;3;-561.9394672610673;325.80340655106124;-568.5138114718563;348.71669109754083
13;18;12;4;416.4802469882186;-314.861688550061;441.21862062758476;-339.4461589724425
13;18;13;4;423.4689559002823;-364.59866441082556;441.21862062758476;-339.4461589724425
13;18;14;4;475.2305146681355;-346.947490557274;441.21862062758476;-339.4461589724425
13;19;0;0;222.64686441329442;-639.6891246101935;197.7349929368786;-615.0628977446679
13;19;1;0;212.945982678646;-581.7824793934102;197.7349929368786;-615.0628977446679
13;19;2;1;783.3059146549206;482.93315839284656;804.4352238085488;466.77373079583055
13;19;3;1;815.6397353801506;488.65797462021783;804.4352238085488;466.77373079583055
13;19;4;1;802.5418796001456;450.31204685814293;804.4352238085488;466.77373079583055
13;19;5;1;822.9701357785316;480.3687313695034;804.4352238085488;466.77373079583055
13;19;6;2;896.2452168963699;373.0543670011373;908.7263847378451;396.7543906889973
13;19;7;2;928.5379538244829;400.9882123834959;908.7263847378451;396.7543906889973
13;19;8;2;898.6722052805276;410.1364944406671;908.7263847378451;396.7543906889973
13;19;9;3;-628.0200443969107;362.95008301201693;-608.4447962597835;346.3679778612438
13;19;10;3;-637.6764960188665;340.83772549646056;-608.4447962597835;346.3679778612438
13;19;11;3;-599.31383558627;320.5771622457073;-608.4447962597835;346.3679778612438
13;19;12;4;435.4841598319521;-355.97764230248816;459.08459727121306;-375.23452130671717
13;19;13;4;443.72784510515396;-402.77965756124877;459.08459727121306;-375.23452130671717
13;19;14;4;487.90065209159684;-372.96493369164256;459.08459727121306;-375.23452130671717
14;0;0;0;278.94412121221535;90.69588343372854;264.28514944232387;118.10244433053168
14;0;1;0;289.8430568598776;148.12232307842345;264.28514944232387;118.10244433053168
14;0;2;1;130.8494089384613;208.97608058924075;163.026802235391;206.29534166184973
14;0;3;1;171.7753075285885;225.32542897102005;163.026802235391;206.29534166184973
14;0;4;1;159.8024871081198;183.0155281511195;163.026802235391;206.29534166184973
14;0;5;1;170.74112272644558;221.68735801149498;163.026802235391;206.29534166184973
14;0;6;2;183.65780168557427;244.4853124577313;191.63531958149647;259.33780630561705
14;0;7;2;206.85370456081824;268.00241636126884;191.63531958149647;259.33780630561705
14;0;8;2;167.385326515161;271.6557238118496;191.63531958149647;259.33780630561705
14;0;9;3;380.36327015299446;252.72449333348766;399.1365436107986;244.07556958037588
14;0;10;3;373.4875980355644;251.60826913679998;399.1365436107986;244.07556958037588
14;0;11;3;407.65025091477764;219.43652706279042;399.1365436107986;244.07556958037588
14;0;12;4;382.57772407693955;325.58024125841564;397.9527349701465;301.13606801608404
14;0;13;4;384.21932065677174;269.2379110156103;397.9527349701465;301.13606801608404
14;0;14;4;423.389700020322;293.63253084735123;397.9527349701465;301.13606801608404
14;1;0;0;306.4430778312737;57.548057189510146;282.30140376715707;82.38949737703973
14;1;1;0;298.9902812345054;112.22018627733584;282.30140376715707;82.38949737703973
14;1;2;1;131.5913289451896;249.89976681573233;159.14725317068147;246.10676086607432
14;1;3;1;165.37932419991978;266.6418688634979;159.14725317068147;246.10676086607432
14;1;4;1;148.88801706831498;216.29227632538442;159.14725317068147;246.10676086607432
14;1;5;1;173.36688415892695;265.47092143545916;159.14725317068147;246.10676086607432
14;1;6;2;190.95111641313838;202.4324357960281;198.95776766479216;220.0137455531027
14;1;7;2;220.72434051629097;226.89487262605496;198.95776766479216;220.0137455531027
14;1;8;2;195.48354329694934;234.15749391486816;198.95776766479216;220.0137455531027
14;1;9;3;339.3148835748845;254.28052594839423;359.5234748610522;238.52536379789598
14;1;10;3;327.77299519492425;244.2179078908566;359.5234748610522;238.52536379789598
14;1;11;3;373.21085510532157;209.8847064274254;359.5234748610522;238.52536379789598
14;1;12;4;361.55847876132987;276.14634787372927;390.5250394190381;261.83175096566237
14;1;13;4;376.31725850848045;239.4267633851517;390.5250394190381;261.83175096566237
14;1;14;4;419.0419365649933;256.99912098074145;390.5250394190381;261.83175096566237
14;2;0;0;320.3875822050803;10.98750414921851;300.31765809199027;46.67655042354778
14;2;1;0;322.20977180922307;69.60893116991933;300.31765809199027;46.67655042354778
14;2;2;1;134.6102045991073;294.0988092896725;155.26770410597194;285.9181800702991
14;2;3;1;164.9948499317074;304.10631771573475;155.26770410597194;285.9181800702991
14;2;4;1;145.15988082242535;271.21949450829;155.26770410597194;285.9181800702991
14;2;5;1;181.1581845348017;299.1884946921006;155.26770410597194;285.9181800702991
14;2;6;2;189.6443445506848;159.81852110771052;206.28021574808784;180.68968480058834
14;2;7;2;224.79669238462566;194.07440637750233;206.28021574808784;180.68968480058834
14;2;8;2;193.73256912774048;198.06856060204532;206.28021574808784;180.68968480058834
14;2;9;3;295.4365447097535;249.4514848506471;319.9104061113058;232.97515801541607
14;2;10;3;297.9753940080145;240.97853385171382;319.9104061113058;232.97515801541607
14;2;11;3;336.55190602062817;207.76119269065526;319.9104061113058;232.97515801541607
14;2;12;4;357.61348087546685;241.48033034305985;383.0973438679297;222.52743391524095
14;2;13;4;361.68847589399263;198.4669941888999;383.0973438679297;222.52743391524095
14;2;14;4;413.69094444643605;217.32461478933035;383.0973438679297;222.52743391524095
14;3;0;0;332.98992689088595;-10.417397128504579;318.33391241682347;10.963603470055808
14;3;1;0;337.66691971813265;34.12041028939661;318.33391241682347;10.963603470055808
14;3;2;1;136.08098894047953;329.45483214896984;151.38815504126242;325.729599274524
14;3;3;1;167.45680592725463;360.14646546960165;151.38815504126242;325.729599274524
14;3;4;1;154.31037585291364;303.83065972232936;151.38815504126242;325.729599274524
14;3;5;1;166.3611196061243;348.783069916163;151.38815504126242;325.729599274524
14;3;6;2;201.46020374224764;125.729244731808;213.60266383138352;141.36562404807398
14;3;7;2;228.95080655428876;159.39090310220595;213.60266383138352;141.36562404807398
14;3;8;2;206.41163676310555;158.38141733304064;213.60266383138352;141.36562404807398
14;3;9;3;256.9422143431485;243.76778857615383;280.2973373615594;227.42495223293616
14;3;10;3;262.3080760813085;231.43877190793316;280.2973373615594;227.42495223293616
14;3;11;3;294.336739031888;199.683879421214;280.2973373615594;227.42495223293616
14;3;12;4;354.31820872886743;207.5710110445283;375.6696483168213;183.22311686481956
14;3;13;4;356.31064764145015;149.673019871663;375.6696483168213;183.22311686481956
14;3;14;4;405.95491697772354;176.5140070704813;375.6696483168213;183.22311686481956
14;4;0;0;359.4866675589913;-53.47291331318246;336.35016674165666;-24.749343483436178
14;4;1;0;352.3324539555049;9.96836477465575;336.35016674165666;-24.749343483436178
14;4;2;1;119.53403337456766;367.52813866198284;147.5086059765529;365.54101847874887
14;4;3;1;154.9587911103826;387.664555909128;147.5086059765529;365.54101847874887
14;4;4;1;136.50225802764163;348.0511209868104;147.5086059765529;365.54101847874887
14;4;5;1;163.5071880345307;387.939499142599;147.5086059765529;365.54101847874887
14;4;6;2;215.3842746477685;80.377601042592;220.9251119146792;102.04156329555963
14;4;7;2;236.13464058254118;110.36948597656267;220.9251119146792;102.04156329555963
14;4;8;2;209.61471344134617;117.57007893354606;220.9251119146792;102.04156329555963
14;4;9;3;224.4215961819687;233.21770602417448;240.68426861181302;221.87474645045626
14;4;10;3;206.17366981543327;221.14789216265476;240.68426861181302;221.87474645045626
14;4;11;3;249.79424858152018;198.53743241946609;240.68426861181302;221.87474645045626
14;4;12;4;340.4993498269859;163.00298460744347;368.2419527657129;143.91879981439817
14;4;13;4;348.19355782343683;113.6484947526753;368.2419527657129;143.91879981439817
14;4;14;4;412.85464454912454;135.5993294902781;368.2419527657129;143.91879981439817
14;5;0;0;377.457599173185;-94.4097657088799;354.36642106648986;-60.46229043692814
14;5;1;0;374.9055671843389;-34.17550679057215;354.36642106648986;-60.46229043692814
14;5;2;1;113.13886787124484;401.9309614760609;143.62905691184338;405.35243768297374
14;5;3;1;156.5124406676789;431.20747930688555;143.62905691184338;405.35243768297374
14;5;4;1;138.70276108499345;384.71806806834996;143.62905691184338;405.35243768297374
14;5;5;1;170.43152418856772;431.1411191716075;143.62905691184338;405.35243768297374
14;5;6;2;205.15179927192796;49.16139576326376;228.2475599979749;62.71750254304527
14;5;7;2;253.18877125766065;74.1162065567448;228.2475599979749;62.71750254304527
14;5;8;2;217.73601405682;79.66856343235425;228.2475599979749;62.71750254304527
14;5;9;3;176.61840437111292;229.49109830479173;201.07119986206663;216.32454066797635
14;5;10;3;165.59553878880396;210.1224690952037;201.07119986206663;216.32454066797635
14;5;11;3;207.98778360331298;191.08097387645927;201.07119986206663;216.32454066797635
14;5;12;4;349.10168315506564;123.95413504333465;360.8142572146045;104.61448276397678
14;5;13;4;347.36202449234844;74.89068509398659;360.8142572146045;104.61448276397678
14;5;14;4;387.9131928877481;86.026042305434;360.8142572146045;104.61448276397678
14;6;0;0;384.9396054349408;-120.47414946192151;372.38267539132306;-96.1752373904201
14;6;1;0;390.39461998177563;-65.35515227924117;372.38267539132306;-96.1752373904201
14;6;2;1;116.91255611239913;446.656907452848;139.74950784713386;445.1638568871986
14;6;3;1;147.3398408732918;466.6335944350962;139.74950784713386;445.1638568871986
14;6;4;1;129.25201422420182;422.16755559684697;139.74950784713386;445.1638568871986
14;6;5;1;166.77427647333445;464.01693762263466;139.74950784713386;445.1638568871986
14;6;6;2;226.76533433974936;6.91830838233417;235.57000808127057;23.393441790530915
14;6;7;2;251.8615293624111;27.410875517479;235.57000808127057;23.393441790530915
14;6;8;2;217.83978010711826;41.840364257349904;235.57000808127057;23.393441790530915
14;6;9;3;140.42838676118058;229.26602825626128;161.45813111232025;210.77433488549644
14;6;10;3;126.3713377090953;212.4126408313771;161.45813111232025;210.77433488549644
14;6;11;3;171.73588776471348;186.26014680841013;161.45813111232025;210.77433488549644
14;6;12;4;320.41979619531986;80.38589938550345;353.3865616634961;65.31016571355539
14;6;13;4;339.4225997426153;40.35379761462246;353.3865616634961;65.31016571355539
14;6;14;4;380.5266925002673;56.52242584503178;353.3865616634961;65.31016571355539
14;7;0;0;416.746279314134;-165.118173057208;390.39892971615626;-131.88818434391206
14;7;1;0;403.8983936233245;-97.36586640395329;390.39892971615626;-131.88818434391206
14;7;2;1;104.90254380041628;485.1971161531758;135.86995878242433;484.9752760914235
14;7;3;1;149.23520138744345;513.922594965579;135.86995878242433;484.9752760914235
14;7;4;1;130.10318604161247;460.04868561853436;135.86995878242433;484.9752760914235
14;7;5;1;152.0161045613122;509.6800458368775;135.86995878242433;484.9752760914235
14;7;6;2;238.63526387472518;-33.76033197610807;242.89245616456625;-15.930618961983456
14;7;7;2;264.2404130492537;-3.765382852517725;242.89245616456625;-15.930618961983456
14;7;8;2;233.43579616036678;-6.111173057963821;242.89245616456625;-15.930618961983456
14;7;9;3;100.27818810847958;228.67052637034627;121.84506236257388;205.22412910301654
14;7;10;3;88.5441051102695;207.9767228991425;121.84506236257388;205.22412910301654
14;7;11;3;132.13560460479596;180.93894413950244;121.84506236257388;205.22412910301654
14;7;12;4;322.5777010207728;51.40284409964419;345.9588661123877;26.005848663133996
14;7;13;4;327.8411520734446;-1.8867644410413122;345.9588661123877;26.005848663133996
14;7;14;4;368.8974765985987;10.957988549986686;345.9588661123877;26.005848663133996
14;8;0;0;427.64401427727887;-190.29942326063264;408.41518404098946;-167.601131297404
14;8;1;0;418.3732836399307;-137.0208780365844;408.41518404098946;-167.601131297404
14;8;2;1;107.08606387880411;533.3913271241038;131.9904097177148;524.7866952956483
14;8;3;1;130.7529188586617;553.9975392553322;131.9904097177148;524.7866952956483
14;8;4;1;122.34993660775541;499.7309322582601;131.9904097177148;524.7866952956483
14;8;5;1;142.77090810991507;535.9905854277467;131.9904097177148;524.7866952956483
14;8;6;2;236.85526015897725;-68.90473734978613;250.21490424786194;-55.25467971449781
14;8;7;2;270.71722998414486;-47.594673051968634;250.21490424786194;-55.25467971449781
14;8;8;2;245.6874771199238;-35.98823044860148;250.21490424786194;-55.25467971449781
14;8;9;3;52.215086233065776;216.59582497537883;82.23199361282764;199.67392332053663
14;8;10;3;57.07372392449777;204.84054884402897;82.23199361282764;199.67392332053663
14;8;11;3;91.65248046845436;174.77880775121852;82.23199361282764;199.67392332053663
14;8;12;4;318.7430960377317;13.874180254585442;338.5311705612793;-13.298468387287416
14;8;13;4;323.8971471095511;-33.70307408123038;338.5311705612793;-13.298468387287416
14;8;14;4;368.51036863839863;-28.01494736848238;338.5311705612793;-13.298468387287416
14;9;0;0;442.7634232569629;-226.0969900799305;426.43143836582266;-203.31407825089596
14;9;1;0;448.27861746542277;-178.3199150943266;426.43143836582266;-203.31407825089596
14;9;2;1;106.2312094555802;565.6748244789959;128.1108606530053;564.5981144998732
14;9;3;1;129.12515549754485;584.970013431528;128.1108606530053;564.5981144998732
14;9;4;1;121.10653740275247;536.1803478793736;128.1108606530053;564.5981144998732
14;9;5;1;153.9447481303525;577.2455639948186;128.1108606530053;564.5981144998732
14;9;6;2;239.40064278521476;-106.58622035948454;257.53735233115754;-94.57874046701217
14;9;7;2;285.50129700728814;-81.13631053555655;257.53735233115754;-94.57874046701217
14;9;8;2;240.96188558374303;-85.53471037842982;257.53735233115754;-94.57874046701217
14;9;9;3;20.567359152751408;210.58401758032636;42.61892486308135;194.12371753805672
14;9;10;3;11.015339337476005;202.99868624858988;42.61892486308135;194.12371753805672
14;9;11;3;54.46716886425557;172.40037999830275;42.61892486308135;194.12371753805672
14;9;12;4;309.9210328594591;-32.76382831154184;331.1034750101709;-52.60278543770882
14;9;13;4;311.02596608112214;-70.250637456265;331.1034750101709;-52.60278543770882
14;9;14;4;351.0360861560175;-56.82813951297315;331.1034750101709;-52.60278543770882
14;10;0;0;463.0786503238982;-264.5690083605936;444.44769269065586;-239.0270252043879
14;10;1;0;463.5516193269901;-206.561207363448;444.44769269065586;-239.0270252043879
14;10;2;1;101.30062879930607;611.511716062062;124.23131158829591;604.4095337040981
14;10;3;1;136.29716166333262;628.3539008270582;124.23131158829591;604.4095337040981
14;10;4;1;108.93864447528505;586.0935220442941;124.23131158829591;604.4095337040981
14;10;5;1;139.34108152103747;625.8651363844247;124.23131158829591;604.4095337040981
14;10;6;2;251.492553580404;-153.6488069303697;264.85980041445293;-133.90280121952654
14;10;7;2;281.61400712665613;-119.98107407895544;264.85980041445293;-133.90280121952654
14;10;8;2;251.30303520095794;-107.12148962033606;264.85980041445293;-133.90280121952654
14;10;9;3;-10.474544618834502;199.49642679881043;3.005856113335056;188.57351175557682
14;10;10;3;-16.573633771114373;192.2569313969121;3.005856113335056;188.57351175557682
14;10;11;3;16.841446105888437;155.13101610447708;3.005856113335056;188.57351175557682
14;10;12;4;308.40907992392806;-76.45131165578319;323.6757794590625;-91.9071024881302
14;10;13;4;307.5009728808183;-110.12754043148753;323.6757794590625;-91.9071024881302
14;10;14;4;355.01956630765807;-101.88682897627837;323.6757794590625;-91.9071024881302
14;11;0;0;484.1373365493065;-303.02226603257856;462.46394701548905;-274.7399721578799
14;11;1;0;470.432176903377;-245.07280674875267;462.46394701548905;-274.7399721578799
14;11;2;1;88.1909450022802;651.2407119213701;120.35176252358653;644.2209529083229
14;11;3;1;131.8231643386734;661.7108057445131;120.35176252358653;644.2209529083229
14;11;4;1;110.59317970161315;628.9921584964635;120.35176252358653;644.2209529083229
14;11;5;1;130.63995091051282;666.9861380498443;120.35176252358653;644.2209529083229
14;11;6;2;253.195238094508;-192.62300042396146;272.18224849774833;-173.2268619720409
14;11;7;2;294.842216217752;-163.2966662251378;272.18224849774833;-173.2268619720409
14;11;8;2;255.07781598876215;-162.2155781062512;272.18224849774833;-173.2268619720409
14;11;9;3;-63.43348026829005;195.77584905068636;-36.607212636411234;183.0233059730969
14;11;10;3;-63.94611876697206;189.18123025396386;-36.607212636411234;183.0233059730969
14;11;11;3;-28.576313770610522;155.07074805159755;-36.607212636411234;183.0233059730969
14;11;12;4;292.0748894719985;-103.60907247111128;316.2480839079541;-131.2114195385516
14;11;13;4;309.6526308878884;-157.48418923904555;316.2480839079541;-131.2114195385516
14;11;14;4;344.6050834148666;-141.01054107898628;316.2480839079541;-131.2114195385516
14;12;0;0;493.6370221370403;-329.9120892076483;480.48020134032225;-310.45291911137184
14;12;1;0;502.733782227074;-276.96868357452024;480.48020134032225;-310.45291911137184
14;12;2;1;91.95723041924776;688.768593038722;116.47221345887715;684.0323721125478
14;12;3;1;128.10113872922958;704.1387978483391;116.47221345887715;684.0323721125478
14;12;4;1;100.59805219439363;661.6046016392344;116.47221345887715;684.0323721125478
14;12;5;1;132.88393817383042;708.4942572366928;116.47221345887715;684.0323721125478
14;12;6;2;274.30048180067746;-229.48642281183885;279.50469658104373;-212.55092272455525
14;12;7;2;300.4661028438714;-197.00719796581697;279.50469658104373;-212.55092272455525
14;12;8;2;265.4764107445475;-199.7254578788968;279.50469658104373;-212.55092272455525
14;12;9;3;-98.36453769246981;189.30084311188062;-76.22028138615752;177.473100190617
14;12;10;3;-106.24616968435735;177.3532691866748;-76.22028138615752;177.473100190617
14;12;11;3;-69.08652422943119;147.7842990259278;-76.22028138615752;177.473100190617
14;12;12;4;280.54275915824724;-152.86239519474313;308.8203883568457;-170.515736588973
14;12;13;4;289.43755800521285;-201.3841870367971;308.8203883568457;-170.515736588973
14;12;14;4;332.49478477434735;-189.03757052608316;308.8203883568457;-170.515736588973
14;13;0;0;519.8937519571089;-377.4755285403967;498.49645566515545;-346.1658660648638
14;13;1;0;509.7975202340556;-327.34407132239033;498.49645566515545;-346.1658660648638
14;13;2;1;92.99711024745878;719.7664769931738;112.59266439416777;723.8437913167727
14;13;3;1;121.97848308944094;746.8165498097153;112.59266439416777;723.8437913167727
14;13;4;1;101.25303628162892;699.6544414612473;112.59266439416777;723.8437913167727
14;13;5;1;122.07901667003325;761.6665580841786;112.59266439416777;723.8437913167727
14;13;6;2;280.9376426876386;-265.53848063020644;286.82714466433913;-251.8749834770696
14;13;7;2;307.1120618655269;-249.21519498709517;286.82714466433913;-251.8749834770696
14;13;8;2;271.88691097815615;-232.88179654801752;286.82714466433913;-251.8749834770696
14;13;9;3;-136.76149639888635;194.66192607530533;-115.83335013590377;171.9228944081371
14;13;10;3;-146.36017431388566;176.40486593184738;-115.83335013590377;171.9228944081371
14;13;11;3;-96.4803327392239;151.58809253516895;-115.83335013590377;171.9228944081371
14;13;12;4;280.4251409017572;-187.1074341952226;301.3926928057373;-209.8200536393944
14;13;13;4;284.09302625889734;-232.56020545639433;301.3926928057373;-209.8200536393944
14;13;14;4;325.6983625821219;-205.93808497159213;301.3926928057373;-209.8200536393944
14;14;0;0;536.1569213777268;-402.960992663214;516.5127099899886;-381.87881301835574
14;14;1;0;530.8332947769047;-354.6951790080598;516.5127099899886;-381.87881301835574
14;14;2;1;84.81342107254702;767.8407599517509;108.71311532945839;763.6552105209976
14;14;3;1;113.87083552962629;790.7610998981119;108.71311532945839;763.6552105209976
14;14;4;1;105.7872817766573;735.6608291050273;108.71311532945839;763.6552105209976
14;14;5;1;126.00709677609491;783.1003348388305;108.71311532945839;763.6552105209976
14;14;6;2;270.78444101557943;-311.26143350289794;294.14959274763453;-291.199044229584
14;14;7;2;316.096624917326;-286.8123021238428;294.14959274763453;-291.199044229584
14;14;8;2;281.91034110673127;-283.61183629654096;294.14959274763453;-291.199044229584
14;14;9;3;-171.21542076728042;175.61215755876563;-155.4464188856501;166.3726886256572
14;14;10;3;-174.26141319890263;164.7921646186757;-155.4464188856501;166.3726886256572
14;14;11;3;-138.69595774917983;141.84896437279667;-155.4464188856501;166.3726886256572
14;14;12;4;278.4107884012494;-231.00918676426343;293.9649972546289;-249.12437068981578
14;14;13;4;283.07143281451437;-271.9343532958326;293.9649972546289;-249.12437068981578
14;14;14;4;317.0705870621564;-261.95776434793254;293.9649972546289;-249.12437068981578
14;15;0;0;558.5463469888908;-435.5254315898197;534.5289643148218;-417.5917599718477
14;15;1;0;544.6070169507807;-383.0794625278481;534.5289643148218;-417.5917599718477
14;15;2;1;85.23133086774854;807.4216272688662;104.83356626474901;803.4666297252224
14;15;3;1;110.02518428780866;828.4378679519289;104.83356626474901;803.4666297252224
14;15;4;1;91.62682401870285;777.030887466757;104.83356626474901;803.4666297252224
14;15;5;1;129.52519413292137;820.6072516107032;104.83356626474901;803.4666297252224
14;15;6;2;283.2747019518276;-360.3752165635374;301.4720408309299;-330.52310498209835
14;15;7;2;312.1342286176909;-323.4946672343512;301.4720408309299;-330.52310498209835
14;15;8;2;291.52858140861537;-316.6671609781244;301.4720408309299;-330.52310498209835
14;15;9;3;-217.27444186070917;179.78119985855056;-195.0594876353965;160.82248284317728
14;15;10;3;-218.5126329311591;173.83867641875105;-195.0594876353965;160.82248284317728
14;15;11;3;-179.85245219096785;133.42846782845936;-195.0594876353965;160.82248284317728
14;15;12;4;264.1832488879147;-272.6997345011515;286.5373017035205;-288.4286877402374
14;15;13;4;270.4119072055379;-311.95967528091035;286.5373017035205;-288.4286877402374
14;15;14;4;311.31315259408774;-293.11933068437224;286.5373017035205;-288.4286877402374
14;16;0;0;563.0077269166527;-474.7747404373896;552.545218639655;-453.30470692533964
14;16;1;0;568.7800596125015;-422.6564982385014;552.545218639655;-453.30470692533964
14;16;2;1;75.86091753258538;849.5576656781371;100.95401720003963;843.2780489294473
14;16;3;1;112.02452198027065;877.2103046991443;100.95401720003963;843.2780489294473
14;16;4;1;91.67832095719619;820.4853221013452;100.95401720003963;843.2780489294473
14;16;5;1;116.92957059709813;865.248948189767;100.95401720003963;843.2780489294473
14;16;6;2;297.07296043509996;-386.32287148152994;308.7944889142253;-369.8471657346127
14;16;7;2;328.45744350895984;-351.14242344357433;308.7944889142253;-369.8471657346127
14;16;8;2;284.0773229839433;-360.9078901406443;308.7944889142253;-369.8471657346127
14;16;9;3;-264.83490262623053;165.99116877002152;-234.67255638514288;155.27227706069738
14;16;10;3;-262.97286873663495;174.24792407186658;-234.67255638514288;155.27227706069738
14;16;11;3;-215.4332675451451;132.9939969398138;-234.67255638514288;155.27227706069738
14;16;12;4;258.9648018093864;-304.7936630880616;279.1096061524121;-327.7330047906591
14;16;13;4;266.8173255582595;-350.16529683964586;279.1096061524121;-327.7330047906591
14;16;14;4;308.6186246614651;-341.1147688912156;279.1096061524121;-327.7330047906591
14;17;0;0;588.6925144802805;-514.5556728081066;570.5614729644882;-489.0176538788316
14;17;1;0;589.8486644321706;-462.123857022474;570.5614729644882;-489.0176538788316
14;17;2;1;76.95621582600653;884.8074953648752;97.07446813533025;883.0894681336722
14;17;3;1;107.90851329707722;905.7206038534196;97.07446813533025;883.0894681336722
14;17;4;1;86.94147519609443;857.7635138195199;97.07446813533025;883.0894681336722
14;17;5;1;119.45556588326413;897.5876453050631;97.07446813533025;883.0894681336722
14;17;6;2;305.00844141829594;-426.7265386434017;316.1169369975207;-409.17122648712706
14;17;7;2;337.759861649263;-397.9730861060675;316.1169369975207;-409.17122648712706
14;17;8;2;299.8163169093489;-389.96896729165996;316.1169369975207;-409.17122648712706
14;17;9;3;-291.85711790274337;175.6820042674908;-274.28562513488924;149.72207127821747
14;17;10;3;-304.8679579416941;150.17123830160398;-274.28562513488924;149.72207127821747
14;17;11;3;-260.1233228883028;124.35714488897715;-274.28562513488924;149.72207127821747
14;17;12;4;245.2252744864753;-351.7709890973168;271.6819106013037;-367.03732184108077
14;17;13;4;251.86051750484233;-397.4275149346584;271.6819106013037;-367.03732184108077
14;17;14;4;306.580972358092;-376.59732476764486;271.6819106013037;-367.03732184108077
14;18;0;0;601.495479781942;-545.5087221107676;588.5777272893214;-524.7306008323237
14;18;1;0;607.8660987948085;-488.56368188385613;588.5777272893214;-524.7306008323237
14;18;2;1;72.65585615322212;930.3293998767753;93.19491907062087;922.9008873378971
14;18;3;1;103.28945234709428;946.2910016279708;93.19491907062087;922.9008873378971
14;18;4;1;82.98065698282895;901.6947313393533;93.19491907062087;922.9008873378971
14;18;5;1;110.72282272966504;944.3445095894941;93.19491907062087;922.9008873378971
14;18;6;2;308.9322302684456;-470.4639652631634;323.4393850808161;-448.4952872396414
14;18;7;2;344.0930623695831;-438.64302763606935;323.4393850808161;-448.4952872396414
14;18;8;2;307.75606210338674;-434.99810735884785;323.4393850808161;-448.4952872396414
14;18;9;3;-330.22855161737095;153.46400617150746;-313.89869388463563;144.17186549573756
14;18;10;3;-342.7682316046872;150.83228923018348;-313.89869388463563;144.17186549573756
14;18;11;3;-298.1203089236995;119.47001276208422;-313.89869388463563;144.17186549573756
14;18;12;4;230.13959342533113;-388.479455329514;264.2542150501953;-406.34163889150244
14;18;13;4;247.91226108738593;-425.7172131670047;264.2542150501953;-406.34163889150244
14;18;14;4;285.43033368454917;-423.8027874510952;264.2542150501953;-406.34163889150244
14;19;0;0;629.2134419560731;-581.9842798661828;606.5939816141546;-560.4435477858162
14;19;1;0;626.7019511578205;-526.2034017201199;606.5939816141546;-560.4435477858162
14;19;2;1;73.27783976693516;964.6196468973125;89.31537000591149;962.712306542122
14;19;3;1;100.64579935433395;995.814484333982;89.31537000591149;962.712306542122
14;19;4;1;80.27903809246327;951.2764345893779;89.31537000591149;962.712306542122
14;19;5;1;103.83164356592849;970.1561605030897;89.31537000591149;962.712306542122
14;19;6;2;328.8015104363414;-498.6772329211232;330.7618331641115;-487.81934799215577
14;19;7;2;349.18121337124893;-470.19599979917285;330.7618331641115;-487.81934799215577
14;19;8;2;319.79978170817054;-482.1226731838449;330.7618331641115;-487.81934799215577
14;19;9;3;-370.2316767439584;147.22736380831606;-353.511762634382;138.62165971325766
14;19;10;3;-378.7341392329286;145.81564705928253;-353.511762634382;138.62165971325766
14;19;11;3;-343.5016485875945;108.09308413476762;-353.511762634382;138.62165971325766
14;19;12;4;231.67794394884933;-435.12683296979424;256.8265194990869;-445.6459559419241
14;19;13;4;245.8627008641956;-474.9098342483648;256.8265194990869;-445.6459559419241
14;19;14;4;290.41074145160394;-449.54962990514366;256.8265194990869;-445.6459559419241
15;0;0;0;389.47523244989463;256.1881035859518;365.06133934434945;287.3704252608247
15;0;1;0;374.9783904718418;315.4111951895675;365.06133934434945;287.3704252608247
15;0;2;1;334.0006321736883;345.2590473887476;365.138389519032;338.72784221194274
15;0;3;1;366.07346047978416;363.3628219911005;365.138389519032;338.72784221194274
15;0;4;1;362.6959984881411;318.35954059079074;365.138389519032;338.72784221194274
15;0;5;1;380.9027158996966;352.51221106706726;365.138389519032;338.72784221194274
15;0;6;2;249.58865367246244;132.87601177203172;258.9401752615436;147.55540249412104
15;0;7;2;283.8356727279566;161.2004234798459;258.9401752615436;147.55540249412104
15;0;8;2;243.30196824788956;160.64938740518215;258.9401752615436;147.55540249412104
15;0;9;3;350.6035142056849;212.67383358188363;371.47804823858775;193.45302258708887
15;0;10;3;344.020049658992;195.35675341070728;371.47804823858775;193.45302258708887
15;0;11;3;390.586715936739;174.7730394852379;371.47804823858775;193.45302258708887
15;0;12;4;34.120828947250324;297.57277347688154;61.82340815066287;281.4649963336816
15;0;13;4;52.88725678273299;249.30063078007578;61.82340815066287;281.4649963336816
15;0;14;4;84.6742879577097;276.28141046786095;61.82340815066287;281.4649963336816
15;1;0;0;400.38585817882057;226.90118673658543;377.1677226545869;249.2464763160263
15;1;1;0;399.3202696632547;288.9316528144018;377.1677226545869;249.2464763160263
15;1;2;1;377.0036692536774;360.23832896266714;402.33000803063294;353.4514121760352
15;1;3;1;418.8028207602994;368.69468526967444;402.33000803063294;353.4514121760352
15;1;4;1;389.55509997348264;325.3177296833239;402.33000803063294;353.4514121760352
15;1;5;1;430.6387168501745;374.5072760482221;402.33000803063294;353.4514121760352
15;1;6;2;277.6076869547338;118.82649747917469;297.40664060108486;136.58585171563215
15;1;7;2;321.1207010266801;143.07367297264227;297.40664060108486;136.58585171563215
15;1;8;2;272.7837586450787;146.1855642232509;297.40664060108486;136.58585171563215
15;1;9;3;316.88456203061367;186.4059503123519;337.17772686293796;172.8741996487587
15;1;10;3;318.70560952127636;166.7019137402997;337.17772686293796;172.8741996487587
15;1;11;3;351.4595626832884;145.4029462909836;337.17772686293796;172.8741996487587
15;1;12;4;-0.15809644721245952;314.57860243412193;24.247793911609282;295.17897513481125
15;1;13;4;-2.5639008485086254;282.4307901320769;24.247793911609282;295.17897513481125
15;1;14;4;54.77452542122968;284.9012376185619;24.247793911609282;295.17897513481125
15;2;0;0;408.8776850144323;188.2371458388591;389.27410596482434;211.12252737122793
15;2;1;0;397.8813570730759;246.0117297485708;389.27410596482434;211.12252737122793
15;2;2;1;420.724396539327;367.479667092113;439.5216265422339;368.17498214012767
15;2;3;1;452.95948194416206;398.6653054175464;439.5216265422339;368.17498214012767
15;2;4;1;430.02056734880165;341.9852624612599;439.5216265422339;368.17498214012767
15;2;5;1;459.37591156312226;383.76852191060243;439.5216265422339;368.17498214012767
15;2;6;2;318.7589769333145;106.79575249230098;335.87310594062615;125.61630093714321
15;2;7;2;351.5852024065016;138.91374548747746;335.87310594062615;125.61630093714321
15;2;8;2;313.4388081218748;140.77115661786232;335.87310594062615;125.61630093714321
15;2;9;3;274.5036482780899;153.54615114819143;302.8774054872882;152.2953767104285
15;2;10;3;282.5631827955237;157.73166211507643;302.8774054872882;152.2953767104285
15;2;11;3;322.0514007629479;131.30266092384073;302.8774054872882;152.2953767104285
15;2;12;4;-27.648956681136873;332.53677752194164;-13.327820327444332;308.8929539359409
15;2;13;4;-38.86276206103364;281.78370574276147;-13.327820327444332;308.8929539359409
15;2;14;4;15.253217449616628;301.0426917968088;-13.327820327444332;308.8929539359409
15;3;0;0;428.2540751956555;145.32548572539272;401.3804892750618;172.99857842642956
15;3;1;0;423.14417380246925;207.08476529775965;401.3804892750618;172.99857842642956
15;3;2;1;446.6214151625571;390.8673598939356;476.71324505383484;382.89855210422013
15;3;3;1;489.35382356359185;407.13852188523407;476.71324505383484;382.89855210422013
15;3;4;1;468.22769976305693;360.7718443616387;476.71324505383484;382.89855210422013
15;3;5;1;498.3023048478541;406.3268029208969;476.71324505383484;382.89855210422013
15;3;6;2;363.5679657173682;96.31422388996985;374.33957128016743;114.64675015865417
15;3;7;2;394.7354518005052;126.2553118043562;374.33957128016743;114.64675015865417
15;3;8;2;359.6141545031666;134.9760574985605;374.33957128016743;114.64675015865417
15;3;9;3;248.60482489344656;152.45800347843408;268.5770841116384;131.71655377209834
15;3;10;3;232.30343204390098;140.1163921927555;268.5770841116384;131.71655377209834
15;3;11;3;272.0667394247661;114.28654441114934;268.5770841116384;131.71655377209834
15;3;12;4;-71.59704763912457;340.8296497511449;-50.903434566497936;322.60693273707057
15;3;13;4;-59.73469548830619;299.28471968521075;-50.903434566497936;322.60693273707057
15;3;14;4;-22.228866002359556;320.31224885315766;-50.903434566497936;322.60693273707057
15;4;0;0;442.70432698781195;112.54582110104839;413.48687258529924;134.8746294816312
15;4;1;0;433.43730062561013;167.36997426810026;413.48687258529924;134.8746294816312
15;4;2;1;492.4107173094102;392.7944440383229;513.9048635654358;397.6221220683126
15;4;3;1;523.4502086126859;426.26056596897706;513.9048635654358;397.6221220683126
15;4;4;1;504.956782298194;380.87264676677364;513.9048635654358;397.6221220683126
15;4;5;1;533.4111509229166;421.2649093795273;513.9048635654358;397.6221220683126
15;4;6;2;405.47000032558344;85.3661527870126;412.8060366197087;103.67719938016513
15;4;7;2;434.0767269270743;114.28071618745227;412.8060366197087;103.67719938016513
15;4;8;2;405.1253279731582;131.13546126782103;412.8060366197087;103.67719938016513
15;4;9;3;208.3707596329996;131.03218210811337;234.2767627359886;111.13773083376829
15;4;10;3;204.53808469702932;114.49323449054498;234.2767627359886;111.13773083376829
15;4;11;3;248.04457033692842;92.66212916341101;234.2767627359886;111.13773083376829
15;4;12;4;-108.06069267640373;345.24768130543873;-88.47904880555151;336.3209115382002
15;4;13;4;-104.70026771574122;308.3001710149874;-88.47904880555151;336.3209115382002
15;4;14;4;-57.04393148011794;326.0446702113391;-88.47904880555151;336.3209115382002
15;5;0;0;445.3663792970668;69.60627415519723;425.5932558955367;96.75068053683282
15;5;1;0;438.2743295091693;123.00349587842615;425.5932558955367;96.75068053683282
15;5;2;1;529.1079840223825;417.85554819155084;551.0964820770373;412.34569203240505
15;5;3;1;558.6105452877589;437.159869772686;551.0964820770373;412.34569203240505
15;5;4;1;533.6664067439954;397.08482600813477;551.0964820770373;412.34569203240505
15;5;5;1;570.5311070174672;430.2482625592461;551.0964820770373;412.34569203240505
15;5;6;2;439.76814799883766;73.14236799620282;451.27250195925;92.7076486016761
15;5;7;2;472.38901714466505;92.52295431730559;451.27250195925;92.7076486016761
15;5;8;2;430.60262370086303;112.26320079069686;451.27250195925;92.7076486016761
15;5;9;3;175.72313708991348;110.76984029202335;199.9764413603388;90.55890789543825
15;5;10;3;177.95246772116215;89.42336843611962;199.9764413603388;90.55890789543825
15;5;11;3;213.2328166435023;63.368442074094474;199.9764413603388;90.55890789543825
15;5;12;4;-149.41779307014644;372.6989513816316;-126.05466304460509;350.0348903393299
15;5;13;4;-148.1788184454715;316.95434120170205;-126.05466304460509;350.0348903393299
15;5;14;4;-97.61405823800203;351.5306644484132;-126.05466304460509;350.0348903393299
15;6;0;0;454.15120394237744;29.715834027209;437.69963920577413;58.62673159203443
15;6;1;0;454.22898329635836;86.37110294301745;437.69963920577413;58.62673159203443
15;6;2;1;566.9837265493038;423.39076459971886;588.2881005886388;427.0692619964975
15;6;3;1;592.118174966938;446.8136342617912;588.2881005886388;427.0692619964975
15;6;4;1;580.7016712501761;401.350025512332;588.2881005886388;427.0692619964975
15;6;5;1;613.8143466342656;449.46556940938996;588.2881005886388;427.0692619964975
15;6;6;2;473.2447452059669;64.43560230890785;489.7389672987913;81.73809782318706
15;6;7;2;510.48266605031307;94.65910890219398;489.7389672987913;81.73809782318706
15;6;8;2;473.3351451776723;101.53078689153391;489.7389672987913;81.73809782318706
15;6;9;3;136.62592426993882;77.10203540038648;165.67611998468902;69.98008495710822
15;6;10;3;141.6686658150316;74.58813010988541;165.67611998468902;69.98008495710822
15;6;11;3;176.52166177866135;41.1950013492153;165.67611998468902;69.98008495710822
15;6;12;4;-183.97152271639916;385.4237425773344;-163.6302772836588;363.74886914045953
15;6;13;4;-178.25482472285785;337.93918297747996;-163.6302772836588;363.74886914045953
15;6;14;4;-136.93294499914774;350.1229485200945;-163.6302772836588;363.74886914045953
15;7;0;0;466.7898132896178;-0.2738214965714665;449.8060225160116;20.50278264723599
15;7;1;0;461.45971597751804;46.12080235903824;449.8060225160116;20.50278264723599
15;7;2;1;596.2337694190899;436.3652782228268;625.4797191002403;441.79283196059
15;7;3;1;621.0946394522518;461.08167542927936;625.4797191002403;441.79283196059
15;7;4;1;610.2108239152248;405.3489282238811;625.4797191002403;441.79283196059
15;7;5;1;642.6747422809468;450.8689207183748;625.4797191002403;441.79283196059
15;7;6;2;521.2043048057867;53.98788008079559;528.2054326383328;70.76854704469802
15;7;7;2;543.5055559987435;87.81558426772274;528.2054326383328;70.76854704469802
15;7;8;2;509.8336860047826;87.73320325774236;528.2054326383328;70.76854704469802
15;7;9;3;113.92278993882593;66.43414007822808;131.37579860903924;49.40126201877818
15;7;10;3;106.68709821239075;60.79505754181056;131.37579860903924;49.40126201877818
15;7;11;3;149.72895373558597;38.3589922815495;131.37579860903924;49.40126201877818
15;7;12;4;-221.46213732869435;402.38067308115967;-201.20589152271253;377.4628479415892
15;7;13;4;-210.05796282352205;353.760195085077;-201.20589152271253;377.4628479415892
15;7;14;4;-164.7602128191052;374.38621370196967;-201.20589152271253;377.4628479415892
15;8;0;0;483.5541546336173;-42.75966473915658;461.912405826249;-17.621166297562453
15;8;1;0;477.9966218304344;7.313241488371605;461.912405826249;-17.621166297562453
15;8;2;1;637.4192796458901;468.58155256891484;662.6713376118419;456.51640192468244
15;8;3;1;684.1288953745265;478.77332117978;662.6713376118419;456.51640192468244
15;8;4;1;658.9234154364505;433.44884443348445;662.6713376118419;456.51640192468244
15;8;5;1;677.8828922804679;473.6412635486399;662.6713376118419;456.51640192468244
15;8;6;2;551.2515399457604;35.75910366544836;566.6718979778747;59.798996266209016
15;8;7;2;582.1802771390115;64.07362331412908;566.6718979778747;59.798996266209016
15;8;8;2;545.4013225416135;75.95775321272528;566.6718979778747;59.798996266209016
15;8;9;3;78.13871983516768;47.43743186601766;97.07547723338945;28.82243908044815
15;8;10;3;63.14565557273434;29.652846149987102;97.07547723338945;28.82243908044815
15;8;11;3;112.16763038119238;0.26949779120387607;97.07547723338945;28.82243908044815
15;8;12;4;-266.49894942847214;416.34781419853016;-238.78150576176625;391.17682674271884
15;8;13;4;-262.8311253446359;377.53713252436916;-238.78150576176625;391.17682674271884
15;8;14;4;-213.69688465995117;381.68585074622223;-238.78150576176625;391.17682674271884
15;9;0;0;501.13222974432136;-82.05854045379617;474.0187891364865;-55.745115242360896
15;9;1;0;492.8944586709415;-30.66340271199888;474.0187891364865;-55.745115242360896
15;9;2;1;675.729908286623;477.9220473709055;699.8629561234434;471.2399718887749
15;9;3;1;707.40932194205;500.659279651109;699.8629561234434;471.2399718887749
15;9;4;1;686.3312480877742;451.8239923787702;699.8629561234434;471.2399718887749
15;9;5;1;715.5268148522002;485.6593309746472;699.8629561234434;471.2399718887749
15;9;6;2;582.1876573512184;34.353275373423436;605.1383633174165;48.82944548772005
15;9;7;2;626.3174771212449;53.74975624693662;605.1383633174165;48.82944548772005
15;9;8;2;596.825017658416;62.825059446760974;605.1383633174165;48.82944548772005
15;9;9;3;40.094487804559186;20.72076869499676;62.775155857739655;8.243616142118107
15;9;10;3;41.75935173366136;15.056001655084941;62.775155857739655;8.243616142118107
15;9;11;3;77.71180903127843;-26.842693285536072;62.775155857739655;8.243616142118107
15;9;12;4;-299.7823223589608;419.26193257628574;-276.35712000082;404.8908055438485
15;9;13;4;-288.6314697715654;375.05142864670415;-276.35712000082;404.8908055438485
15;9;14;4;-249.1603281036876;394.36791862163255;-276.35712000082;404.8908055438485
15;10;0;0;504.2212984980102;-119.70349382329107;486.1251724467239;-93.8690641871593
15;10;1;0;503.38095372232704;-69.96551310765884;486.1251724467239;-93.8690641871593
15;10;2;1;718.0351533363727;489.1185843185957;737.0545746350449;485.96354185286737
15;10;3;1;745.6916754525846;511.17674638516155;737.0545746350449;485.96354185286737
15;10;4;1;727.0613505227434;463.5693482621054;737.0545746350449;485.96354185286737
15;10;5;1;757.0743784113891;501.01925349603044;737.0545746350449;485.96354185286737
15;10;6;2;626.8718582151481;25.945406539236256;643.6048286569584;37.859894709231085
15;10;7;2;663.6049288513213;39.62736980143156;643.6048286569584;37.859894709231085
15;10;8;2;626.5927667289587;57.162153046963994;643.6048286569584;37.859894709231085
15;10;9;3;1.7812138386876857;0.12446498141735152;28.474834482089804;-12.335206796211946
15;10;10;3;0.7881691213942148;-0.6967150828690398;28.474834482089804;-12.335206796211946
15;10;11;3;43.58208486526259;-43.72881396631615;28.474834482089804;-12.335206796211946
15;10;12;4;-338.3932244807484;434.75635882884575;-313.9327342398737;418.60478434497816
15;10;13;4;-337.34132656950794;394.5200896939959;-313.9327342398737;418.60478434497816
15;10;14;4;-284.7650282609088;412.7575287157895;-313.9327342398737;418.60478434497816
15;11;0;0;515.6710836842065;-155.6866989611524;498.23155575696137;-131.99301313195767
15;11;1;0;522.0195270146885;-103.09646605620075;498.23155575696137;-131.99301313195767
15;11;2;1;750.2082170118033;502.1215336669961;774.2461931466464;500.6871118169598
15;11;3;1;778.4635540837681;534.4279290888069;774.2461931466464;500.6871118169598
15;11;4;1;763.48248125943;473.2192370847627;774.2461931466464;500.6871118169598
15;11;5;1;790.4102996869526;529.4023206472648;774.2461931466464;500.6871118169598
15;11;6;2;666.2882568949638;14.407773286204685;682.0712939965002;26.89034393074212
15;11;7;2;699.347263203327;33.25340703249397;682.0712939965002;26.89034393074212
15;11;8;2;661.7840891873302;40.48436295208642;682.0712939965002;26.89034393074212
15;11;9;3;-30.143942840113475;-24.13907875175988;-5.825486893560023;-32.914029734541984
15;11;10;3;-25.223055519288682;-22.1596791618425;-5.825486893560023;-32.914029734541984
15;11;11;3;-2.6840031135272726;-55.7254289188704;-5.825486893560023;-32.914029734541984
15;11;12;4;-371.1660545433005;444.04064817817647;-351.5083484789274;432.3187631461078
15;11;13;4;-366.5086288183045;406.3013034747275;-351.5083484789274;432.3187631461078
15;11;14;4;-331.3320969891058;428.1870851245263;-351.5083484789274;432.3187631461078
15;12;0;0;529.468586416851;-207.44551106814677;510.3379390671988;-170.11696207675604
15;12;1;0;527.4440027888113;-143.2135698452929;510.3379390671988;-170.11696207675604
15;12;2;1;785.3878904254291;514.6963900504887;811.4378116582479;515.4106817810524
15;12;3;1;824.0877722657509;538.0263475783737;811.4378116582479;515.4106817810524
15;12;4;1;798.5914541207279;495.3780170288902;811.4378116582479;515.4106817810524
15;12;5;1;828.5127584650112;533.8840811446777;811.4378116582479;515.4106817810524
15;12;6;2;709.1060602812282;-1.9362297372562327;720.5377593360421;15.920793152253152
15;12;7;2;746.9660651432197;31.39487152677694;720.5377593360421;15.920793152253152
15;12;8;2;703.2111251510626;26.5070736735893;720.5377593360421;15.920793152253152
15;12;9;3;-62.0635074165993;-43.71374048453422;-40.125808269209855;-53.49285267287202
15;12;10;3;-74.32465399778603;-44.63302855822304;-40.125808269209855;-53.49285267287202
15;12;11;3;-27.772076475757125;-78.20455033217866;-40.125808269209855;-53.49285267287202
15;12;12;4;-420.7413901058158;466.070874260974;-389.08396271798114;446.03274194723747
15;12;13;4;-411.8667450652809;419.4648429111101;-389.08396271798114;446.03274194723747
15;12;14;4;-361.0399401576004;435.28214817758476;-389.08396271798114;446.03274194723747
15;13;0;0;536.2821662382112;-232.1647105713346;522.4443223774367;-208.2409110215544
15;13;1;0;539.8291535457026;-181.07349426093597;522.4443223774367;-208.2409110215544
15;13;2;1;824.0357719751041;536.2657317024675;848.6294301698495;530.1342517451454
15;13;3;1;856.9677435613647;545.3507520280997;848.6294301698495;530.1342517451454
15;13;4;1;830.9449855760568;508.0961599525649;848.6294301698495;530.1342517451454
15;13;5;1;856.8902386173568;545.34649416326;848.6294301698495;530.1342517451454
15;13;6;2;745.1518672931293;-14.06899321768616;759.0042246755839;4.951242373764169
15;13;7;2;774.990822519996;14.43138658448687;759.0042246755839;4.951242373764169
15;13;8;2;744.8789535091079;15.6266838130811;759.0042246755839;4.951242373764169
15;13;9;3;-95.32096293539914;-55.47071385827632;-74.42612964485969;-74.07167561120205
15;13;10;3;-97.94498011561738;-70.65272768471894;-74.42612964485969;-74.07167561120205
15;13;11;3;-56.764986904160146;-99.7373954695373;-74.42612964485969;-74.07167561120205
15;13;12;4;-442.8569696784646;477.32310051835077;-426.65957695703486;459.7467207483671
15;13;13;4;-447.7571042282914;435.8179244016255;-426.65957695703486;459.7467207483671
15;13;14;4;-399.9658166283834;444.77308689084356;-426.65957695703486;459.7467207483671
15;14;0;0;550.659726737809;-286.08023925832424;534.5507056876747;-246.36485996635278
15;14;1;0;562.5645958196493;-209.2465082910521;534.5507056876747;-246.36485996635278
15;14;2;1;867.8640791985334;545.202618720351;885.821048681451;544.8578217092385
15;14;3;1;890.002027784167;570.0630946057911;885.821048681451;544.8578217092385
15;14;4;1;875.1941110406588;525.876769306844;885.821048681451;544.8578217092385
15;14;5;1;896.7926773534805;558.3485249296161;885.821048681451;544.8578217092385
15;14;6;2;782.4356541034474;-28.15821172359461;797.4706900151258;-6.018308404724811
15;14;7;2;810.1562420810606;11.25447507051959;797.4706900151258;-6.018308404724811
15;14;8;2;775.4562021351965;6.281159445421865;797.4706900151258;-6.018308404724811
15;14;9;3;-128.24003591836978;-77.1044284126247;-108.72645102050947;-94.65049854953209
15;14;10;3;-131.93569966506308;-83.223764259916;-108.72645102050947;-94.65049854953209
15;14;11;3;-104.35301479184265;-114.95875344125642;-108.72645102050947;-94.65049854953209
15;14;12;4;-489.86178513770324;501.5570325741111;-464.2351911960886;473.4606995494968
15;14;13;4;-477.5389767922227;458.5781794269004;-464.2351911960886;473.4606995494968
15;14;14;4;-430.6600857425666;469.645757791933;-464.2351911960886;473.4606995494968
15;15;0;0;573.6647898859658;-313.32255500693657;546.6570889979128;-284.4888089111512
15;15;1;0;568.74480145697;-245.41234597608656;546.6570889979128;-284.4888089111512
15;15;2;1;905.1405494632074;558.4992572419826;923.0126671930525;559.5813916733315
15;15;3;1;922.1274552518566;583.3558580990997;923.0126671930525;559.5813916733315
15;15;4;1;909.4687032209489;533.8505811744883;923.0126671930525;559.5813916733315
15;15;5;1;942.7356518174387;579.0758369933112;923.0126671930525;559.5813916733315
15;15;6;2;829.1668391027192;-28.539568795717344;835.9371553546677;-16.987859183213793
15;15;7;2;853.4459077321377;-6.496905764463811;835.9371553546677;-16.987859183213793
15;15;8;2;823.1974924643263;-1.0196951200045596;835.9371553546677;-16.987859183213793
15;15;9;3;-171.6480679031232;-99.97524937686626;-143.02677239615926;-115.22932148786212
15;15;10;3;-166.5218086965646;-107.94602473950792;-143.02677239615926;-115.22932148786212
15;15;11;3;-135.1198664522053;-143.98486357471032;-143.02677239615926;-115.22932148786212
15;15;12;4;-524.8772938639447;508.2279026136818;-501.8108054351423;487.17467835062644
15;15;13;4;-519.0760285910347;458.77128536880315;-501.8108054351423;487.17467835062644
15;15;14;4;-478.0592502829773;485.0436397584667;-501.8108054351423;487.17467835062644
15;16;0;0;587.0920112791503;-352.0286327558781;558.7634723081508;-322.61275785594955
15;16;1;0;576.4521853326994;-288.67856276197665;558.7634723081508;-322.61275785594955
15;16;2;1;951.5401224695804;578.9165769289706;960.204285704654;574.3049616374245
15;16;3;1;969.3957778950479;595.924500246128;960.204285704654;574.3049616374245
15;16;4;1;951.4560035044025;538.292153138275;960.204285704654;574.3049616374245
15;16;5;1;972.8553455777017;591.9162408255889;960.204285704654;574.3049616374245
15;16;6;2;861.7079762335233;-50.755134115978265;874.4036206942095;-27.95740996170276
15;16;7;2;884.2758555018737;-20.85317763996016;874.4036206942095;-27.95740996170276
15;16;8;2;862.881941835919;-16.41401748847013;874.4036206942095;-27.95740996170276
15;16;9;3;-203.14092913958117;-127.84673672406004;-177.32709377180905;-135.8081444261922
15;16;10;3;-207.98434997224498;-126.18084031062692;-177.32709377180905;-135.8081444261922
15;16;11;3;-169.86138843071438;-159.1940216034917;-177.32709377180905;-135.8081444261922
15;16;12;4;-557.9344966408015;527.4697138282595;-539.386419674196;500.8886571517561
15;16;13;4;-553.7815893551635;480.1591451455616;-539.386419674196;500.8886571517561
15;16;14;4;-504.40182897645445;497.1290269990244;-539.386419674196;500.8886571517561
15;17;0;0;589.9335785546798;-390.14452721389176;570.8698556183888;-360.7367068007479
15;17;1;0;588.0869390283209;-329.91688568845694;570.8698556183888;-360.7367068007479
15;17;2;1;971.0546452314779;593.8501599628802;997.3959042162555;589.0285316015176
15;17;3;1;1005.4011302452598;614.0561936065097;997.3959042162555;589.0285316015176
15;17;4;1;996.6347395549684;561.6451165628197;997.3959042162555;589.0285316015176
15;17;5;1;1014.7140384728018;610.2024040171217;997.3959042162555;589.0285316015176
15;17;6;2;902.69261440068;-55.78455938381487;912.8700860337514;-38.926960740191724
15;17;7;2;931.0923411285108;-30.518832924862366;912.8700860337514;-38.926960740191724
15;17;8;2;904.430436073824;-16.491382887545697;912.8700860337514;-38.926960740191724
15;17;9;3;-231.8924850962175;-142.84833526672884;-211.62741514745883;-156.38696736452238
15;17;10;3;-232.64481901355936;-159.70509145995578;-211.62741514745883;-156.38696736452238
15;17;11;3;-192.83143189405376;-183.3937817162772;-211.62741514745883;-156.38696736452238
15;17;12;4;-598.4246924913185;538.1321349894341;-576.9620339132497;514.6026359528856
15;17;13;4;-594.2783764023704;490.87928045094435;-576.9620339132497;514.6026359528856
15;17;14;4;-545.3096417023153;518.4671913369839;-576.9620339132497;514.6026359528856
15;18;0;0;604.0180723457895;-421.74746759225536;582.9762389286268;-398.8606557455463
15;18;1;0;604.3036700150107;-380.409402349306;582.9762389286268;-398.8606557455463
15;18;2;1;1010.4471529835364;601.5417846845093;1034.587522727857;603.7521015656106
15;18;3;1;1053.9701880940895;630.8572178619696;1034.587522727857;603.7521015656106
15;18;4;1;1025.601472442981;581.7556154098854;1034.587522727857;603.7521015656106
15;18;5;1;1049.7794070602547;619.2452175740926;1034.587522727857;603.7521015656106
15;18;6;2;947.7270393660654;-63.55080325743825;951.3365513732932;-49.89651151868069
15;18;7;2;975.5170082914931;-34.69676338182503;951.3365513732932;-49.89651151868069
15;18;8;2;935.9389379009623;-32.64307668140188;951.3365513732932;-49.89651151868069
15;18;9;3;-283.5468526243353;-157.5718464165943;-245.92773652310862;-176.96579030285255
15;18;10;3;-276.99023247731265;-161.77204089834314;-245.92773652310862;-176.96579030285255
15;18;11;3;-237.1744143450536;-199.51102438786265;-245.92773652310862;-176.96579030285255
15;18;12;4;-631.2186163765311;549.1926684165381;-614.5376481523034;528.3166147540147
15;18;13;4;-636.7133184552678;498.8004623758812;-614.5376481523034;528.3166147540147
15;18;14;4;-594.1183467668097;525.3008733197156;-614.5376481523034;528.3166147540147
15;19;0;0;620.829807464224;-466.57174507317825;595.0826222388648;-436.98460469034467
15;19;1;0;607.948753861175;-404.98443736789926;595.0826222388648;-436.98460469034467
15;19;2;1;1049.84489602897;623.7748236013501;1071.7791412394586;618.4756715297036
15;19;3;1;1080.7692577766852;642.3684013735274;1071.7791412394586;618.4756715297036
15;19;4;1;1062.3642078324624;599.6019570217851;1071.7791412394586;618.4756715297036
15;19;5;1;1083.3985675887034;632.3512548664876;1071.7791412394586;618.4756715297036
15;19;6;2;980.4406725117867;-79.04536971171035;989.8030167128351;-60.866062297169655
15;19;7;2;1018.7353251912174;-56.21973984846322;989.8030167128351;-60.866062297169655
15;19;8;2;974.1104975830335;-52.45341351730597;989.8030167128351;-60.866062297169655
15;19;9;3;-302.54281195809517;-179.02983713011315;-280.22805789875844;-197.54461324118273
15;19;10;3;-309.7639446441412;-190.43544338932176;-280.22805789875844;-197.54461324118273
15;19;11;3;-265.808655039824;-221.32010938617626;-280.22805789875844;-197.54461324118273
15;19;12;4;-670.3598568824153;560.6542573846323;-652.1132623913571;542.0305935551438
15;19;13;4;-671.6436934366129;520.0135327620533;-652.1132623913571;542.0305935551438
15;19;14;4;-627.8821508422129;534.924832472679;-652.1132623913571;542.0305935551438
16;0;0;0;184.74607066060793;421.08373344652796;162.27047612306234;442.64674698875626
16;0;1;0;169.74463056681077;462.0413576026015;162.27047612306234;442.64674698875626
16;0;2;1;74.8458883729041;189.15182809244993;94.59679626653958;186.64148838262435
16;0;3;1;106.86323130292952;209.5282704568633;94.59679626653958;186.64148838262435
16;0;4;1;91.09937012912073;160.41639382984323;94.59679626653958;186.64148838262435
16;0;5;1;110.45494031468033;208.91502140793568;94.59679626653958;186.64148838262435
16;0;6;2;370.66801041523786;370.6656534761728;387.36498997567503;383.59016369234155
16;0;7;2;397.3578862065388;404.45934367881506;387.36498997567503;383.59016369234155
16;0;8;2;373.5539161139523;397.4766484790038;387.36498997567503;383.59016369234155
16;0;9;3;249.8707577919668;463.05912546139655;267.8095549573624;447.93722256294313
16;0;10;3;235.5342239667939;454.16813636271604;267.8095549573624;447.93722256294313
16;0;11;3;278.06449056210954;424.4943621035252;267.8095549573624;447.93722256294313
16;0;12;4;210.45769639531372;460.2911022147941;232.4607559929677;437.72938364604533
16;0;13;4;208.39407437475515;409.0308966831623;232.4607559929677;437.72938364604533
16;0;14;4;264.17640476612956;434.95484318570647;232.4607559929677;437.72938364604533
16;1;0;0;204.20798074965552;454.795356928715;180.29654360270638;478.35474176890773
16;1;1;0;192.75915599815565;502.84886901032667;180.29654360270638;478.35474176890773
16;1;2;1;65.6832649383835;146.7832077846555;100.1048446635577;147.0225358112083
16;1;3;1;102.16717148275524;164.72009021277816;100.1048446635577;147.0225358112083
16;1;4;1;85.97725898585664;118.21088157668419;100.1048446635577;147.0225358112083
16;1;5;1;117.818927521624;168.2702771398336;100.1048446635577;147.0225358112083
16;1;6;2;336.18786498037;359.63346652454055;350.388015152084;368.3355469191963
16;1;7;2;365.87088884472854;378.88103531236436;350.388015152084;368.3355469191963
16;1;8;2;327.657831294271;380.2223654938853;350.388015152084;368.3355469191963
16;1;9;3;212.65532906463906;448.26787478855226;229.8187728013451;435.419216684448
16;1;10;3;201.55942963367792;429.31032639048834;229.8187728013451;435.419216684448
16;1;11;3;238.8560439901263;414.0866707150761;229.8187728013451;435.419216684448
16;1;12;4;251.49681462699454;452.73139887672835;272.2263319083451;433.40515283370826
16;1;13;4;262.59871042859896;405.249905183837;272.2263319083451;433.40515283370826
16;1;14;4;295.58834912751547;427.8216741874033;272.2263319083451;433.40515283370826
16;2;0;0;222.92881065862034;478.7415259849261;198.32261108235042;514.0627365490592
16;2;1;0;214.8589852391893;549.5487201852844;198.32261108235042;514.0627365490592
16;2;2;1;80.58419846170831;117.79565972309175;105.61289306057581;107.40358323979231
16;2;3;1;114.08291614185138;128.31050211555845;105.61289306057581;107.40358323979231
16;2;4;1;102.20991982681674;86.81614809302854;105.61289306057581;107.40358323979231
16;2;5;1;121.39704797477374;118.51080861811371;105.61289306057581;107.40358323979231
16;2;6;2;306.8665752441954;333.4522536307247;313.41104032849296;353.08093014605106
16;2;7;2;329.80387054717386;359.14142555174845;313.41104032849296;353.08093014605106
16;2;8;2;296.9754942164127;365.983746412387;313.41104032849296;353.08093014605106
16;2;9;3;169.41956743785616;437.2213157963587;191.82799064532784;422.9012108059528
16;2;10;3;158.62359311332358;437.6812878717458;191.82799064532784;422.9012108059528
16;2;11;3;205.87338510003613;394.18009068571234;191.82799064532784;422.9012108059528
16;2;12;4;297.42714546607846;455.42190423516644;311.99190782372267;429.0809220213712
16;2;13;4;296.3327313578358;403.11110492772355;311.99190782372267;429.0809220213712
16;2;14;4;342.1064837272904;420.55167367505544;311.99190782372267;429.0809220213712
16;3;0;0;239.0573927851108;524.8966184670705;216.34867856199446;549.7707313292107
16;3;1;0;231.35092299513113;575.9724835161826;216.34867856199446;549.7707313292107
16;3;2;1;80.1734631780145;71.76117665277725;111.12094145759393;67.7846306683764
16;3;3;1;121.31120821784052;87.67966979096109;111.12094145759393;67.7846306683764
16;3;4;1;105.02230130465833;46.7596234700959;111.12094145759393;67.7846306683764
16;3;5;1;124.75591407430258;86.86005606747288;111.12094145759393;67.7846306683764
16;3;6;2;264.5940385932534;316.43657836173753;276.4340655049019;337.8263133729058
16;3;7;2;292.58722921305866;350.7479354282033;276.4340655049019;337.8263133729058
16;3;8;2;259.91851023837967;347.38409612647274;276.4340655049019;337.8263133729058
16;3;9;3;136.89204024828362;430.41559080086046;153.8372084893106;410.38320492745765
16;3;10;3;118.68485843562081;406.2529406806608;153.8372084893106;410.38320492745765
16;3;11;3;166.5032639213342;390.18532169756566;153.8372084893106;410.38320492745765
16;3;12;4;326.3664352652386;437.4675566400643;351.7574837391002;424.7566912090341
16;3;13;4;330.43875681333327;396.38429071512684;351.7574837391002;424.7566912090341
16;3;14;4;383.5951380059626;420.68661550042975;351.7574837391002;424.7566912090341
16;4;0;0;255.95138677020967;566.8773601400396;234.3747460416385;585.4787261093621
16;4;1;0;243.94143055382267;622.5296779883165;234.3747460416385;585.4787261093621
16;4;2;1;92.87019823618026;23.00421409512189;116.62898985461204;28.165678096960473
16;4;3;1;122.95941219839887;53.25326832590645;116.62898985461204;28.165678096960473
16;4;4;1;117.8260928050444;9.910147907398855;116.62898985461204;28.165678096960473
16;4;5;1;137.00190719025895;49.57274263413198;116.62898985461204;28.165678096960473
16;4;6;2;225.50670305258328;298.70173821371765;239.45709068131103;322.57169659976057
16;4;7;2;250.2064648233741;340.70148082019006;239.45709068131103;322.57169659976057
16;4;8;2;217.81285227166464;336.89007810789315;239.45709068131103;322.57169659976057
16;4;9;3;90.8765623725924;410.45028614930163;115.84642633329335;397.8651990489625
16;4;10;3;82.94236361906664;406.6366751623392;115.84642633329335;397.8651990489625
16;4;11;3;121.60506878405269;375.51163543327993;115.84642633329335;397.8651990489625
16;4;12;4;367.55949143776365;444.1638270154127;391.5230596544778;420.432460396697
16;4;13;4;373.6224496368066;388.14850270305095;391.5230596544778;420.432460396697
16;4;14;4;415.99893614525865;413.620206880691;391.5230596544778;420.432460396697
16;5;0;0;273.332240241603;592.3342158576992;252.40081352128254;621.1867208895136
16;5;1;0;264.00532451952756;650.1727918808641;252.40081352128254;621.1867208895136
16;5;2;1;105.71866164019085;-1.9641961982237;122.13703825163016;-11.453274474455478
16;5;3;1;129.84159237809962;8.876660137559702;122.13703825163016;-11.453274474455478
16;5;4;1;105.2264012694358;-37.1909444367333;122.13703825163016;-11.453274474455478
16;5;5;1;143.16739107913654;7.009957340017976;122.13703825163016;-11.453274474455478
16;5;6;2;185.87594713534958;290.2332498828152;202.48011585772028;307.3170798266153
16;5;7;2;222.9706597491814;316.56565646458125;202.48011585772028;307.3170798266153
16;5;8;2;188.23013397062326;315.8934261939169;202.48011585772028;307.3170798266153
16;5;9;3;57.565373741662775;398.5260132364785;77.8556441772761;385.34719317046734
16;5;10;3;46.32168397804499;390.4620878963495;77.8556441772761;385.34719317046734
16;5;11;3;89.45451712860978;357.92648376972676;77.8556441772761;385.34719317046734
16;5;12;4;401.4378896125982;424.11090698670716;431.28863556985533;416.10822958435995
16;5;13;4;422.94763213647354;387.8404592001916;431.28863556985533;416.10822958435995
16;5;14;4;458.8874634935943;404.8029347511482;431.28863556985533;416.10822958435995
16;6;0;0;290.42105257419337;625.623140747044;270.4268810009268;656.8947156696651
16;6;1;0;290.334660435091;689.7116674530271;270.4268810009268;656.8947156696651
16;6;2;1;99.08124591701637;-51.73268344750953;127.64508664864827;-51.072227045871415
16;6;3;1;135.78623799671826;-29.89409777187025;127.64508664864827;-51.072227045871415
16;6;4;1;122.95437943936332;-73.59519794490487;127.64508664864827;-51.072227045871415
16;6;5;1;141.06463732899715;-32.1185180083837;127.64508664864827;-51.072227045871415
16;6;6;2;146.24448192049923;273.0248888899072;165.50314103412953;292.0624630534701
16;6;7;2;181.0030705921232;309.49336519542254;165.50314103412953;292.0624630534701
16;6;8;2;151.83357358362576;305.824473356095;165.50314103412953;292.0624630534701
16;6;9;3;17.80535180210306;377.2702691214332;39.86486202125886;372.8291872919722
16;6;10;3;13.316764440426638;371.4226806924407;39.86486202125886;372.8291872919722
16;6;11;3;52.4295525147049;352.6367847034715;39.86486202125886;372.8291872919722
16;6;12;4;452.61870281657235;426.5589062514968;471.0542114852329;411.78399877202287
16;6;13;4;450.79420104452686;393.3055497415296;471.0542114852329;411.78399877202287
16;6;14;4;495.0945704661905;402.871555811532;471.0542114852329;411.78399877202287
16;7;0;0;315.5039084620817;665.1363308344722;288.45294848057114;692.6027104498165
16;7;1;0;298.73423091294507;716.1844021434368;288.45294848057114;692.6027104498165
16;7;2;1;111.79037553994763;-91.80872719071084;133.15313504566637;-90.69117961728733
16;7;3;1;136.74999465847398;-67.80684182866699;133.15313504566637;-90.69117961728733
16;7;4;1;123.01258296054174;-116.89967051780192;133.15313504566637;-90.69117961728733
16;7;5;1;150.1218315315666;-65.47298253491944;133.15313504566637;-90.69117961728733
16;7;6;2;117.64300334861471;252.94400543364736;128.52616621053878;276.80784628032484
16;7;7;2;144.85320075703888;291.16871677797394;128.52616621053878;276.80784628032484
16;7;8;2;112.33934110591218;284.1455983373349;128.52616621053878;276.80784628032484
16;7;9;3;-24.373878435829916;372.28136822208387;1.874079865241605;360.311181413477
16;7;10;3;-27.370111957102466;380.2007771012276;1.874079865241605;360.311181413477
16;7;11;3;15.976499742180906;332.79328478745015;1.874079865241605;360.311181413477
16;7;12;4;488.43845009650295;424.80973971110734;510.81978740061044;407.4597679596858
16;7;13;4;493.33651960320543;388.70961667157854;510.81978740061044;407.4597679596858
16;7;14;4;540.7427603997558;404.45692661809625;510.81978740061044;407.4597679596858
16;8;0;0;332.7364067050345;706.6397943090058;306.47901596021546;728.310705229968
16;8;1;0;318.19617611934615;751.6491564854764;306.47901596021546;728.310705229968
16;8;2;1;111.08997408944312;-111.88413428812922;138.6611834426845;-130.31013218870325
16;8;3;1;147.9450094655147;-100.5416447980921;138.6611834426845;-130.31013218870325
16;8;4;1;131.67856616816925;-152.8332639497782;138.6611834426845;-130.31013218870325
16;8;5;1;158.14292398489278;-109.69744304000405;138.6611834426845;-130.31013218870325
16;8;6;2;74.61004437946755;237.4863924815403;91.54919138694788;261.5532295071796
16;8;7;2;105.318735942677;272.75315643309693;91.54919138694788;261.5532295071796
16;8;8;2;86.13668980277163;274.55399521608075;91.54919138694788;261.5532295071796
16;8;9;3;-60.02152831332614;361.407365805117;-36.11670229077565;347.79317553498186
16;8;10;3;-65.3180737199562;354.4635265984898;-36.11670229077565;347.79317553498186
16;8;11;3;-20.82919741908454;327.95274153632846;-36.11670229077565;347.79317553498186
16;8;12;4;525.9362617725934;417.7628402225122;550.5853633159875;403.1355371473487
16;8;13;4;537.8559598879676;382.6263330181417;550.5853633159875;403.1355371473487
16;8;14;4;568.9917606453333;392.6909497564206;550.5853633159875;403.1355371473487
16;9;0;0;353.65300143118924;730.0900827093544;324.5050834398598;764.0187000101195
16;9;1;0;339.3618416854598;787.8206750317179;324.5050834398598;764.0187000101195
16;9;2;1;123.42590450053439;-169.49377560666437;144.1692318397026;-169.9290847601193
16;9;3;1;149.6325825873041;-134.0774458598734;144.1692318397026;-169.9290847601193
16;9;4;1;134.120153242415;-191.3411040673973;144.1692318397026;-169.9290847601193
16;9;5;1;148.205922962586;-152.46412938982652;144.1692318397026;-169.9290847601193
16;9;6;2;42.0384980214946;230.88723398009347;54.57221656335701;246.29861273403415
16;9;7;2;78.81207700289708;255.65071609849153;54.57221656335701;246.29861273403415
16;9;8;2;30.479724174780333;260.68531804125854;54.57221656335701;246.29861273403415
16;9;9;3;-99.11866368496794;347.1922208678346;-74.1074844467929;335.2751696564867
16;9;10;3;-86.91142676437254;346.30300860314344;-74.1074844467929;335.2751696564867
16;9;11;3;-59.56181795653256;301.89166379871773;-74.1074844467929;335.2751696564867
16;9;12;4;571.3671378023056;427.0582884186541;590.3509392313645;398.81130633501164
16;9;13;4;572.3584238138257;378.0536262076872;590.3509392313645;398.81130633501164
16;9;14;4;624.7163232240487;389.53243994579964;590.3509392313645;398.81130633501164
16;10;0;0;359.4126564480896;764.4038362318677;342.5311509195041;799.7266947902709
16;10;1;0;355.9205949272376;838.2616102005875;342.5311509195041;799.7266947902709
16;10;2;1;122.72306417782862;-203.3304698466426;149.67728023672072;-209.54803733153537
16;10;3;1;161.28565173425503;-182.46067812901296;149.67728023672072;-209.54803733153537
16;10;4;1;137.8528031945256;-234.73746364896996;149.67728023672072;-209.54803733153537
16;10;5;1;159.48826652882082;-199.09563237490508;149.67728023672072;-209.54803733153537
16;10;6;2;11.834678551474108;221.25292428866888;17.595241739766188;231.04399596088862
16;10;7;2;30.243063772069203;247.89607666901483;17.595241739766188;231.04399596088862
16;10;8;2;7.609677345918616;247.37664508607088;17.595241739766188;231.04399596088862
16;10;9;3;-125.98796292227519;350.0631209045137;-112.09826660281014;322.75716377799154
16;10;10;3;-140.56198193417248;333.4181309026734;-112.09826660281014;322.75716377799154
16;10;11;3;-87.2265964126654;301.741299743756;-112.09826660281014;322.75716377799154
16;10;12;4;603.5668688067717;403.16284399206575;630.1165151467414;394.48707552267456
16;10;13;4;612.8518090246578;372.5936916271833;630.1165151467414;394.48707552267456
16;10;14;4;654.734176722268;387.9805470146371;630.1165151467414;394.48707552267456
16;11;0;0;381.4972121983392;797.728078059081;360.55721839914844;835.4346895704224
16;11;1;0;381.0175363298312;860.8390347837541;360.55721839914844;835.4346895704224
16;11;2;1;133.76347047987775;-254.32287859484725;155.18532863373883;-249.16698990295143
16;11;3;1;169.03508118264202;-227.70779678872321;155.18532863373883;-249.16698990295143
16;11;4;1;140.78395437408406;-263.5549390887578;155.18532863373883;-249.16698990295143
16;11;5;1;163.62425534859432;-235.70586913014142;155.18532863373883;-249.16698990295143
16;11;6;2;-29.225561478701014;195.92017928094086;-19.38173308382464;215.7893791877431
16;11;7;2;2.642856263699093;229.47075781759733;-19.38173308382464;215.7893791877431
16;11;8;2;-33.78958414271301;231.03445954730645;-19.38173308382464;215.7893791877431
16;11;9;3;-172.0149673216037;327.0092223310006;-150.0890487588274;310.2391578994964
16;11;10;3;-170.295511668067;316.50848792256585;-150.0890487588274;310.2391578994964
16;11;11;3;-141.76180660632835;282.92321813727904;-150.0890487588274;310.2391578994964
16;11;12;4;636.4900158106495;408.29179679182124;669.8820910621184;390.1628447103375
16;11;13;4;657.7587630998279;371.20537277632644;669.8820910621184;390.1628447103375
16;11;14;4;699.0293146047461;383.5527727522364;669.8820910621184;390.1628447103375
16;12;0;0;401.2314182080998;853.844394741349;378.58328587879276;871.1426843505739
16;12;1;0;385.55557484801085;901.2697265434447;378.58328587879276;871.1426843505739
16;12;2;1;136.57182856462975;-281.6053029394735;160.69337703075695;-288.78594247436723
16;12;3;1;164.72202795336375;-252.30842977380402;160.69337703075695;-288.78594247436723
16;12;4;1;142.5730589180791;-305.5429943200583;160.69337703075695;-288.78594247436723
16;12;5;1;177.12415184342174;-270.52136307669736;160.69337703075695;-288.78594247436723
16;12;6;2;-63.234815200283066;182.06702608807024;-56.358707907415464;200.53476241459757
16;12;7;2;-34.716852677141354;210.99518430868378;-56.358707907415464;200.53476241459757
16;12;8;2;-70.595302408936;222.67754970139327;-56.358707907415464;200.53476241459757
16;12;9;3;-209.59811564492944;309.01336359507815;-188.07983091484465;297.7211520210012
16;12;10;3;-203.98678091307707;304.4011002556679;-188.07983091484465;297.7211520210012
16;12;11;3;-180.52313803831578;270.447220156464;-188.07983091484465;297.7211520210012
16;12;12;4;694.8286313519794;415.6558311389898;709.6476669774954;385.8386138980004
16;12;13;4;693.5659037132217;365.2792442389962;709.6476669774954;385.8386138980004
16;12;14;4;737.4514587371647;374.7526592844496;709.6476669774954;385.8386138980004
16;13;0;0;425.3781627688455;882.5959495833653;396.6093533584371;906.8506791307253
16;13;1;0;415.1547828545225;935.5261835050726;396.6093533584371;906.8506791307253
16;13;2;1;140.30593291513506;-321.15885990265775;166.20142542777506;-328.404895045783
16;13;3;1;172.36209484663553;-313.4959996155732;166.20142542777506;-328.404895045783
16;13;4;1;153.1379784150071;-349.8826795498801;166.20142542777506;-328.404895045783
16;13;5;1;180.66372341909624;-303.6572135705921;166.20142542777506;-328.404895045783
16;13;6;2;-104.31185174441306;167.74314275349045;-93.33568273100634;185.28014564145204
16;13;7;2;-75.08374780565627;198.919325009197;-93.33568273100634;185.28014564145204
16;13;8;2;-103.21304320346138;201.23251864165184;-93.33568273100634;185.28014564145204
16;13;9;3;-250.03253127672002;305.57180073706246;-226.0706130708619;285.20314614250606
16;13;10;3;-249.36589843193795;293.40577385577893;-226.0706130708619;285.20314614250606
16;13;11;3;-212.6391200440159;258.61805513370865;-226.0706130708619;285.20314614250606
16;13;12;4;727.8768320131428;398.57296918055135;749.4132428928724;381.5143830856633
16;13;13;4;729.3678346893129;353.1443156409318;749.4132428928724;381.5143830856633
16;13;14;4;781.8919746057882;375.31225786982776;749.4132428928724;381.5143830856633
16;14;0;0;442.26109892390326;921.0140077140362;414.6354208380814;942.5586739108768
16;14;1;0;435.24157748252173;968.91438455684;414.6354208380814;942.5586739108768
16;14;2;1;142.72375491856525;-371.9557124211341;171.70947382479318;-368.0238476171988
16;14;3;1;184.46177970885418;-344.1004427707021;171.70947382479318;-368.0238476171988
16;14;4;1;168.2941321812587;-391.34704362059745;171.70947382479318;-368.0238476171988
16;14;5;1;179.9101144688034;-345.0575681322113;171.70947382479318;-368.0238476171988
16;14;6;2;-133.84795195759676;158.44925581113355;-130.31265755459722;170.0255288683065
16;14;7;2;-103.70440009167665;180.86040842292502;-130.31265755459722;170.0255288683065
16;14;8;2;-144.66528154336197;190.14952538162305;-130.31265755459722;170.0255288683065
16;14;9;3;-289.8695763723085;294.7649049585628;-264.0613952268792;272.6851402640109
16;14;10;3;-286.9168615850262;269.0987890147653;-264.0613952268792;272.6851402640109
16;14;11;3;-251.2053559568791;246.64134467036672;-264.0613952268792;272.6851402640109
16;14;12;4;762.6079285311445;398.17896141533845;789.1788188082494;377.19015227332625
16;14;13;4;767.5407904128535;355.9089927883237;789.1788188082494;377.19015227332625
16;14;14;4;824.4756829550698;363.8457971874691;789.1788188082494;377.19015227332625
16;15;0;0;456.92191915548256;957.4104169819138;432.66148831772574;978.2666686910283
16;15;1;0;452.5082356523568;1015.8936351907574;432.66148831772574;978.2666686910283
16;15;2;1;155.14004736317;-401.9373460748917;177.2175222218113;-407.64280018861456
16;15;3;1;183.3250165427696;-382.5774184971386;177.2175222218113;-407.64280018861456
16;15;4;1;162.02874900993274;-428.7906107659562;177.2175222218113;-407.64280018861456
16;15;5;1;190.30402336780153;-392.4659519725455;177.2175222218113;-407.64280018861456
16;15;6;2;-176.32874084737466;143.04078980695647;-167.28963237818797;154.77091209516098
16;15;7;2;-156.31821607320677;165.55613786588862;-167.28963237818797;154.77091209516098
16;15;8;2;-185.28386121515055;163.1876458749976;-167.28963237818797;154.77091209516098
16;15;9;3;-315.7156022509042;276.43650945258776;-302.05217738289673;260.16713438551574
16;15;10;3;-329.45417983559014;270.48688564274084;-302.05217738289673;260.16713438551574
16;15;11;3;-292.8945694133048;233.72825993844737;-302.05217738289673;260.16713438551574
16;15;12;4;805.7615114932089;389.0553418312662;828.9443947236264;372.86592146098917
16;15;13;4;807.0637021247969;348.7483115234047;828.9443947236264;372.86592146098917
16;15;14;4;853.2936811467523;375.4731154832513;828.9443947236264;372.86592146098917
16;16;0;0;470.01605074889153;982.5883397532443;450.68755579737007;1013.9746634711797
16;16;1;0;467.52704571016335;1048.9916159563263;450.68755579737007;1013.9746634711797
16;16;2;1;159.4345206894311;-443.5774122987063;182.7255706188294;-447.26175276003033
16;16;3;1;200.4465950231314;-424.7633623088952;182.7255706188294;-447.26175276003033
16;16;4;1;177.88984637249223;-480.93273565912057;182.7255706188294;-447.26175276003033
16;16;5;1;186.27894513583837;-436.3633020363551;182.7255706188294;-447.26175276003033
16;16;6;2;-213.3637325019138;120.87646896642516;-204.26660720177873;139.51629532201545
16;16;7;2;-193.68516384843832;148.56106307428462;-204.26660720177873;139.51629532201545
16;16;8;2;-223.60718133346202;151.08983524406176;-204.26660720177873;139.51629532201545
16;16;9;3;-365.2209740259091;271.695931836704;-340.04295953891426;247.64912850702058
16;16;10;3;-363.08091837068304;246.51382324250383;-340.04295953891426;247.64912850702058
16;16;11;3;-329.6559204250679;234.51300562624925;-340.04295953891426;247.64912850702058
16;16;12;4;848.1572462378471;386.6264055887529;868.7099706390034;368.5416906486521
16;16;13;4;849.3556362022913;339.3241329749804;868.7099706390034;368.5416906486521
16;16;14;4;901.2948647571384;368.3443858315653;868.7099706390034;368.5416906486521
16;17;0;0;497.6433254050753;1026.1608290570568;468.7136232770144;1049.6826582513304
16;17;1;0;481.4616206638162;1075.849510744726;468.7136232770144;1049.6826582513304
16;17;2;1;160.69636085720046;-484.66742271700946;188.23361901584752;-486.8807053314461
16;17;3;1;194.36192518517998;-468.9247738433731;188.23361901584752;-486.8807053314461
16;17;4;1;172.43362850635907;-510.3974800925582;188.23361901584752;-486.8807053314461
16;17;5;1;205.85141962035547;-462.45804473399903;188.23361901584752;-486.8807053314461
16;17;6;2;-254.90629320502734;112.41655732088056;-241.24358202536948;124.26167854886997
16;17;7;2;-232.29340907930433;137.65770937271904;-241.24358202536948;124.26167854886997
16;17;8;2;-261.0693958579989;135.5664365414404;-241.24358202536948;124.26167854886997
16;17;9;3;-401.5130684907977;252.8066370611593;-378.0337416949318;235.13112262852542
16;17;10;3;-402.59377197303587;239.72104242573783;-378.0337416949318;235.13112262852542
16;17;11;3;-359.17943765538513;205.7293444980386;-378.0337416949318;235.13112262852542
16;17;12;4;889.5973874541947;385.5050217885747;908.4755465543803;364.217459836315
16;17;13;4;895.8270226004365;346.17084771334083;908.4755465543803;364.217459836315
16;17;14;4;934.1121878544882;356.3524875387972;908.4755465543803;364.217459836315
16;18;0;0;507.2301179834396;1056.226570094334;486.7396907566587;1085.3906530314807
16;18;1;0;498.15617269325634;1115.9134817478857;486.7396907566587;1085.3906530314807
16;18;2;1;164.30319300896403;-523.6723298540545;193.74166741286564;-526.4996579028619
16;18;3;1;193.91724941840477;-503.8856378640015;193.74166741286564;-526.4996579028619
16;18;4;1;194.40878682062703;-552.355006623571;193.74166741286564;-526.4996579028619
16;18;5;1;220.27329075265044;-509.3723571757243;193.74166741286564;-526.4996579028619
16;18;6;2;-290.52167347033725;98.02369344722155;-278.2205568489604;109.00706177572458
16;18;7;2;-268.4597406390279;123.52927861076262;-278.2205568489604;109.00706177572458
16;18;8;2;-290.3142944695773;121.36130929564088;-278.2205568489604;109.00706177572458
16;18;9;3;-435.74299118482344;233.97481425923712;-416.0245238509493;222.61311675003026
16;18;10;3;-442.9248815036539;228.8739908738667;-416.0245238509493;222.61311675003026
16;18;11;3;-408.77127648162724;198.69292471426178;-416.0245238509493;222.61311675003026
16;18;12;4;928.3782142220664;379.60828158700025;948.2411224697573;359.89322902397794
16;18;13;4;930.8781893158231;333.78039596535694;948.2411224697573;359.89322902397794
16;18;14;4;978.4018534475342;347.96284750494885;948.2411224697573;359.89322902397794
16;19;0;0;523.9197499239368;1088.2393626046694;504.76575823630304;1121.098647811631
16;19;1;0;529.6912755504659;1152.0533173651288;504.76575823630304;1121.098647811631
16;19;2;1;174.4980775110082;-559.6721444564006;199.24971580988375;-566.1186104742777
16;19;3;1;204.28638105868998;-538.1254140826999;199.24971580988375;-566.1186104742777
16;19;4;1;186.80471061123606;-588.9528325629362;199.24971580988375;-566.1186104742777
16;19;5;1;215.73583594040082;-548.1975811376133;199.24971580988375;-566.1186104742777
16;19;6;2;-324.65981242418115;72.84646445013021;-315.19753167255146;93.7524450025792
16;19;7;2;-296.63337384172337;106.20858022265163;-315.19753167255146;93.7524450025792
16;19;8;2;-335.3322026445354;110.09952986079651;-315.19753167255146;93.7524450025792
16;19;9;3;-473.3353703864002;219.7178302492472;-454.01530600696685;210.0951108715351
16;19;10;3;-483.2219246960617;214.3290646346095;-454.01530600696685;210.0951108715351
16;19;11;3;-439.68679496805174;180.00968489679613;-454.01530600696685;210.0951108715351
16;19;12;4;966.1147041299163;371.18109304333655;988.0066983851343;355.56899821164086
16;19;13;4;968.6375704651585;336.1234708587724;988.0066983851343;355.56899821164086
16;19;14;4;1015.0061964791884;350.1906546094761;988.0066983851343;355.56899821164086
17;0;0;0;360.4367223017491;269.4065374923494;339.91107087013404;307.0096107844467
17;0;1;0;354.77085098384146;335.4116059826028;339.91107087013404;307.0096107844467
17;0;2;1;144.66635646673518;165.6245529991332;164.81194043598134;161.6428346490843
17;0;3;1;162.38956530438347;180.27498702915253;164.81194043598134;161.6428346490843
17;0;4;1;163.2271933199957;126.15725392376243;164.81194043598134;161.6428346490843
17;0;5;1;181.0091218095322;176.04298974365093;164.81194043598134;161.6428346490843
17;0;6;2;346.0373004923204;198.39030710107642;361.0851718076698;217.59730444829034
17;0;7;2;372.34601345254646;224.84224311703304;361.0851718076698;217.59730444829034
17;0;8;2;346.47397943094023;232.61979491181614;361.0851718076698;217.59730444829034
17;0;9;3;412.609943086389;307.68588088691763;424.85199978328524;296.74331055916036
17;0;10;3;396.32375455215765;302.53091600172996;424.85199978328524;296.74331055916036
17;0;11;3;434.6843757059208;270.58470132913413;424.85199978328524;296.74331055916036
17;0;12;4;416.8058222918072;358.80883042564676;434.92303446268375;338.65564220750673
17;0;13;4;417.7320278728748;301.06484026507576;434.92303446268375;338.65564220750673
17;0;14;4;464.0096487859651;333.7011165405354;434.92303446268375;338.65564220750673
17;1;0;0;371.349711147269;239.63594788652864;344.0808122225451;267.2275387286323
17;1;1;0;352.5112002554942;292.86830400891733;344.0808122225451;267.2275387286323
17;1;2;1;160.25017101642135;139.636451605891;183.39493566789412;126.22148108642811
17;1;3;1;190.8765076622105;154.69556486510444;183.39493566789412;126.22148108642811
17;1;4;1;175.97375432977273;91.05879572466534;183.39493566789412;126.22148108642811
17;1;5;1;205.1515517328025;143.3545373429621;183.39493566789412;126.22148108642811
17;1;6;2;385.6704306795965;186.4646508135767;398.729877083107;204.0741330478578
17;1;7;2;425.00066864783923;213.73689774458865;398.729877083107;204.0741330478578
17;1;8;2;382.82390876633235;213.46765967257377;398.729877083107;204.0741330478578
17;1;9;3;356.72988292631436;312.1804111559872;385.3849476446385;290.2354848481169
17;1;10;3;360.4852196554534;292.8063252666186;385.3849476446385;290.2354848481169
17;1;11;3;393.9566361242638;260.3025530322482;385.3849476446385;290.2354848481169
17;1;12;4;422.42059769064736;398.7669899366139;446.32754177466745;376.995402417645
17;1;13;4;431.2036577855262;350.9579561494469;446.32754177466745;376.995402417645
17;1;14;4;471.4776325331929;377.25059030869534;446.32754177466745;376.995402417645
17;2;0;0;369.3732271622524;192.0924163391229;348.25055357495614;227.4454666728181
17;2;1;0;357.65285345143747;256.5353370763225;348.25055357495614;227.4454666728181
17;2;2;1;176.8641293467939;86.23865637173448;201.9779308998069;90.80012752377179
17;2;3;1;212.92861332118466;112.70453129102593;201.9779308998069;90.80012752377179
17;2;4;1;199.10551746039923;57.54642737818793;201.9779308998069;90.80012752377179
17;2;5;1;220.7070687311427;108.13780822986594;201.9779308998069;90.80012752377179
17;2;6;2;422.9397814409935;183.778821732945;436.3745823585442;190.55096164742525
17;2;7;2;453.80896063103364;204.54950501488162;436.3745823585442;190.55096164742525
17;2;8;2;423.2178149884592;211.13165618216254;436.3745823585442;190.55096164742525
17;2;9;3;322.26306194074226;301.7076440870603;345.91789550599174;283.7276591370735
17;2;10;3;326.7151422879421;288.34366410493504;345.91789550599174;283.7276591370735
17;2;11;3;362.46404242344624;258.86314258871954;345.91789550599174;283.7276591370735
17;2;12;4;433.9852875042809;430.3047296503012;457.73204908665116;415.33516262778323
17;2;13;4;442.44864628685923;380.62420461656893;457.73204908665116;415.33516262778323
17;2;14;4;481.60057481537325;408.4213075232582;457.73204908665116;415.33516262778323
17;3;0;0;378.938682572109;158.10015672860524;352.4202949273672;187.66339461700397
17;3;1;0;362.1195619208228;217.31999694958634;352.4202949273672;187.66339461700397
17;3;2;1;189.91681753274682;46.98274806973726;220.56092613171967;55.37877396111547
17;3;3;1;233.44144258135245;72.53393710078886;220.56092613171967;55.37877396111547
17;3;4;1;208.337041724828;27.550870142265573;220.56092613171967;55.37877396111547
17;3;5;1;231.0104465777137;75.33878917508083;220.56092613171967;55.37877396111547
17;3;6;2;468.98773711083226;166.1529944414533;474.01928763398143;177.0277902469927
17;3;7;2;496.66964585138817;194.5043299116792;474.01928763398143;177.0277902469927
17;3;8;2;458.300259963925;198.0075859590988;474.01928763398143;177.0277902469927
17;3;9;3;286.67010118832576;293.35199806720004;306.450843367345;277.21983342603005
17;3;10;3;282.63232174082646;279.69066102882636;306.450843367345;277.21983342603005
17;3;11;3;315.80970168616466;249.212527135414;306.450843367345;277.21983342603005
17;3;12;4;440.16519924539926;480.4343696371746;469.13655639863487;453.6749228379215
17;3;13;4;450.40089593100646;420.1600061099565;469.13655639863487;453.6749228379215
17;3;14;4;499.69276750518657;447.1424245868526;469.13655639863487;453.6749228379215
17;4;0;0;382.43032414316815;118.48030728420831;356.59003627977825;147.88132256118985
17;4;1;0;377.36762581649106;175.46431166837857;356.59003627977825;147.88132256118985
17;4;2;1;214.96399005224933;18.84124557488137;239.14392136363244;19.957420398459163
17;4;3;1;249.61289980130425;45.66685304425032;239.14392136363244;19.957420398459163
17;4;4;1;224.74065064766418;2.533552038393279;239.14392136363244;19.957420398459163
17;4;5;1;249.5396446638786;36.69183140987489;239.14392136363244;19.957420398459163
17;4;6;2;491.4170749718976;145.47005843793923;511.66399290941865;163.50461884656016
17;4;7;2;533.4606462029628;170.62028303468293;511.66399290941865;163.50461884656016
17;4;8;2;490.75274147825667;173.61671793167878;511.66399290941865;163.50461884656016
17;4;9;3;246.30118668509283;280.3627870495254;266.98379122869824;270.7120077149866
17;4;10;3;243.8968779859511;271.38691137636295;266.98379122869824;270.7120077149866
17;4;11;3;277.94785769153964;248.08402459568313;266.98379122869824;270.7120077149866
17;4;12;4;454.7174745254236;510.008127228311;480.5410637106186;492.01468304805974
17;4;13;4;466.512550440514;458.83554943486183;480.5410637106186;492.01468304805974
17;4;14;4;514.0415532411438;480.2584179293176;480.5410637106186;492.01468304805974
17;5;0;0;384.67277793336535;81.77334167103439;360.7597776321893;108.09925050537572
17;5;1;0;379.46509063911185;133.37881779150075;360.7597776321893;108.09925050537572
17;5;2;1;239.8061125311567;-2.550340492480693;257.7269165955452;-15.463933164197122
17;5;3;1;266.96446559154066;11.235369115706227;257.7269165955452;-15.463933164197122
17;5;4;1;254.18275571179595;-46.456635555966194;257.7269165955452;-15.463933164197122
17;5;5;1;269.37725620362676;0.13221390189174542;257.7269165955452;-15.463933164197122
17;5;6;2;534.1803330236928;130.1548505089097;549.3086981848559;149.98144744612762
17;5;7;2;569.3255284867244;156.29811972747592;549.3086981848559;149.98144744612762
17;5;8;2;533.3220430711874;165.22261612949785;549.3086981848559;149.98144744612762
17;5;9;3;205.4696479593847;275.62401492796226;227.51673909005126;264.2041820039432
17;5;10;3;200.00101093115688;264.176201607241;227.51673909005126;264.2041820039432
17;5;11;3;248.19886121200716;233.29776319388986;227.51673909005126;264.2041820039432
17;5;12;4;465.7982728964568;548.8773021676581;491.9455710226023;530.3544432581982
17;5;13;4;475.9266492426801;513.9124290952866;491.9455710226023;530.3544432581982
17;5;14;4;526.5509723895588;522.2423945355678;491.9455710226023;530.3544432581982
17;6;0;0;380.1020395313836;40.629091702939164;364.92951898460035;68.3171784495616
17;6;1;0;373.84762752632594;102.48956356751155;364.92951898460035;68.3171784495616
17;6;2;1;250.0665513612663;-55.27043564735307;276.3099118274583;-50.88528672685342
17;6;3;1;284.44317471492917;-28.08213526939986;276.3099118274583;-50.88528672685342
17;6;4;1;264.6818158650453;-73.7329983760881;276.3099118274583;-50.88528672685342
17;6;5;1;294.64840348698743;-28.43078447821769;276.3099118274583;-50.88528672685342
17;6;6;2;568.1924398608436;118.07040606850956;586.9534034602931;136.45827604569507
17;6;7;2;599.3676711499312;154.55919915664035;586.9534034602931;136.45827604569507
17;6;8;2;569.9571255621402;145.96912299927249;586.9534034602931;136.45827604569507
17;6;9;3;152.76215123645682;270.39669587343394;188.04968695140423;257.69635629289974
17;6;10;3;148.41342168504002;269.20554714384565;188.04968695140423;257.69635629289974
17;6;11;3;201.91661408095916;229.16793623346908;188.04968695140423;257.69635629289974
17;6;12;4;486.12526232229396;584.0755091821495;503.350078334586;568.694203468337
17;6;13;4;487.7287805687304;553.081747030803;503.350078334586;568.694203468337
17;6;14;4;523.9192839945135;568.4761288584762;503.350078334586;568.694203468337
17;7;0;0;395.42097495729473;-1.3044846610412932;369.0992603370114;28.535106393747405
17;7;1;0;389.9162960273331;55.3939809229674;369.0992603370114;28.535106393747405
17;7;2;1;262.15191386858965;-82.7349158666517;294.89290705937134;-86.30664028950974
17;7;3;1;309.47531460514006;-66.11134352650424;294.89290705937134;-86.30664028950974
17;7;4;1;287.1940004335005;-107.37221726088988;294.89290705937134;-86.30664028950974
17;7;5;1;309.7608957108745;-71.67251451659229;294.89290705937134;-86.30664028950974
17;7;6;2;609.1657523624772;108.02390019671367;624.5981087357303;122.93510464526258
17;7;7;2;642.421304671279;134.05942597435924;624.5981087357303;122.93510464526258
17;7;8;2;609.2115762089849;135.96381850235272;624.5981087357303;122.93510464526258
17;7;9;3;128.1692680395204;264.56404939912403;148.5826348127572;251.1885305818563
17;7;10;3;126.2444404903496;251.7692148802043;148.5826348127572;251.1885305818563
17;7;11;3;160.69740590935325;228.96002999922763;148.5826348127572;251.1885305818563
17;7;12;4;489.206994842138;620.094678039109;514.7545856465697;607.0339636784759
17;7;13;4;493.31300573521116;583.2897251294389;514.7545856465697;607.0339636784759
17;7;14;4;545.5211508303505;603.4394724141761;514.7545856465697;607.0339636784759
17;8;0;0;393.70803656581364;-43.444234213861655;373.26900168942245;-11.24696566206678
17;8;1;0;386.8818957034001;16.971914132480716;373.26900168942245;-11.24696566206678
17;8;2;1;290.8842892744199;-120.19992229367413;313.4759022912844;-121.72799385216607
17;8;3;1;327.0207246439404;-93.89212812495295;313.4759022912844;-121.72799385216607
17;8;4;1;312.5396060821818;-141.61356831971815;313.4759022912844;-121.72799385216607
17;8;5;1;331.3508274286753;-106.26092045613584;313.4759022912844;-121.72799385216607
17;8;6;2;647.5138672132981;92.63009356805198;662.2428140111675;109.41193324483018
17;8;7;2;681.1352760349454;121.0853815054125;662.2428140111675;109.41193324483018
17;8;8;2;645.2515333578896;129.7015880801431;662.2428140111675;109.41193324483018
17;8;9;3;100.33562065047715;255.72670010705997;109.11558267411016;244.68070487081286
17;8;10;3;84.49128259686515;251.28349769617017;109.11558267411016;244.68070487081286
17;8;11;3;124.88005089185096;224.06403957530395;109.11558267411016;244.68070487081286
17;8;12;4;507.40235734329684;666.1046321083761;526.1590929585534;645.3737238886147
17;8;13;4;514.0182026865955;623.7944093987109;526.1590929585534;645.3737238886147
17;8;14;4;560.04241469378;638.0280628823429;526.1590929585534;645.3737238886147
17;9;0;0;400.34815469835314;-78.7628789503945;377.4387430418335;-51.029037717880975
17;9;1;0;401.0265688372179;-25.806310899114937;377.4387430418335;-51.029037717880975
17;9;2;1;316.5329447034294;-160.19117031583647;332.05889752319746;-157.14934741482227
17;9;3;1;340.23182485878135;-138.84467820135688;332.05889752319746;-157.14934741482227
17;9;4;1;321.9722030435076;-184.00820907382644;332.05889752319746;-157.14934741482227
17;9;5;1;353.78059275361744;-144.9241944854849;332.05889752319746;-157.14934741482227
17;9;6;2;691.046909424973;75.87996968657194;699.8875192866047;95.88876184439778
17;9;7;2;711.7599937462571;108.75242020215732;699.8875192866047;95.88876184439778
17;9;8;2;677.4434574271102;110.84338871576718;699.8875192866047;95.88876184439778
17;9;9;3;50.92283286994834;255.92384220079006;69.64853053546312;238.17287915976942
17;9;10;3;45.42318154437301;236.17567236227168;69.64853053546312;238.17287915976942
17;9;11;3;81.14673503782284;220.5296201135798;69.64853053546312;238.17287915976942
17;9;12;4;516.643878310614;702.4097888457115;537.5636002705371;683.7134840987535
17;9;13;4;515.7076954004708;657.703127898205;537.5636002705371;683.7134840987535
17;9;14;4;565.8875200515839;678.3205941092305;537.5636002705371;683.7134840987535
17;10;0;0;405.7095327030305;-118.68716111851471;381.60848439424456;-90.81110977369512
17;10;1;0;404.3144888784953;-60.24863582303233;381.60848439424456;-90.81110977369512
17;10;2;1;320.9634672969494;-193.15564298299816;350.6418927551105;-192.57070097747845
17;10;3;1;367.6545899441297;-172.3355381190065;350.6418927551105;-192.57070097747845
17;10;4;1;339.34717598356417;-215.91856249615455;350.6418927551105;-192.57070097747845
17;10;5;1;367.17405935093586;-174.57646454789645;350.6418927551105;-192.57070097747845
17;10;6;2;719.1832011246001;65.52582409715289;737.532224562042;82.36559044396537
17;10;7;2;762.4811814730426;84.33894995698685;737.532224562042;82.36559044396537
17;10;8;2;725.8648544003988;106.58690522897561;737.532224562042;82.36559044396537
17;10;9;3;9.272328374443406;235.28693059167784;30.181478396816093;231.66505344872598
17;10;10;3;5.33723795932247;239.58302367901558;30.181478396816093;231.66505344872598
17;10;11;3;35.60933183278493;199.6829840807651;30.181478396816093;231.66505344872598
17;10;12;4;526.1519178679886;737.1318802139097;548.9681075825208;722.0532443088923
17;10;13;4;527.5599752619141;702.6238917856548;548.9681075825208;722.0532443088923
17;10;14;4;576.8788257528792;714.2674175525194;548.9681075825208;722.0532443088923
17;11;0;0;408.77289612039493;-158.62829687251164;385.7782257466556;-130.59318182950926
17;11;1;0;407.07767190280043;-97.56181083532701;385.7782257466556;-130.59318182950926
17;11;2;1;336.45326993647205;-225.09857208434897;369.2248879870236;-227.99205454013463
17;11;3;1;378.7275204926847;-205.88926700574206;369.2248879870236;-227.99205454013463
17;11;4;1;362.3493871999878;-260.24342336639825;369.2248879870236;-227.99205454013463
17;11;5;1;382.60770366989647;-214.8860115388667;369.2248879870236;-227.99205454013463
17;11;6;2;769.812343685206;49.906510635504745;775.1769298374792;68.84241904353297
17;11;7;2;794.7407033306839;94.74454933660857;775.1769298374792;68.84241904353297
17;11;8;2;752.6970511916752;80.3036769665009;775.1769298374792;68.84241904353297
17;11;9;3;-34.66528158881699;239.65062542672126;-9.285573741830907;225.15722773768255
17;11;10;3;-33.42797090768924;242.61862588341174;-9.285573741830907;225.15722773768255
17;11;11;3;0.7847620559618231;192.59787616521243;-9.285573741830907;225.15722773768255
17;11;12;4;542.2240429420051;788.7457146103116;560.3726148945045;760.3930045190311
17;11;13;4;539.758630517782;733.6921511736505;560.3726148945045;760.3930045190311
17;11;14;4;595.7852924648906;756.7843905811649;560.3726148945045;760.3930045190311
17;12;0;0;416.881755185071;-199.46960308792669;389.94796709906666;-170.3752538853234
17;12;1;0;403.0022608538178;-142.62842411836513;389.94796709906666;-170.3752538853234
17;12;2;1;357.3369681748207;-256.2594967535937;387.80788321893664;-263.41340810279087
17;12;3;1;401.8467906304932;-233.47844976930105;387.80788321893664;-263.41340810279087
17;12;4;1;379.3623117312935;-293.76263667385246;387.80788321893664;-263.41340810279087
17;12;5;1;401.0874173038488;-235.40558491831578;387.80788321893664;-263.41340810279087
17;12;6;2;800.9815014344563;36.89869760219402;812.8216351129164;55.31924764310057
17;12;7;2;825.1474414923076;62.49216270156408;812.8216351129164;55.31924764310057
17;12;8;2;798.3800091512421;62.422515891885325;812.8216351129164;55.31924764310057
17;12;9;3;-73.4824453776869;236.34135908127283;-48.75262588047792;218.6494020266391
17;12;10;3;-68.92509991969196;226.20914535521362;-48.75262588047792;218.6494020266391
17;12;11;3;-39.56768158032492;194.71497186441482;-48.75262588047792;218.6494020266391
17;12;12;4;543.8954296195406;822.2134121400591;571.7771222064882;798.73276472917
17;12;13;4;551.6541787578628;769.0488988751356;571.7771222064882;798.73276472917
17;12;14;4;598.5259143044739;786.3259708732554;571.7771222064882;798.73276472917
17;13;0;0;414.5378854697671;-231.71833930921775;394.1177084514777;-210.15732594113751
17;13;1;0;414.74775759896994;-182.68477509970938;394.1177084514777;-210.15732594113751
17;13;2;1;384.60467275677667;-295.377232243607;406.3908784508497;-298.83476166544733
17;13;3;1;421.1656298899611;-270.6208497322851;406.3908784508497;-298.83476166544733
17;13;4;1;397.70736483199323;-319.62360226771796;406.3908784508497;-298.83476166544733
17;13;5;1;417.44805721944954;-281.5689880711311;406.3908784508497;-298.83476166544733
17;13;6;2;840.751367151193;29.66165158859204;850.4663403883536;41.796076242668164
17;13;7;2;872.5021076745887;45.59730709651359;850.4663403883536;41.796076242668164
17;13;8;2;838.2340224693767;49.76240189178807;850.4663403883536;41.796076242668164
17;13;9;3;-101.93229672211501;226.8991692692214;-88.21967801912496;212.14157631559567
17;13;10;3;-112.90413683067489;220.11325026225822;-88.21967801912496;212.14157631559567
17;13;11;3;-79.9836759906697;190.9484873974641;-88.21967801912496;212.14157631559567
17;13;12;4;564.381437854285;856.5793550733805;583.1816295184719;837.0725249393088
17;13;13;4;574.5006772972292;808.4071518796414;583.1816295184719;837.0725249393088
17;13;14;4;613.5889324536109;833.3246740751482;583.1816295184719;837.0725249393088
17;14;0;0;428.9214820955137;-272.72692632560324;398.28744980388876;-249.93939799695164
17;14;1;0;417.52772324306886;-216.5159936597681;398.28744980388876;-249.93939799695164
17;14;2;1;397.00774148131893;-324.7932057224839;424.97387368276276;-334.2561152281038
17;14;3;1;431.9572187137217;-320.87892263880985;424.97387368276276;-334.2561152281038
17;14;4;1;418.4049030030508;-360.12977504210187;424.97387368276276;-334.2561152281038
17;14;5;1;443.98573517447227;-321.30069221672034;424.97387368276276;-334.2561152281038
17;14;6;2;872.7938024184151;3.7874840321897505;888.1110456637908;28.27290484223576
17;14;7;2;902.0250181735664;34.60037127055731;888.1110456637908;28.27290484223576
17;14;8;2;873.2708770994087;34.608821390126536;888.1110456637908;28.27290484223576
17;14;9;3;-152.86663500345648;212.0220926921739;-127.68673015777199;205.63375060455223
17;14;10;3;-153.47758754791073;205.2531102603939;-127.68673015777199;205.63375060455223
17;14;11;3;-107.438789121072;183.72312883907827;-127.68673015777199;205.63375060455223
17;14;12;4;561.235590829245;899.7023449374832;594.5861368304556;875.4122851494476
17;14;13;4;570.4016246981884;851.7663415557968;594.5861368304556;875.4122851494476
17;14;14;4;618.4971172686446;873.2946468324202;594.5861368304556;875.4122851494476
17;15;0;0;418.932951494363;-311.8431541975049;402.4571911562998;-289.721470052766
17;15;1;0;414.07467231417615;-257.5250770823397;402.4571911562998;-289.721470052766
17;15;2;1;420.08121937783744;-366.2106924280256;443.5568689146758;-369.67746879076026
17;15;3;1;453.3300524388958;-345.39011993723426;443.5568689146758;-369.67746879076026
17;15;4;1;432.1032432772915;-393.70644623328775;443.5568689146758;-369.67746879076026
17;15;5;1;464.16862163444495;-351.9004104453984;443.5568689146758;-369.67746879076026
17;15;6;2;915.6405174189692;-7.94218274930819;925.755750939228;14.749733441803356
17;15;7;2;944.7365628336039;27.634412321401733;925.755750939228;14.749733441803356
17;15;8;2;914.1488226262163;35.61837323050642;925.755750939228;14.749733441803356
17;15;9;3;-192.39936153882115;222.82242317443988;-167.15378229641902;199.1259248935088
17;15;10;3;-192.41608782581673;200.93039409800653;-167.15378229641902;199.1259248935088
17;15;11;3;-151.37680572621016;177.75362018518783;-167.15378229641902;199.1259248935088
17;15;12;4;579.5029459786774;935.4911425097672;605.9906441424394;913.7520453595864
17;15;13;4;586.9381178167318;896.0928257690774;605.9906441424394;913.7520453595864
17;15;14;4;628.502539635866;912.6346173076778;605.9906441424394;913.7520453595864
17;16;0;0;434.70429840884816;-353.23805930317207;406.62693250871087;-329.5035421085804
17;16;1;0;418.4654799673286;-297.89556782096577;406.62693250871087;-329.5035421085804
17;16;2;1;434.37213383865065;-407.864271614249;462.1398641465889;-405.0988223534167
17;16;3;1;470.1860674531104;-378.3997568916787;462.1398641465889;-405.0988223534167
17;16;4;1;454.38866922516445;-429.7298371678825;462.1398641465889;-405.0988223534167
17;16;5;1;467.9577847838807;-384.8905857027724;462.1398641465889;-405.0988223534167
17;16;6;2;953.1158500601338;-23.639768359368958;963.4004562146653;1.226562041370936
17;16;7;2;986.0427565789298;8.9414941866768;963.4004562146653;1.226562041370936
17;16;8;2;955.985570874526;20.99510731462246;963.4004562146653;1.226562041370936
17;16;9;3;-229.3456145144657;204.9927696077229;-206.62083443506606;192.61809918246536
17;16;10;3;-240.7189471549048;199.06593016069928;-206.62083443506606;192.61809918246536
17;16;11;3;-195.82117972262594;165.7314398925801;-206.62083443506606;192.61809918246536
17;16;12;4;597.5054835178738;967.6882017328531;617.3951514544231;952.0918055697252
17;16;13;4;607.3175261719143;939.594986330325;617.3951514544231;952.0918055697252
17;16;14;4;646.9866693371227;938.6960485719388;617.3951514544231;952.0918055697252
17;17;0;0;430.19513747397025;-393.0295797156468;410.7966738611219;-369.2856141643948
17;17;1;0;430.97827501422114;-341.4095850679395;410.7966738611219;-369.2856141643948
17;17;2;1;443.1202293297792;-434.40341470140186;480.72285937850194;-440.5201759160732
17;17;3;1;494.7821743767158;-420.50034295985637;480.72285937850194;-440.5201759160732
17;17;4;1;471.2717443310061;-451.2505743436421;480.72285937850194;-440.5201759160732
17;17;5;1;495.0164861740402;-424.82289442958177;480.72285937850194;-440.5201759160732
17;17;6;2;980.6590946214162;-24.611809941151215;1001.0451614901025;-12.296609359061483
17;17;7;2;1019.6941733069951;-9.170308277916947;1001.0451614901025;-12.296609359061483
17;17;8;2;974.4501477585592;5.225306096459368;1001.0451614901025;-12.296609359061483
17;17;9;3;-264.9443162954673;206.56802072332118;-246.0878865737131;186.11027347142192
17;17;10;3;-276.9939264525;195.7439073772871;-246.0878865737131;186.11027347142192
17;17;11;3;-242.96096563083327;161.901342141181;-246.0878865737131;186.11027347142192
17;17;12;4;604.0355938500178;1008.1198826178081;628.7996587664068;990.4315657798641
17;17;13;4;604.9414079834681;976.1218871081231;628.7996587664068;990.4315657798641
17;17;14;4;653.4579528193118;977.4792668321836;628.7996587664068;990.4315657798641
17;18;0;0;432.36387879692825;-438.07074218813193;414.96641521353297;-409.0676862202092
17;18;1;0;421.7642017173645;-378.0125121811786;414.96641521353297;-409.0676862202092
17;18;2;1;468.8673006265483;-464.103776263166;499.305854610415;-475.94152947872965
17;18;3;1;507.9510639767353;-453.4620262929596;499.305854610415;-475.94152947872965
17;18;4;1;486.32396352063535;-492.44387319461464;499.305854610415;-475.94152947872965
17;18;5;1;517.4756115003522;-455.3424158264171;499.305854610415;-475.94152947872965
17;18;6;2;1028.471010292478;-42.28664137443262;1038.6898667655394;-25.81978075949389
17;18;7;2;1058.0182726728144;-12.23491405793463;1038.6898667655394;-25.81978075949389
17;18;8;2;1024.7278567977794;-10.310564311999238;1038.6898667655394;-25.81978075949389
17;18;9;3;-306.9724059557007;203.76706680825527;-285.5549387123599;179.60244776037848
17;18;10;3;-313.4833709446508;190.18077174532186;-285.5549387123599;179.60244776037848
17;18;11;3;-271.1663875845945;155.83477756859708;-285.5549387123599;179.60244776037848
17;18;12;4;619.0528247627675;1039.2989198163189;640.2041660783905;1028.7713259900027
17;18;13;4;626.4244433771131;1010.3592055643213;640.2041660783905;1028.7713259900027
17;18;14;4;660.0747928762613;1022.7133135738497;640.2041660783905;1028.7713259900027
17;19;0;0;450.02687910410975;-482.6033921419066;419.136156565944;-448.84975827602364
17;19;1;0;429.14302283300896;-419.4627805568326;419.136156565944;-448.84975827602364
17;19;2;1;488.22207414533403;-506.4848409940971;517.8888498423279;-511.3628830413861
17;19;3;1;523.6842472392918;-483.3086254603608;517.8888498423279;-511.3628830413861
17;19;4;1;517.2034276889308;-531.5343648960136;517.8888498423279;-511.3628830413861
17;19;5;1;532.6210204818585;-486.4274069396939;517.8888498423279;-511.3628830413861
17;19;6;2;1073.23111569399;-51.48434225117432;1076.3345720409754;-39.3429521599263
17;19;7;2;1094.4851899656214;-33.702635649414034;1076.3345720409754;-39.3429521599263
17;19;8;2;1060.5005221456388;-32.24903024219512;1076.3345720409754;-39.3429521599263
17;19;9;3;-337.3248439021168;180.79695247552098;-325.02199085100665;173.09462204933504
17;19;10;3;-351.6593300921141;176.97261618903218;-325.02199085100665;173.09462204933504
17;19;11;3;-313.6051770846294;152.9607926070099;-325.02199085100665;173.09462204933504
17;19;12;4;631.1190273115463;1095.5429857796319;651.6086733903742;1067.1110862001403
17;19;13;4;629.5523538689779;1034.2750896588182;651.6086733903742;1067.1110862001403
17;19;14;4;674.5701425766568;1061.668858583721;651.6086733903742;1067.1110862001403
18;0;0;0;293.1797559409743;303.8529920657206;277.8968187953533;326.3147251960771
18;0;1;0;301.2890259224622;356.35954368956294;277.8968187953533;326.3147251960771
18;0;2;1;117.06868410870449;74.51321507961764;139.1035733450395;68.86533540728962
18;0;3;1;144.42087073313837;87.89986025769537;139.1035733450395;68.86533540728962
18;0;4;1;134.79026938180667;41.37043418316287;139.1035733450395;68.86533540728962
18;0;5;1;153.64853841075686;88.99606335831199;139.1035733450395;68.86533540728962
18;0;6;2;352.2829145003407;100.88096665689099;358.8359851407021;120.60650846738224
18;0;7;2;371.4826895421666;137.60402469834816;358.8359851407021;120.60650846738224
18;0;8;2;339.2057404031752;133.16700883622042;358.8359851407021;120.60650846738224
18;0;9;3;346.00417346401025;112.4477893715028;360.49557131734787;103.71840814507225
18;0;10;3;337.67526171673194;103.87108796926965;360.49557131734787;103.71840814507225
18;0;11;3;379.8397311450038;84.56125204184211;360.49557131734787;103.71840814507225
18;0;12;4;319.963299506527;259.4567879621269;347.96861729313014;233.73675941095337
18;0;13;4;335.3286760033674;209.8735103168037;347.96861729313014;233.73675941095337
18;0;14;4;374.7930639328897;225.1472391554434;347.96861729313014;233.73675941095337
18;1;0;0;299.81004496037053;260.58618636443526;274.11770644886735;286.4936464830055
18;1;1;0;280.1001453545184;316.61311255183006;274.11770644886735;286.4936464830055
18;1;2;1;108.38870912541176;122.21928372494543;129.69055651397306;107.74200082676799
18;1;3;1;141.55610385698458;134.52847923826042;129.69055651397306;107.74200082676799
18;1;4;1;116.3077134858411;85.54235807863282;129.69055651397306;107.74200082676799
18;1;5;1;146.24802885127477;126.92687810822626;129.69055651397306;107.74200082676799
18;1;6;2;381.20040524281404;68.1448450493223;385.4635969088569;90.75738299402187
18;1;7;2;398.36127560796365;95.5286060485621;385.4635969088569;90.75738299402187
18;1;8;2;374.7154451867344;113.26743546124852;385.4635969088569;90.75738299402187
18;1;9;3;374.55257899133187;108.5877852406932;397.7354987198595;89.1174558796999
18;1;10;3;358.2648878713541;105.0197691853574;397.7354987198595;89.1174558796999
18;1;11;3;405.7740560985976;61.9285314184346;397.7354987198595;89.1174558796999
18;1;12;4;295.4754636009026;279.3746582179962;323.9225121503356;265.7021286010889
18;1;13;4;308.471042489925;247.69404819334525;323.9225121503356;265.7021286010889
18;1;14;4;359.35831757726015;248.84974704019433;323.9225121503356;265.7021286010889
18;2;0;0;294.6183817387215;225.38748501144102;270.3385941023814;246.67256776993392
18;2;1;0;282.2214579074345;280.1909116490767;270.3385941023814;246.67256776993392
18;2;2;1;91.71947856538036;146.45630342883254;120.27753968290662;146.6186662462463
18;2;3;1;131.32052873578326;174.58344817970493;120.27753968290662;146.6186662462463
18;2;4;1;106.38470564807717;130.26425474702734;120.27753968290662;146.6186662462463
18;2;5;1;141.5081512834156;165.85601332268928;120.27753968290662;146.6186662462463
18;2;6;2;398.7932626999147;38.09422948168077;412.0912086770117;60.90825752066149
18;2;7;2;433.5576359285951;72.66155568425953;412.0912086770117;60.90825752066149
18;2;8;2;393.27530966665887;75.70298816208927;412.0912086770117;60.90825752066149
18;2;9;3;421.392807521868;88.63796343799974;434.9754261223711;74.51650361432756
18;2;10;3;405.48322660832827;75.79921836865394;434.9754261223711;74.51650361432756
18;2;11;3;451.1592468351673;53.63151607288854;434.9754261223711;74.51650361432756
18;2;12;4;281.33130087885826;314.95739938432376;299.87640700754105;297.66749779122455
18;2;13;4;283.8796145306849;280.4227137848239;299.87640700754105;297.66749779122455
18;2;14;4;325.86889268338143;287.9223490573859;299.87640700754105;297.66749779122455
18;3;0;0;287.8100014830342;175.61874177393838;266.5594817558955;206.85148905686256
18;3;1;0;277.98056897505;230.59515909815187;266.5594817558955;206.85148905686256
18;3;2;1;90.49559171415798;186.32569452271514;110.86452285184018;185.49533166572454
18;3;3;1;123.43975713775646;215.1102159838816;110.86452285184018;185.49533166572454
18;3;4;1;103.2820462861662;157.42329544478812;110.86452285184018;185.49533166572454
18;3;5;1;127.94217621791793;204.9824846658181;110.86452285184018;185.49533166572454
18;3;6;2;423.7650615265985;9.506333211402701;438.7188204451665;31.059132047301116
18;3;7;2;450.9846995934648;43.74404027656245;438.7188204451665;31.059132047301116
18;3;8;2;431.37997507671537;40.90680066530912;438.7188204451665;31.059132047301116
18;3;9;3;452.973570177222;79.9125485618005;472.21535352488274;59.91555134895524
18;3;10;3;446.53859605028606;56.38147943786421;472.21535352488274;59.91555134895524
18;3;11;3;485.9710990227715;36.782301018861055;472.21535352488274;59.91555134895524
18;3;12;4;246.82315139307605;346.6952470880961;275.8303018647465;329.6328669813602
18;3;13;4;269.9978706745693;313.76588002422;275.8303018647465;329.6328669813602
18;3;14;4;300.67292440508163;323.08980475298443;275.8303018647465;329.6328669813602
18;4;0;0;286.8495046060341;136.13666625771208;262.78036940940956;167.0304103437912
18;4;1;0;280.1274035372281;197.1004875394621;262.78036940940956;167.0304103437912
18;4;2;1;64.01330297339354;224.27176068977397;101.45150602077373;224.37199708520276
18;4;3;1;109.70635405314617;241.75881181543227;101.45150602077373;224.37199708520276
18;4;4;1;89.89248347569476;194.0304071086999;101.45150602077373;224.37199708520276
18;4;5;1;112.72584887435707;253.08599017797758;101.45150602077373;224.37199708520276
18;4;6;2;457.83931853519675;-16.13477555091042;465.3464322133213;1.2100065739407064
18;4;7;2;487.05494096030037;7.1483932890959;465.3464322133213;1.2100065739407064
18;4;8;2;453.07105929775406;16.166774173757023;465.3464322133213;1.2100065739407064
18;4;9;3;481.0713085207073;61.41125384162166;509.45528092739437;45.31459908358297
18;4;10;3;483.2057253101959;47.388921710617645;509.45528092739437;45.31459908358297
18;4;11;3;520.2057283855235;21.99453794942129;509.45528092739437;45.31459908358297
18;4;12;4;226.6083242175669;372.38578533581017;251.7841967219519;361.5982361714959
18;4;13;4;235.6270248337225;337.12336766250525;251.7841967219519;361.5982361714959
18;4;14;4;285.95648026538794;359.2899445883543;251.7841967219519;361.5982361714959
18;5;0;0;286.7010734527531;108.18317978065936;259.0012570629236;127.20933163071983
18;5;1;0;274.1575418343539;156.55466746470736;259.0012570629236;127.20933163071983
18;5;2;1;59.13390457369928;268.26441427557467;92.03848918970729;263.248662504681
18;5;3;1;99.4110987805799;287.3558945573415;92.03848918970729;263.248662504681
18;5;4;1;91.85767902536115;239.5387112261337;92.03848918970729;263.248662504681
18;5;5;1;108.84181179912206;283.80768885753463;92.03848918970729;263.248662504681
18;5;6;2;480.74613913680065;-48.76576578420296;491.9740439814761;-28.639118899419703
18;5;7;2;517.083066557996;-14.141307554980848;491.9740439814761;-28.639118899419703
18;5;8;2;480.2072401203852;-17.348971211313938;491.9740439814761;-28.639118899419703
18;5;9;3;520.6678379197075;41.035666367255544;546.6952083299054;30.713646818210698
18;5;10;3;527.7906392651277;29.669416473706196;546.6952083299054;30.713646818210698
18;5;11;3;565.5579985659643;7.923589982803949;546.6952083299054;30.713646818210698
18;5;12;4;199.03692597297442;411.62057085453074;227.73809157915707;393.5636053616316
18;5;13;4;208.3855275176093;372.2161183702776;227.73809157915707;393.5636053616316
18;5;14;4;255.4213050694371;390.7981980993896;227.73809157915707;393.5636053616316
18;6;0;0;281.1895942346332;63.2130294351561;255.2221447164376;87.38825291764833
18;6;1;0;265.69377977105404;120.7384308178888;255.2221447164376;87.38825291764833
18;6;2;1;53.807808560714975;302.85021008752136;82.62547235864085;302.12532792415954
18;6;3;1;98.82755471414107;335.6122873806012;82.62547235864085;302.12532792415954
18;6;4;1;70.55138334114358;277.14781407355065;82.62547235864085;302.12532792415954
18;6;5;1;103.69141627260747;328.0019880176687;82.62547235864085;302.12532792415954
18;6;6;2;517.1171552833208;-65.57896715145759;518.6016557496309;-58.48824437278009
18;6;7;2;540.0966117653132;-57.306655576007486;518.6016557496309;-58.48824437278009
18;6;8;2;501.6159641084426;-42.522144754215205;518.6016557496309;-58.48824437278009
18;6;9;3;561.888438286175;34.535709395289246;583.9351357324165;16.112694552838427
18;6;10;3;565.3658519631138;19.25862335864353;583.9351357324165;16.112694552838427
18;6;11;3;593.325416941207;-7.929222205734614;583.9351357324165;16.112694552838427
18;6;12;4;174.54714165406233;445.007372608096;203.69198643636224;425.52897455176725
18;6;13;4;184.65932692731343;406.7849097223476;203.69198643636224;425.52897455176725
18;6;14;4;231.24037144441297;409.6705269398411;203.69198643636224;425.52897455176725
18;7;0;0;268.4291707487971;29.2636550592525;251.4430323699514;47.56717420457683
18;7;1;0;278.0614162521338;77.3646536698856;251.4430323699514;47.56717420457683
18;7;2;1;49.719496427931624;347.6523750823928;73.2124555275744;341.00199334363805
18;7;3;1;81.96368400305703;360.7864385680287;73.2124555275744;341.00199334363805
18;7;4;1;68.10107104322469;324.21664776977906;73.2124555275744;341.00199334363805
18;7;5;1;88.62957205112363;363.8599739186232;73.2124555275744;341.00199334363805
18;7;6;2;536.7806312037053;-102.09038060966233;545.2292675177857;-88.33736984614046
18;7;7;2;562.987338636909;-68.37690429218596;545.2292675177857;-88.33736984614046
18;7;8;2;527.2439663393474;-66.93954813154735;545.2292675177857;-88.33736984614046
18;7;9;3;600.6404204662967;23.26964029052413;621.1750631349275;1.5117422874661515
18;7;10;3;591.5568443052615;10.470890159666014;621.1750631349275;1.5117422874661515
18;7;11;3;631.3008795360702;-26.201511255667373;621.1750631349275;1.5117422874661515
18;7;12;4;148.43344303308842;482.0353910469978;179.6458812935674;457.4943437419029
18;7;13;4;164.90475514826034;436.52612596484204;179.6458812935674;457.4943437419029
18;7;14;4;210.5759907336778;448.7472677275919;179.6458812935674;457.4943437419029
18;8;0;0;272.97866847972784;-10.976210031633226;247.66392002346518;7.746095491505329
18;8;1;0;263.29205542674487;40.7516854719353;247.66392002346518;7.746095491505329
18;8;2;1;38.74429938050978;379.2758866133271;63.79943869650797;379.87865876311656
18;8;3;1;76.6397861463312;397.1459111474103;63.79943869650797;379.87865876311656
18;8;4;1;50.22022377121698;363.4540954730028;63.79943869650797;379.87865876311656
18;8;5;1;84.06505674453818;394.1813911723946;63.79943869650797;379.87865876311656
18;8;6;2;569.8128477302317;-133.6981869589367;571.8568792859405;-118.18649531950084
18;8;7;2;594.5571411717741;-104.81094578346858;571.8568792859405;-118.18649531950084
18;8;8;2;560.8334989544255;-96.40529351926486;571.8568792859405;-118.18649531950084
18;8;9;3;636.0188616650917;-3.977967799969182;658.4149905374386;-13.089209977906124
18;8;10;3;634.3953890967939;-11.021623889103514;658.4149905374386;-13.089209977906124
18;8;11;3;675.4725356171908;-29.45657927435036;658.4149905374386;-13.089209977906124
18;8;12;4;143.21618276591485;504.6319061567123;155.59977615077258;489.4597129320386
18;8;13;4;143.4513087635437;467.88115265668347;155.59977615077258;489.4597129320386
18;8;14;4;184.15315256047785;483.42999788990636;155.59977615077258;489.4597129320386
18;9;0;0;273.27395335192693;-55.001406386636795;243.88480767697897;-32.074983221566164
18;9;1;0;253.4663793247927;-0.26803033799482456;243.88480767697897;-32.074983221566164
18;9;2;1;34.54925223131291;424.7601983801926;54.3864218654416;418.7553241825951
18;9;3;1;68.55816635296918;439.99139252615885;54.3864218654416;418.7553241825951
18;9;4;1;49.23206001229613;397.07226393928795;54.3864218654416;418.7553241825951
18;9;5;1;68.67534392279208;434.7510642606955;54.3864218654416;418.7553241825951
18;9;6;2;593.0713017101986;-163.56425911876718;598.4844910540953;-148.0356207928613
18;9;7;2;618.0951171152675;-133.5033296224209;598.4844910540953;-148.0356207928613
18;9;8;2;582.8422736904474;-129.763189422463;598.4844910540953;-148.0356207928613
18;9;9;3;673.4731024984857;-19.983881109104193;695.6549179399497;-27.690162243278397
18;9;10;3;671.8662814364725;-24.31163456503343;695.6549179399497;-27.690162243278397
18;9;11;3;705.8759577778643;-53.83734477292241;695.6549179399497;-27.690162243278397
18;9;12;4;105.09851291124826;544.8196405022912;131.55367100797775;521.4250821221741
18;9;13;4;119.1502772716514;500.5521019015009;131.55367100797775;521.4250821221741
18;9;14;4;162.22495354393416;515.8236297146076;131.55367100797775;521.4250821221741
18;10;0;0;256.7916639140457;-99.12039355183465;240.10569533049275;-71.89606193463766
18;10;1;0;253.53894949129207;-42.74508754995588;240.10569533049275;-71.89606193463766
18;10;2;1;20.24368769434437;458.24830003067234;44.973405034375226;457.6319896020736
18;10;3;1;50.27854822730196;482.9896417479692;44.973405034375226;457.6319896020736
18;10;4;1;30.12209128586926;429.90897469852746;44.973405034375226;457.6319896020736
18;10;5;1;54.593379712272785;472.5747949695584;44.973405034375226;457.6319896020736
18;10;6;2;618.5716021792127;-192.78193463635606;625.1121028222501;-177.8847462662218
18;10;7;2;632.904102336889;-161.9289767501572;625.1121028222501;-177.8847462662218
18;10;8;2;605.5401345102508;-169.5754740555705;625.1121028222501;-177.8847462662218
18;10;9;3;707.1497831730958;-33.419605470714636;732.8948453424607;-42.29111450865067
18;10;10;3;707.4401264509909;-40.199726250314974;732.8948453424607;-42.29111450865067
18;10;11;3;740.8143502565858;-76.4551239225225;732.8948453424607;-42.29111450865067
18;10;12;4;90.36409634240822;577.9069435103906;107.50756586518293;553.3904513123092
18;10;13;4;94.8562422326362;537.0809308424483;107.50756586518293;553.3904513123092
18;10;14;4;137.6653569985059;552.6312326222596;107.50756586518293;553.3904513123092
18;11;0;0;263.0280660423267;-137.93109839760308;236.32658298400654;-111.71714064770916
18;11;1;0;248.12148318619296;-84.2700349252093;236.32658298400654;-111.71714064770916
18;11;2;1;16.350896474371346;508.6850508359553;35.560388203308854;496.5086550215521
18;11;3;1;50.670945527466415;520.1225908032667;35.560388203308854;496.5086550215521
18;11;4;1;23.076724122505638;472.3424406495139;35.560388203308854;496.5086550215521
18;11;5;1;48.146771593593876;516.4760770022477;35.560388203308854;496.5086550215521
18;11;6;2;637.4163860702232;-220.54963248344475;651.7397145904049;-207.73387173958233
18;11;7;2;674.4741121659443;-198.85515099002373;651.7397145904049;-207.73387173958233
18;11;8;2;639.4463894816358;-197.5603362318499;651.7397145904049;-207.73387173958233
18;11;9;3;744.6915535028622;-36.34440699800132;770.1347727449718;-56.89206677402294
18;11;10;3;745.0717264696927;-48.465325192424636;770.1347727449718;-56.89206677402294
18;11;11;3;777.6776171028278;-84.4305334365125;770.1347727449718;-56.89206677402294
18;11;12;4;61.42626723519948;600.0216033195353;83.4614607223881;585.3558205024443
18;11;13;4;62.92580223691474;563.2469377691334;83.4614607223881;585.3558205024443
18;11;14;4;109.7216645004913;581.8046565412434;83.4614607223881;585.3558205024443
18;12;0;0;250.725321605192;-170.2450210523189;232.54747063752032;-151.53821936078057
18;12;1;0;249.67987817562093;-117.7090845657375;232.54747063752032;-151.53821936078057
18;12;2;1;8.325209308917927;533.1054389111353;26.147371372242482;535.3853204410306
18;12;3;1;36.490457775266016;566.8173146177201;26.147371372242482;535.3853204410306
18;12;4;1;18.96275342814259;513.8629222707099;26.147371372242482;535.3853204410306
18;12;5;1;47.41925462651507;560.9165260834233;26.147371372242482;535.3853204410306
18;12;6;2;656.4020678848826;-248.29426005747385;678.3673263585597;-237.58299721294284
18;12;7;2;695.1442133583547;-219.84562018706487;678.3673263585597;-237.58299721294284
18;12;8;2;659.3654462553615;-223.63387130884163;678.3673263585597;-237.58299721294284
18;12;9;3;788.7830841008873;-63.447589687358956;807.3747001474828;-71.49301903939525
18;12;10;3;787.9981655208276;-63.34750068951604;807.3747001474828;-71.49301903939525
18;12;11;3;816.3503002623436;-93.5599436243169;807.3747001474828;-71.49301903939525
18;12;12;4;36.15603361255613;631.7409799200839;59.41535557959328;617.3211896925794
18;12;13;4;47.91580669635406;594.3087273115939;59.41535557959328;617.3211896925794
18;12;14;4;89.8862481845004;614.2746949768933;59.41535557959328;617.3211896925794
18;13;0;0;249.69442387301032;-228.2911788097944;228.7683582910341;-191.35929807385193
18;13;1;0;245.8754061555909;-160.28512464872043;228.7683582910341;-191.35929807385193
18;13;2;1;-7.201615794232399;578.2339745460741;16.73435454117611;574.2619858605091
18;13;3;1;29.373831412117347;590.1993874406239;16.73435454117611;574.2619858605091
18;13;4;1;7.852808803159592;554.3636288622537;16.73435454117611;574.2619858605091
18;13;5;1;38.495432324697774;591.8776612914871;16.73435454117611;574.2619858605091
18;13;6;2;696.6653352128556;-279.3385189591779;704.9949381267145;-267.4321226863033
18;13;7;2;727.4031375831056;-254.79140299134434;704.9949381267145;-267.4321226863033
18;13;8;2;685.4344079355652;-250.94703872601534;704.9949381267145;-267.4321226863033
18;13;9;3;817.2673284776433;-60.27522254892663;844.6146275499939;-86.09397130476759
18;13;10;3;827.25558242084;-91.51694871423663;844.6146275499939;-86.09397130476759
18;13;11;3;860.6630200770288;-114.90509560730935;844.6146275499939;-86.09397130476759
18;13;12;4;12.839384730193686;670.2379810483405;35.369250436798524;649.2865588827145
18;13;13;4;7.507855060710735;624.9038213073599;35.369250436798524;649.2865588827145
18;13;14;4;70.17105115599071;639.1926334832409;35.369250436798524;649.2865588827145
18;14;0;0;247.54178631555823;-267.4555943453088;224.9892459445479;-231.1803767869233
18;14;1;0;235.0146723921772;-197.0579788936586;224.9892459445479;-231.1803767869233
18;14;2;1;-11.741282017392422;615.1165078755207;7.32133771010972;613.1386512799876
18;14;3;1;15.952001910798883;634.7168412697322;7.32133771010972;613.1386512799876
18;14;4;1;-1.1286162850863906;596.1265509869559;7.32133771010972;613.1386512799876
18;14;5;1;17.96542214997138;630.2499169957669;7.32133771010972;613.1386512799876
18;14;6;2;718.3919696210103;-318.8456132970299;731.6225498948693;-297.2812481596635
18;14;7;2;752.4466670368372;-285.6987384879223;731.6225498948693;-297.2812481596635
18;14;8;2;714.5925223044685;-281.937018813974;731.6225498948693;-297.2812481596635
18;14;9;3;871.1181538297595;-98.16832579771604;881.8545549525049;-100.69492357013993
18;14;10;3;864.3358128138644;-93.15637160258717;881.8545549525049;-100.69492357013993
18;14;11;3;888.5101756737007;-118.86055973747958;881.8545549525049;-100.69492357013993
18;14;12;4;-4.1266292651680985;702.2832098502967;11.323145294003737;681.2519280728496
18;14;13;4;-7.8609586337035795;666.527768856467;11.323145294003737;681.2519280728496
18;14;14;4;37.76809142670728;671.8706783191135;11.323145294003737;681.2519280728496
18;15;0;0;241.12420780887987;-296.0398009973917;221.21013359806167;-271.00145549999473
18;15;1;0;239.77671602317258;-243.8186013273315;221.21013359806167;-271.00145549999473
18;15;2;1;-32.3589899764745;655.4307662013462;-2.091679120956669;652.0153166994661
18;15;3;1;9.854128322932347;665.7700068421898;-2.091679120956669;652.0153166994661
18;15;4;1;-5.806741600541365;623.3943868141871;-2.091679120956669;652.0153166994661
18;15;5;1;7.30600822198457;666.3055287074949;-2.091679120956669;652.0153166994661
18;15;6;2;746.8441070398287;-350.8418106288038;758.2501616630241;-327.13037363302374
18;15;7;2;774.7804407295234;-318.2866857932836;758.2501616630241;-327.13037363302374
18;15;8;2;738.7131483342802;-309.20363276897695;758.2501616630241;-327.13037363302374
18;15;9;3;897.7031368974581;-97.69514731832834;919.094482355016;-115.29587583551228
18;15;10;3;893.6001119463476;-111.1354411287907;919.094482355016;-115.29587583551228
18;15;11;3;930.2979179330758;-135.00776307302104;919.094482355016;-115.29587583551228
18;15;12;4;-41.037300920333536;726.2767895508616;-12.72295984879104;713.2172972629847
18;15;13;4;-38.14447670996853;685.3606640540281;-12.72295984879104;713.2172972629847
18;15;14;4;16.05044347558788;712.1786926045254;-12.72295984879104;713.2172972629847
18;16;0;0;237.92951724895957;-339.93116285218855;217.43102125157546;-310.8225342130664
18;16;1;0;231.6699891379423;-286.08187492260583;217.43102125157546;-310.8225342130664
18;16;2;1;-48.450832594156736;689.5149874252722;-11.504695952023058;690.8919821189446
18;16;3;1;-2.456204987136315;709.0926188802578;-11.504695952023058;690.8919821189446
18;16;4;1;-18.047877778386155;670.0142044202928;-11.504695952023058;690.8919821189446
18;16;5;1;3.407030555484077;709.8985423777856;-11.504695952023058;690.8919821189446
18;16;6;2;764.6537957417768;-375.27828365240146;784.8777734311789;-356.97949910638397
18;16;7;2;803.2211941045236;-353.1614086024699;784.8777734311789;-356.97949910638397
18;16;8;2;763.3771109448535;-335.1910426269789;784.8777734311789;-356.97949910638397
18;16;9;3;921.6207050075883;-117.65881256833998;956.334409757527;-129.8968281008846
18;16;10;3;926.6134654956281;-124.87283106684212;956.334409757527;-129.8968281008846
18;16;11;3;955.9923656072363;-148.13509698228808;956.334409757527;-129.8968281008846
18;16;12;4;-57.512233184900374;764.3508808779518;-36.76906499158583;745.1826664531199
18;16;13;4;-63.54355819067638;715.6963706602805;-36.76906499158583;745.1826664531199
18;16;14;4;-7.405181728413753;741.0185492745724;-36.76906499158583;745.1826664531199
18;17;0;0;230.20959801350136;-374.7098727386388;213.65190890508924;-350.643612926138
18;17;1;0;237.52178358433792;-318.796337308263;213.65190890508924;-350.643612926138
18;17;2;1;-44.91387531113947;735.9380750734039;-20.91771278308944;729.7686475384231
18;17;3;1;-14.231608935362381;756.805978833061;-20.91771278308944;729.7686475384231
18;17;4;1;-27.619610966075424;704.8096418493609;-20.91771278308944;729.7686475384231
18;17;5;1;-0.9967751045431879;741.748052673847;-20.91771278308944;729.7686475384231
18;17;6;2;790.9539990325937;-395.3053873338447;811.5053851993337;-386.8286245797442
18;17;7;2;841.5703004912484;-378.27523636267654;811.5053851993337;-386.8286245797442
18;17;8;2;790.2133722979071;-371.696221035206;811.5053851993337;-386.8286245797442
18;17;9;3;973.7081540643426;-123.59118039738755;993.5743371600381;-144.4977803662568
18;17;10;3;969.1288214214924;-143.03740271838768;993.5743371600381;-144.4977803662568
18;17;11;3;1000.8444358338268;-171.8989228286427;993.5743371600381;-144.4977803662568
18;17;12;4;-83.42261232066267;787.0570112600407;-60.81517013438059;777.148035643255
18;17;13;4;-82.99188829617134;756.6273453305625;-60.81517013438059;777.148035643255
18;17;14;4;-27.098669121421175;773.8441242478389;-60.81517013438059;777.148035643255
18;18;0;0;232.30122154220038;-420.1917436270736;209.87279655860303;-390.46469163920966
18;18;1;0;226.80008181000315;-361.0552256834242;209.87279655860303;-390.46469163920966
18;18;2;1;-52.392364473426625;768.9364058340902;-30.33072961415581;768.6453129579016
18;18;3;1;-25.806436865151362;791.4835110613899;-30.33072961415581;768.6453129579016
18;18;4;1;-35.92195607078744;753.7169337937225;-30.33072961415581;768.6453129579016
18;18;5;1;-15.320677539498732;790.1179208744046;-30.33072961415581;768.6453129579016
18;18;6;2;821.462548924567;-434.21793377265146;838.1329969674885;-416.67775005310443
18;18;7;2;859.6397319685956;-400.7720451625323;838.1329969674885;-416.67775005310443
18;18;8;2;819.2274586616401;-398.27118836948483;838.1329969674885;-416.67775005310443
18;18;9;3;1008.8412634602622;-144.98354383728153;1030.8142645625492;-159.098732631629
18;18;10;3;996.12110557769;-153.44561038105488;1030.8142645625492;-159.098732631629
18;18;11;3;1047.6068750354061;-188.22460030919783;1030.8142645625492;-159.098732631629
18;18;12;4;-109.95183737918838;823.4681776229069;-84.86127527717541;809.1134048333901
18;18;13;4;-104.17466536976589;795.1594809280439;-84.86127527717541;809.1134048333901
18;18;14;4;-57.77122696002731;804.2200701429931;-84.86127527717541;809.1134048333901
18;19;0;0;225.50836568290563;-445.6829952369527;206.0936842121168;-430.2857703522813
18;19;1;0;219.73706627467675;-399.5170344411451;206.0936842121168;-430.2857703522813
18;19;2;1;-65.4342625698205;805.751419717741;-39.743746445222186;807.5219783773802
18;19;3;1;-34.32431391295426;830.0916733718215;-39.743746445222186;807.5219783773802
18;19;4;1;-50.46254285850187;778.9368872147261;-39.743746445222186;807.5219783773802
18;19;5;1;-29.67204194484486;827.6320526676576;-39.743746445222186;807.5219783773802
18;19;6;2;852.3798825384282;-455.64850724725983;864.7606087356432;-446.52687552646466
18;19;7;2;884.5353320149965;-437.6403566481549;864.7606087356432;-446.52687552646466
18;19;8;2;848.2934402005226;-435.7792154432082;864.7606087356432;-446.52687552646466
18;19;9;3;1049.99183450422;-155.57907496077289;1068.0541919650602;-173.6996848970012
18;19;10;3;1039.2691235701752;-174.83184985304075;1068.0541919650602;-173.6996848970012
18;19;11;3;1082.5057994696244;-200.43697875057336;1068.0541919650602;-173.6996848970012
18;19;12;4;-138.09379041865918;860.7483787710237;-108.90738041997024;841.0787740235252
18;19;13;4;-127.71329451162171;822.7616122746842;-108.90738041997024;841.0787740235252
18;19;14;4;-85.80324563230923;826.1983468678242;-108.90738041997024;841.0787740235252
19;0;0;0;417.4467179969874;39.75756216782654;401.2369804117846;68.35693456117254
19;0;1;0;414.4380774144346;92.69404753068052;401.2369804117846;68.35693456117254
19;0;2;1;94.71643401563254;205.80388285262484;127.9553324882087;201.92265903215875
19;0;3;1;141.0052177836409;228.85617217619108;127.9553324882087;201.92265903215875
19;0;4;1;120.09806810028716;182.05232904854972;127.9553324882087;201.92265903215875
19;0;5;1;151.1745690870799;213.5949790635443;127.9553324882087;201.92265903215875
19;0;6;2;314.54711633795614;341.7361333198368;328.9471524276705;351.4026506398805
19;0;7;2;345.06886188744863;371.8521742892363;328.9471524276705;351.4026506398805
19;0;8;2;310.27878998571526;379.4845784215912;328.9471524276705;351.4026506398805
19;0;9;3;273.5728685845841;207.05959900216828;294.587454134368;191.21637687749632
19;0;10;3;280.670784090105;194.50013735100222;294.587454134368;191.21637687749632
19;0;11;3;303.7771512062299;164.16441919977837;294.587454134368;191.21637687749632
19;0;12;4;318.3967369282284;370.04343304275557;348.63166607473215;348.21152127171075
19;0;13;4;335.2412848626046;323.00187063806595;348.63166607473215;348.21152127171075
19;0;14;4;380.7172164790433;335.7221040981313;348.63166607473215;348.21152127171075
19;1;0;0;386.5064882035431;21.083977794949718;365.5310048846231;50.32686768238001
19;1;1;0;380.2290636905912;85.75002585971937;365.5310048846231;50.32686768238001
19;1;2;1;61.87616442960337;199.61990643808542;88.11339861378879;198.37015215020207
19;1;3;1;97.19972309207556;218.18841943424607;88.11339861378879;198.37015215020207
19;1;4;1;78.90938339887765;173.51812542369908;88.11339861378879;198.37015215020207
19;1;5;1;104.41374936616342;217.0166241308944;88.11339861378879;198.37015215020207
19;1;6;2;284.49190341487076;318.0932703173395;293.98490964936843;331.96964830079065
19;1;7;2;315.0276484945973;346.34724301628836;293.98490964936843;331.96964830079065
19;1;8;2;276.399778369773;341.78286886549495;293.98490964936843;331.96964830079065
19;1;9;3;235.04329797757757;180.6834297965096;263.67744140065537;165.82797179167534
19;1;10;3;242.36841857202634;171.9292141996816;263.67744140065537;165.82797179167534
19;1;11;3;278.3583839965131;148.7767842441614;263.67744140065537;165.82797179167534
19;1;12;4;290.71531648981085;366.81293017426196;309.81308986659724;357.8612954231218
19;1;13;4;285.24389501038326;332.62923902543275;309.81308986659724;357.8612954231218
19;1;14;4;328.5663553264667;344.9677924868521;309.81308986659724;357.8612954231218
19;2;0;0;347.3483155508673;11.073443444031568;329.8250293574616;32.29680080358747
19;2;1;0;342.67020751565167;67.63052339577395;329.8250293574616;32.29680080358747
19;2;2;1;25.82041879376549;193.7517849144427;48.27146473936888;194.8176452682454
19;2;3;1;61.1124072045173;224.3388361730003;48.27146473936888;194.8176452682454
19;2;4;1;49.4555869263149;170.6551669027599;48.27146473936888;194.8176452682454
19;2;5;1;65.97129664941808;217.1337111089632;48.27146473936888;194.8176452682454
19;2;6;2;238.5864244380659;293.4240683355826;259.02266687106635;312.5366459617008
19;2;7;2;279.80664208268723;325.950053084981;259.02266687106635;312.5366459617008
19;2;8;2;247.7525289845888;329.7071458916324;259.02266687106635;312.5366459617008
19;2;9;3;203.5416422838891;151.45523891273766;232.76742866694298;140.43956670585436
19;2;10;3;200.44570972014944;144.28842750926162;232.76742866694298;140.43956670585436
19;2;11;3;250.26743682362624;119.9543609150956;232.76742866694298;140.43956670585436
19;2;12;4;247.43584086890382;383.0181503387055;270.9945136584623;367.5110695745329
19;2;13;4;258.45187983487574;345.0877276998835;270.9945136584623;367.5110695745329
19;2;14;4;302.54880871748753;360.35039467453265;270.9945136584623;367.5110695745329
19;3;0;0;315.7224768503948;-10.67150072826076;294.11905383030006;14.266733924794934
19;3;1;0;307.16975540759773;45.893471382616355;294.11905383030006;14.266733924794934
19;3;2;1;-19.45198367396432;193.88189385962997;8.429530864948955;191.26513838628873
19;3;3;1;12.959892626106349;223.24604936240814;8.429530864948955;191.26513838628873
19;3;4;1;5.88365450483523;165.65811965573366;8.429530864948955;191.26513838628873
19;3;5;1;31.111859859999107;205.63512326112692;8.429530864948955;191.26513838628873
19;3;6;2;214.87436428219712;279.638622452191;224.06042409276426;293.10364362261095
19;3;7;2;249.32728801025343;299.61091483469426;224.06042409276426;293.10364362261095
19;3;8;2;202.10254358958062;297.50297301811366;224.06042409276426;293.10364362261095
19;3;9;3;189.37800639795086;134.93991170330304;201.85741593323064;115.05116162003338
19;3;10;3;165.85375555242598;115.77294428348391;201.85741593323064;115.05116162003338
19;3;11;3;210.7766325046578;90.49841303391867;201.85741593323064;115.05116162003338
19;3;12;4;213.54649882767566;398.2982497810802;232.1759374503276;377.16084372594395
19;3;13;4;215.44112807454005;353.2635187921558;232.1759374503276;377.16084372594395
19;3;14;4;261.27637154153075;368.0486278680422;232.1759374503276;377.16084372594395
19;4;0;0;278.4121774652808;-24.700217793762377;258.41307830313855;-3.7633329539975993
19;4;1;0;267.9974080260863;25.55942555551462;258.41307830313855;-3.7633329539975993
19;4;2;1;-51.272400613934835;208.06552824563454;-31.412403009470978;187.71263150433205
19;4;3;1;-17.10748941886644;205.4024731679656;-31.412403009470978;187.71263150433205
19;4;4;1;-44.406412530603056;158.3426229302447;-31.412403009470978;187.71263150433205
19;4;5;1;-18.14304862625714;212.38350212695477;-31.412403009470978;187.71263150433205
19;4;6;2;179.07188941712033;254.77466726906968;189.09818131446218;273.6706412835211
19;4;7;2;208.02528439714618;279.7091436580606;189.09818131446218;273.6706412835211
19;4;8;2;182.17218932000094;290.2605637662244;189.09818131446218;273.6706412835211
19;4;9;3;148.9589040027563;100.97238994621306;170.9474031995183;89.6627565342124
19;4;10;3;145.11332285164852;96.89762263932205;170.9474031995183;89.6627565342124
19;4;11;3;185.1186033558965;60.30033993497074;170.9474031995183;89.6627565342124
19;4;12;4;167.38801377100353;404.5793992319261;193.35736124219298;386.810617877355
19;4;13;4;168.525158353774;365.68141123433924;193.35736124219298;386.810617877355
19;4;14;4;217.60270684031485;374.52299677842075;193.35736124219298;386.810617877355
19;5;0;0;249.08273334422617;-49.292220241300576;222.70710277597675;-21.793399832790136
19;5;1;0;238.9743403546732;12.173652669464083;222.70710277597675;-21.793399832790136
19;5;2;1;-92.95591933615572;185.73498154966373;-71.25433688389089;184.16012462237538
19;5;3;1;-67.44220671497874;205.54368373866455;-71.25433688389089;184.16012462237538
19;5;4;1;-79.63164524664359;153.96585037412467;-71.25433688389089;184.16012462237538
19;5;5;1;-48.107066001075836;209.4107865243799;-71.25433688389089;184.16012462237538
19;5;6;2;137.8975231162595;238.05688797502808;154.1359385361601;254.23763894443127
19;5;7;2;164.5581861839495;261.07753425955605;154.1359385361601;254.23763894443127
19;5;8;2;139.0422002980614;270.8195430928966;154.1359385361601;254.23763894443127
19;5;9;3;125.26602387230672;74.94424727651803;140.03739046580597;64.27435144839143
19;5;10;3;116.90001553599423;68.095088973281;140.03739046580597;64.27435144839143
19;5;11;3;147.40400195719943;39.56228849790724;140.03739046580597;64.27435144839143
19;5;12;4;125.9298268982922;419.7739175121655;154.53878503405835;396.4603920287661
19;5;13;4;131.31741092239542;373.67797081834664;154.53878503405835;396.4603920287661
19;5;14;4;173.97546484611408;382.903577167016;154.53878503405835;396.4603920287661
19;6;0;0;204.81143572350177;-61.2357428972383;187.00112724881495;-39.823466711582675
19;6;1;0;203.74567724162674;-8.63285504818011;187.00112724881495;-39.823466711582675
19;6;2;1;-126.98645809504495;182.349856836607;-111.0962707583108;180.6076177404187
19;6;3;1;-103.57739151303598;210.5121774780741;-111.0962707583108;180.6076177404187
19;6;4;1;-133.14726274475345;160.50615479463528;-111.0962707583108;180.6076177404187
19;6;5;1;-91.8524157838011;189.51202272514712;-111.0962707583108;180.6076177404187
19;6;6;2;96.96379756533838;217.09064113724097;119.17369575785801;234.8046366053417
19;6;7;2;135.35623326808312;249.5503488254569;119.17369575785801;234.8046366053417
19;6;8;2;109.87932447705474;244.17971111741312;119.17369575785801;234.8046366053417
19;6;9;3;87.81721159525543;56.31844911389983;109.12737773209363;38.88594636257052
19;6;10;3;84.36826453561206;46.42260803389302;109.12737773209363;38.88594636257052
19;6;11;3;108.78940641725495;21.652847355568092;109.12737773209363;38.88594636257052
19;6;12;4;93.77531143327779;421.1294134170174;115.72020882592366;406.11016618017715
19;6;13;4;107.10403533608238;384.511317196893;115.72020882592366;406.11016618017715
19;6;14;4;141.3643549976727;394.7324111760675;115.72020882592366;406.11016618017715
19;7;0;0;170.53153361520828;-76.2296010471942;151.29515172165316;-57.853533590375214
19;7;1;0;163.52304714494;-25.670227482030906;151.29515172165316;-57.853533590375214
19;7;2;1;-180.28153316595012;182.65424785079458;-150.9382046327307;177.05511085846203
19;7;3;1;-144.87643511935212;201.8819793643128;-150.9382046327307;177.05511085846203
19;7;4;1;-150.53369683200958;155.73287366818758;-150.9382046327307;177.05511085846203
19;7;5;1;-128.6939484965182;193.9112869749145;-150.9382046327307;177.05511085846203
19;7;6;2;77.03135940529567;192.4177236007431;84.21145297955593;215.37163426625213
19;7;7;2;117.9719731828167;217.23444238748098;84.21145297955593;215.37163426625213
19;7;8;2;70.30983990912902;229.02804735144937;84.21145297955593;215.37163426625213
19;7;9;3;68.21676904543433;32.1484067768671;78.2173649983813;13.497541276749613
19;7;10;3;49.64165206185609;17.92541704180867;78.2173649983813;13.497541276749613
19;7;11;3;94.11744378371884;-6.593589488662629;78.2173649983813;13.497541276749613
19;7;12;4;55.844421157988435;439.39796015372247;76.90163261778889;415.7599403315882
19;7;13;4;56.000314774479875;393.82232120925534;76.90163261778889;415.7599403315882
19;7;14;4;106.25764251347145;413.7840408566408;76.90163261778889;415.7599403315882
19;8;0;0;138.424221248042;-98.43155405314977;115.58917619449142;-75.8836004691677
19;8;1;0;136.3541431683561;-44.230230172045545;115.58917619449142;-75.8836004691677
19;8;2;1;-217.58366997665257;180.1037386075015;-190.7801385071506;173.50260397650536
19;8;3;1;-182.53114076961305;196.39007059324763;-190.7801385071506;173.50260397650536
19;8;4;1;-195.37105990429168;153.7103659139432;-190.7801385071506;173.50260397650536
19;8;5;1;-169.4537027936324;200.74631789688644;-190.7801385071506;173.50260397650536
19;8;6;2;22.60584343183717;180.8796600927744;49.24921020125381;195.93863192716256
19;8;7;2;67.2571434271243;201.61747373682346;49.24921020125381;195.93863192716256
19;8;8;2;38.40378138787216;220.98170598693247;49.24921020125381;195.93863192716256
19;8;9;3;13.184524711405;-1.505024639356975;47.30735226466892;-11.89086380907131
19;8;10;3;22.094998398747038;-9.228394265280471;47.30735226466892;-11.89086380907131
19;8;11;3;52.612168474616524;-40.231088335443566;47.30735226466892;-11.89086380907131
19;8;12;4;22.6345199246046;450.61729556961524;38.08305640965417;425.4097144829993
19;8;13;4;25.411172259605664;393.098313599481;38.08305640965417;425.4097144829993
19;8;14;4;67.81297258241497;416.28698808214483;38.08305640965417;425.4097144829993
19;9;0;0;106.15019284494824;-118.67750602853177;79.88320066732976;-93.91366734796017
19;9;1;0;92.84562154474898;-63.75426553481779;79.88320066732976;-93.91366734796017
19;9;2;1;-252.36407836428708;165.0847506198512;-230.62207238157052;169.95009709454868
19;9;3;1;-218.66387837304626;196.8372989432198;-230.62207238157052;169.95009709454868
19;9;4;1;-238.4451277633218;137.871491549932;-230.62207238157052;169.95009709454868
19;9;5;1;-206.43123045513553;183.15938338887696;-230.62207238157052;169.95009709454868
19;9;6;2;6.701869201820997;162.14058490045954;14.286967422951676;176.505629588073
19;9;7;2;31.541548579945953;190.82376912427588;14.286967422951676;176.505629588073
19;9;8;2;0.17933834346061195;191.177233528034;14.286967422951676;176.505629588073
19;9;9;3;-14.688751851186444;-13.76616701562944;16.397339530956515;-37.27926889489222
19;9;10;3;-20.626299234901207;-30.406630109838453;16.397339530956515;-37.27926889489222
19;9;11;3;25.809867131707037;-54.73597636336924;16.397339530956515;-37.27926889489222
19;9;12;4;-17.51274404835828;447.12419319523076;-0.7355197984805404;435.05948863441034
19;9;13;4;-16.53092685840211;413.0635837585762;-0.7355197984805404;435.05948863441034
19;9;14;4;23.91769918169226;429.4489866586184;-0.7355197984805404;435.05948863441034
19;10;0;0;77.204217186705;-138.15430319119653;44.177225140168105;-111.94373422675264
19;10;1;0;51.68699543297015;-77.79395184843116;44.177225140168105;-111.94373422675264
19;10;2;1;-295.96787848410924;165.0624720658265;-270.4640062559905;166.397590212592
19;10;3;1;-267.30038399945516;185.500582745667;-270.4640062559905;166.397590212592
19;10;4;1;-285.77988606055317;150.30924418274148;-270.4640062559905;166.397590212592
19;10;5;1;-251.8837977603738;193.85793098763793;-270.4640062559905;166.397590212592
19;10;6;2;-29.62077148978496;147.75375919044512;-20.67527535535045;157.07262724898342
19;10;7;2;-6.167034581916734;170.4349073674857;-20.67527535535045;157.07262724898342
19;10;8;2;-26.74882313493577;169.09630016466048;-20.67527535535045;157.07262724898342
19;10;9;3;-32.406327966034134;-50.811412551792635;-14.512673202755876;-62.667673980713126
19;10;10;3;-42.73008874620777;-57.14228781493391;-14.512673202755876;-62.667673980713126
19;10;11;3;-15.98242626467812;-87.03746998813457;-14.512673202755876;-62.667673980713126
19;10;12;4;-60.7844376506656;465.9076029207202;-39.55409600661525;444.7092627858214
19;10;13;4;-54.492813797599524;415.8546503905243;-39.55409600661525;444.7092627858214
19;10;14;4;-11.192633635726976;434.16387534213857;-39.55409600661525;444.7092627858214
19;11;0;0;25.26490371763871;-151.02076995415584;8.47124961300643;-129.9738011055451
19;11;1;0;21.799968838746857;-101.6915355906365;8.47124961300643;-129.9738011055451
19;11;2;1;-335.34017684684807;167.94098166525893;-310.3059401304107;162.84508333063533
19;11;3;1;-303.4240035874378;186.54246639951563;-310.3059401304107;162.84508333063533
19;11;4;1;-314.535422160355;136.6261705735053;-310.3059401304107;162.84508333063533
19;11;5;1;-301.1746434727661;180.8638059389887;-310.3059401304107;162.84508333063533
19;11;6;2;-63.52721226303928;121.54183758982562;-55.63751813365259;137.63962490989385
19;11;7;2;-19.689427329440953;150.42559064101314;-55.63751813365259;137.63962490989385
19;11;8;2;-67.26346845379013;155.6979639184973;-55.63751813365259;137.63962490989385
19;11;9;3;-67.34060001027349;-80.92084832917345;-45.42268593646828;-88.0560790665341
19;11;10;3;-59.37286655694095;-85.88770909305548;-45.42268593646828;-88.0560790665341
19;11;11;3;-38.68125623898915;-110.49355450402811;-45.42268593646828;-88.0560790665341
19;11;12;4;-103.73328621511457;475.9905588284648;-78.37267221474997;454.3590369372325
19;11;13;4;-96.36488659466688;428.35515703438256;-78.37267221474997;454.3590369372325
19;11;14;4;-45.097840813211334;446.6381207631976;-78.37267221474997;454.3590369372325
19;12;0;0;-0.0007893958344524776;-177.33023221098628;-27.234725914155252;-148.00386798433757
19;12;1;0;-17.508219408979038;-116.66305733341039;-27.234725914155252;-148.00386798433757
19;12;2;1;-377.8881524316997;168.85757940138927;-350.1478740048309;159.29257644867866
19;12;3;1;-338.99825543753013;187.41340728472113;-350.1478740048309;159.29257644867866
19;12;4;1;-356.3158341454972;138.96548271221891;-350.1478740048309;159.29257644867866
19;12;5;1;-329.7386488783414;176.6540112875376;-350.1478740048309;159.29257644867866
19;12;6;2;-110.99660307699746;106.78391530062656;-90.59976091195469;118.20662257080429
19;12;7;2;-74.40298648298382;131.73608625444166;-90.59976091195469;118.20662257080429
19;12;8;2;-101.84753048245311;137.45594586051095;-90.59976091195469;118.20662257080429
19;12;9;3;-97.455808766204;-105.27094370355532;-76.33269867018066;-113.44448415235507
19;12;10;3;-95.19410649683967;-109.05710777303865;-76.33269867018066;-113.44448415235507
19;12;11;3;-66.39730210966079;-142.30519655077873;-76.33269867018066;-113.44448415235507
19;12;12;4;-138.3888537295397;475.58102943208394;-117.19124842288474;464.00881108864354
19;12;13;4;-132.1956541527604;447.78931196770355;-117.19124842288474;464.00881108864354
19;12;14;4;-92.23867074207273;463.5781615889457;-117.19124842288474;464.00881108864354
19;13;0;0;-34.27115468024752;-200.6973182458901;-62.94070144131691;-166.03393486313004
19;13;1;0;-51.66608431428432;-141.93060651213688;-62.94070144131691;-166.03393486313004
19;13;2;1;-409.64244075105034;162.16499779627927;-389.9898078792511;155.74006956672198
19;13;3;1;-379.44890418030246;182.10512576089425;-389.9898078792511;155.74006956672198
19;13;4;1;-393.17080648766506;129.96317480527463;-389.9898078792511;155.74006956672198
19;13;5;1;-368.8169575117577;180.68750689066187;-389.9898078792511;155.74006956672198
19;13;6;2;-139.96613092641022;80.89521707558788;-125.56200369025677;98.77362023171472
19;13;7;2;-106.9588367692738;115.95926265460744;-125.56200369025677;98.77362023171472
19;13;8;2;-139.88384608094736;115.06916701060274;-125.56200369025677;98.77362023171472
19;13;9;3;-134.7918967477716;-122.82369618138483;-107.242711403893;-138.83288923817605
19;13;10;3;-133.17306908014504;-131.88026693417535;-107.242711403893;-138.83288923817605
19;13;11;3;-92.35067478901817;-168.26526576643286;-107.242711403893;-138.83288923817605
19;13;12;4;-177.79618289268655;488.5512217835824;-156.0098246310194;473.6585852400546
19;13;13;4;-170.49526807986274;449.0756771355283;-156.0098246310194;473.6585852400546
19;13;14;4;-125.31539595791816;463.48393305423883;-156.0098246310194;473.6585852400546
19;14;0;0;-77.34026030225867;-208.12016741740356;-98.64667696847857;-184.0640017419225
19;14;1;0;-79.30675373457805;-163.15480640334061;-98.64667696847857;-184.0640017419225
19;14;2;1;-449.61313842990813;157.013356366518;-429.8317417536713;152.1875626847653
19;14;3;1;-416.48583491386086;171.53843422698853;-429.8317417536713;152.1875626847653
19;14;4;1;-438.822144208146;130.65749204759578;-429.8317417536713;152.1875626847653
19;14;5;1;-406.7983516753007;166.75987489651123;-429.8317417536713;152.1875626847653
19;14;6;2;-172.67879012019017;71.33216798495538;-160.52424646855886;79.34061789262515
19;14;7;2;-140.76540314759447;79.91827221097422;-160.52424646855886;79.34061789262515
19;14;8;2;-181.82465486241833;94.08629552138662;-160.52424646855886;79.34061789262515
19;14;9;3;-160.86934989436972;-156.26136049547756;-138.15272413760533;-164.22129432399703
19;14;10;3;-162.2280516841988;-162.85718480839583;-138.15272413760533;-164.22129432399703
19;14;11;3;-131.3520366250308;-182.70475083206495;-138.15272413760533;-164.22129432399703
19;14;12;4;-220.13243019897266;489.18909140936677;-194.82840083915403;483.3083593914657
19;14;13;4;-213.0311953061427;458.76482504630604;-194.82840083915403;483.3083593914657
19;14;14;4;-160.57666391834744;475.95257751992654;-194.82840083915403;483.3083593914657
19;15;0;0;-111.95823797975613;-220.0302154641151;-134.35265249564026;-202.09406862071498
19;15;1;0;-110.24852006561564;-171.25870485843916;-134.35265249564026;-202.09406862071498
19;15;2;1;-499.4595631181054;147.23581572282185;-469.6736756280915;148.63505580280864
19;15;3;1;-467.46383204504906;171.96068228908868;-469.6736756280915;148.63505580280864
19;15;4;1;-475.54045882789984;120.5386360130237;-469.6736756280915;148.63505580280864
19;15;5;1;-451.6955729351044;175.57416102244602;-469.6736756280915;148.63505580280864
19;15;6;2;-205.8881858327907;42.12602140762046;-195.48648924686094;59.90761555353558
19;15;7;2;-185.29029736551337;72.86067459110119;-195.48648924686094;59.90761555353558
19;15;8;2;-209.65211286213736;72.42654612055948;-195.48648924686094;59.90761555353558
19;15;9;3;-182.45588572229153;-172.02383661188207;-169.06273687131767;-189.609699409818
19;15;10;3;-196.36334336460294;-189.51204748823534;-169.06273687131767;-189.609699409818
19;15;11;3;-161.954297890082;-214.01869567076466;-169.06273687131767;-189.609699409818
19;15;12;4;-256.18705267997717;518.1119936767608;-233.64697704728866;492.95813354287674
19;15;13;4;-250.78614266904881;476.75672340329675;-233.64697704728866;492.95813354287674
19;15;14;4;-208.65249507659263;489.79904916252;-233.64697704728866;492.95813354287674
19;16;0;0;-149.7224541379942;-247.95713789288124;-170.05862802280205;-220.12413549950745
19;16;1;0;-162.652381086772;-186.18594323448065;-170.05862802280205;-220.12413549950745
19;16;2;1;-533.4958093867425;151.73378069249864;-509.51560950251167;145.08254892085196
19;16;3;1;-504.16402934292404;169.00011610797867;-509.51560950251167;145.08254892085196
19;16;4;1;-520.5417951874701;116.87487061055425;-509.51560950251167;145.08254892085196
19;16;5;1;-499.8951301811553;165.96642729270783;-509.51560950251167;145.08254892085196
19;16;6;2;-246.1142445576952;25.79186325237443;-230.44873202516303;40.47461321444601
19;16;7;2;-213.92436061915066;46.487986696885244;-230.44873202516303;40.47461321444601
19;16;8;2;-250.41751385202835;59.13995072771154;-230.44873202516303;40.47461321444601
19;16;9;3;-218.3279085796563;-195.9326987549826;-199.97274960503;-214.99810449563898
19;16;10;3;-222.03284907449913;-201.59617716799383;-199.97274960503;-214.99810449563898
19;16;11;3;-183.7816197226996;-240.07961370597718;-199.97274960503;-214.99810449563898
19;16;12;4;-292.6751808133354;521.7484534772442;-272.4655532554234;502.6079076942878
19;16;13;4;-286.6916668547746;485.32705436418763;-272.4655532554234;502.6079076942878
19;16;14;4;-247.95426094852388;489.1896717920577;-272.4655532554234;502.6079076942878
19;17;0;0;-184.66068705271758;-264.96568469503774;-205.76460354996385;-238.1542023782999
19;17;1;0;-186.7017112223051;-206.11883182961628;-205.76460354996385;-238.1542023782999
19;17;2;1;-578.1278314948552;140.9250659437885;-549.3575433769319;141.5300420388953
19;17;3;1;-542.6485920505411;163.01795646362115;-549.3575433769319;141.5300420388953
19;17;4;1;-554.3011158905683;120.53290690408173;-549.3575433769319;141.5300420388953
19;17;5;1;-533.9933953150429;159.2710275216142;-549.3575433769319;141.5300420388953
19;17;6;2;-278.8797940380574;-1.8986471637632292;-265.41097480346514;21.04161087535644
19;17;7;2;-235.50929117710817;35.968118623077544;-265.41097480346514;21.04161087535644
19;17;8;2;-287.6148522986829;38.39685338758463;-265.41097480346514;21.04161087535644
19;17;9;3;-247.16462331303018;-223.09566612879604;-230.88276233874234;-240.38650958145996
19;17;10;3;-248.46304740915699;-230.32087297221454;-230.88276233874234;-240.38650958145996
19;17;11;3;-212.99055830976107;-260.63882874866215;-230.88276233874234;-240.38650958145996
19;17;12;4;-331.8209410788;535.322326511571;-311.2841294635583;512.2576818456988
19;17;13;4;-330.29542874264143;486.83029759994776;-311.2841294635583;512.2576818456988
19;17;14;4;-285.25832983205106;507.9526201786915;-311.2841294635583;512.2576818456988
19;18;0;0;-225.41805398828515;-281.6627820628101;-241.47057907712565;-256.1842692570924
19;18;1;0;-216.3339575057679;-224.87004892167533;-241.47057907712565;-256.1842692570924
19;18;2;1;-618.6481421173964;135.1693949674344;-589.199477251352;137.97753515693861
19;18;3;1;-579.6829531610531;158.21477550502033;-589.199477251352;137.97753515693861
19;18;4;1;-600.2255664623495;108.35372387786765;-589.199477251352;137.97753515693861
19;18;5;1;-566.6167051305423;157.1178401059564;-589.199477251352;137.97753515693861
19;18;6;2;-314.57600413603114;-10.391965889782004;-300.3732175817672;1.6086085362668703
19;18;7;2;-280.29552035507476;14.340152791913436;-300.3732175817672;1.6086085362668703
19;18;8;2;-320.0306685328515;10.713269376694258;-300.3732175817672;1.6086085362668703
19;18;9;3;-288.6706197510053;-247.71974055088845;-261.79277507245473;-265.77491466728094
19;18;10;3;-293.5656166920678;-260.1268830729903;-261.79277507245473;-265.77491466728094
19;18;11;3;-247.32715476235072;-296.43447564158254;-261.79277507245473;-265.77491466728094
19;18;12;4;-373.54754560697387;543.1814772721767;-350.10270567169323;521.9074559971099
19;18;13;4;-370.2179304387658;496.0901140306047;-350.10270567169323;521.9074559971099
19;18;14;4;-315.55917275603684;524.5712515250004;-350.10270567169323;521.9074559971099
19;19;0;0;-258.9739558878435;-304.14316231756396;-277.1765546042873;-274.2143361358849
19;19;1;0;-264.515565802164;-241.94833336002839;-277.1765546042873;-274.2143361358849
19;19;2;1;-652.3978255981117;140.26802023672616;-629.0414111257722;134.42502827498194
19;19;3;1;-622.7518925691551;152.83538447442254;-629.0414111257722;134.42502827498194
19;19;4;1;-636.5154601814243;109.8631297666636;-629.0414111257722;134.42502827498194
19;19;5;1;-611.71986837145;149.40210476630486;-629.0414111257722;134.42502827498194
19;19;6;2;-346.2848951237985;-32.44069444205437;-335.3354603600693;-17.8243938028227
19;19;7;2;-320.89170292432004;-4.392995546757587;-335.3354603600693;-17.8243938028227
19;19;8;2;-352.7668235158745;-0.8275332316403254;-335.3354603600693;-17.8243938028227
19;19;9;3;-312.2229891002343;-278.6366343096817;-292.70278780616735;-291.1633197531019
19;19;10;3;-325.5237321970321;-296.6159605943092;-292.70278780616735;-291.1633197531019
19;19;11;3;-271.73207353581586;-312.48053440883945;-292.70278780616735;-291.1633197531019
19;19;12;4;-412.3630916880451;546.7270149611177;-388.92128187982814;531.557230148521
19;19;13;4;-409.9003002628865;500.79075117171794;-388.92128187982814;531.557230148521
19;19;14;4;-356.2064006657974;522.2146228445084;-388.92128187982814;531.557230148521